<?xml version="1.0" encoding="UTF-8"?>
<databaseChangeLog logicalFilePath="doesntmatter" xmlns="http://www.liquibase.org/xml/ns/dbchangelog" xmlns:xsi="http://www.w3.org/2001/XMLSchema-instance" xsi:schemaLocation="http://www.liquibase.org/xml/ns/dbchangelog                       http://www.liquibase.org/xml/ns/dbchangelog/dbchangelog-3.1.xsd">
    <changeSet author="bagjo04" id="add-deployment-type-column">
        <addColumn tableName="TENANT_GATEWAY">
            <column name="DEPLOYMENT_TYPE" type="java.sql.Types.VARCHAR(80)" defaultValue="AUTOMATIC">
                <constraints nullable="false"/>
            </column>
        </addColumn>
    </changeSet>
    <changeSet author="bagjo04" id="migrate-auto-deploy-to-deployment-type" dbms="mysql">
        <sql>
            UPDATE TENANT_GATEWAY SET DEPLOYMENT_TYPE = 'AUTOMATIC' WHERE AUTO_DEPLOY = 1;
        </sql>
        <sql>
            UPDATE TENANT_GATEWAY SET DEPLOYMENT_TYPE = 'ON_DEMAND' WHERE AUTO_DEPLOY = 0;
        </sql>
        <rollback/>
    </changeSet>
    <changeSet author="bagjo04" id="migrate-auto-deploy-to-deployment-type-postgresql" dbms="postgresql">
        <sql>
            UPDATE TENANT_GATEWAY SET DEPLOYMENT_TYPE = 'AUTOMATIC' WHERE AUTO_DEPLOY = true;
        </sql>
        <sql>
            UPDATE TENANT_GATEWAY SET DEPLOYMENT_TYPE = 'ON_DEMAND' WHERE AUTO_DEPLOY = false;
        </sql>
        <rollback/>
    </changeSet>
</databaseChangeLog>
