<?xml version="1.0" encoding="UTF-8"?>
<databaseChangeLog
        xmlns="http://www.liquibase.org/xml/ns/dbchangelog"
        xmlns:xsi="http://www.w3.org/2001/XMLSchema-instance"
        xsi:schemaLocation="http://www.liquibase.org/xml/ns/dbchangelog
                      http://www.liquibase.org/xml/ns/dbchangelog/dbchangelog-3.1.xsd"
        logicalFilePath="doesntmatter">

  <changeSet author="ilya" id="portaldb-2_1-sprint04-DDL1">
    <addColumn tableName="TENANT_INFO">
      <column name="ANALYTICS_EXT_ENABLED" type="tinyint(1)" defaultValue="0">
        <constraints nullable="false"/>
      </column>
    </addColumn>
      <addColumn tableName="TENANT_INFO">
      <column name="ANALYTICS_EXT_PROJECT_ID" type="varchar(255)" defaultValue="null">
        <constraints nullable="true"/>
      </column>
    </addColumn>
    <rollback>
      <dropColumn columnName="ANALYTICS_EXT_ENABLED" tableName="TENANT_INFO"/>
      <dropColumn columnName="ANALYTICS_EXT_PROJECT_ID" tableName="TENANT_INFO"/>
    </rollback>
  </changeSet>

</databaseChangeLog>

