<?xml version="1.0" encoding="UTF-8"?>
<databaseChangeLog
        xmlns="http://www.liquibase.org/xml/ns/dbchangelog"
        xmlns:xsi="http://www.w3.org/2001/XMLSchema-instance"
        xsi:schemaLocation="http://www.liquibase.org/xml/ns/dbchangelog
                      http://www.liquibase.org/xml/ns/dbchangelog/dbchangelog-3.1.xsd"
        logicalFilePath="doesntmatter">
    <!-- remove the old FK and PK -->
    <changeSet id="remove-UK_USER_USERNAME" author="dieke02" failOnError="false">
        <dropUniqueConstraint tableName="USER" constraintName="UK_USER_USERNAME"/>
        <rollback>
            <addUniqueConstraint  columnNames="TENANT_ID, USERNAME" constraintName="UK_USER_USERNAME" deferrable="false" disabled="false" initiallyDeferred="false" tableName="USER"/>
        </rollback>
    </changeSet>
    <changeSet id="remove-FK_ORGANIZATION_UUID_FROM_USER" author="dieke02" failOnError="false">
        <dropForeignKeyConstraint baseTableName="USER" constraintName="FK_ORGANIZATION_UUID_FROM_USER"/>
        <rollback>
            <addForeignKeyConstraint  baseColumnNames="TENANT_ID, ORGANIZATION_UUID" baseTableName="USER" constraintName="FK_ORGANIZATION_UUID_FROM_USER" deferrable="false" initiallyDeferred="false" onDelete="NO ACTION" onUpdate="NO ACTION" referencedColumnNames="TENANT_ID, UUID" referencedTableName="ORGANIZATION"/>
        </rollback>
    </changeSet>
    <changeSet id="remove-FK_USER_ORG_ROLE_USER_UUID" author="dieke02" failOnError="false">
        <dropForeignKeyConstraint baseTableName="USER_ORG_ROLE" constraintName="FK_USER_ORG_ROLE_USER_UUID"/>
        <rollback>
            <addForeignKeyConstraint  baseColumnNames="TENANT_ID, USER_UUID" baseTableName="USER_ORG_ROLE" constraintName="FK_USER_ORG_ROLE_USER_UUID" deferrable="false" initiallyDeferred="false" onDelete="CASCADE" onUpdate="NO ACTION" referencedColumnNames="TENANT_ID, UUID" referencedTableName="USER"/>
        </rollback>
    </changeSet>
    <changeSet id="remove-FK_USER_UUID_FROM_PASSWORD_RESET_TOKEN" author="dieke02" failOnError="false">
        <dropForeignKeyConstraint baseTableName="PASSWORD_RESET_TOKEN" constraintName="FK_USER_UUID_FROM_PASSWORD_RESET_TOKEN"/>
        <rollback>
            <addForeignKeyConstraint  baseColumnNames="TENANT_ID, USER_UUID" baseTableName="PASSWORD_RESET_TOKEN" constraintName="FK_USER_UUID_FROM_PASSWORD_RESET_TOKEN" deferrable="false" initiallyDeferred="false" onDelete="CASCADE" onUpdate="NO ACTION" referencedColumnNames="TENANT_ID, UUID" referencedTableName="USER"/>
        </rollback>
    </changeSet>
    <changeSet id="remove-FK_USER_UUID_FROM_USER_REGISTRATION_TOKEN" author="dieke02" failOnError="false">
        <dropForeignKeyConstraint baseTableName="USER_REGISTRATION_TOKEN" constraintName="FK_USER_UUID_FROM_USER_REGISTRATION_TOKEN"/>
        <rollback>
            <addForeignKeyConstraint  baseColumnNames="TENANT_ID, USER_UUID" baseTableName="USER_REGISTRATION_TOKEN" constraintName="FK_USER_UUID_FROM_USER_REGISTRATION_TOKEN" deferrable="false" initiallyDeferred="false" onDelete="CASCADE" onUpdate="NO ACTION" referencedColumnNames="TENANT_ID, UUID" referencedTableName="USER"/>
        </rollback>
    </changeSet>
    <changeSet id="remove-USER_ROLE_XREF_ibfk_1" author="dieke02" failOnError="false">
        <dropForeignKeyConstraint baseTableName="USER_ROLE_XREF" constraintName="USER_ROLE_XREF_ibfk_1"/>
        <rollback>
            <addForeignKeyConstraint  baseColumnNames="TENANT_ID, USER_UUID" baseTableName="USER_ROLE_XREF" constraintName="USER_ROLE_XREF_ibfk_1" deferrable="false" initiallyDeferred="false" onDelete="NO ACTION" onUpdate="NO ACTION" referencedColumnNames="TENANT_ID, UUID" referencedTableName="USER"/>
        </rollback>
    </changeSet>
    <changeSet id="create-user-info-table" author="dieke02">
        <!-- USER_INFO is a duplicate of USER table -->
        <validCheckSum>7:388a590595c75462b68868c8bc8481c2</validCheckSum>
        <createTable tableName="USER_INFO">
            <column name="UUID" type="java.sql.Types.VARCHAR(36)">
                <constraints nullable="false"/>
            </column>
            <column name="USERNAME" type="java.sql.Types.VARCHAR(100)">
                <constraints nullable="false"/>
            </column>
            <column name="PASSWORD_SALT" type="java.sql.Types.VARCHAR(36)">
                <constraints nullable="false"/>
            </column>
            <column name="PASSWORD_HASH" type="java.sql.Types.VARCHAR(88)">
                <constraints nullable="false"/>
            </column>
            <column name="LAST_NAME" type="java.sql.Types.VARCHAR(255)">
                <constraints nullable="false"/>
            </column>
            <column name="FIRST_NAME" type="java.sql.Types.VARCHAR(255)">
                <constraints nullable="false"/>
            </column>
            <column name="EMAIL" type="java.sql.Types.VARCHAR(255)">
                <constraints nullable="false"/>
            </column>
            <column name="LOCALE" type="VARCHAR(5)">
                <constraints nullable="false"/>
            </column>
            <column name="ORGANIZATION_UUID" type="java.sql.Types.VARCHAR(36)"/>
            <column name="STATUS" type="java.sql.Types.VARCHAR(50)">
                <constraints nullable="false"/>
            </column>
            <column name="CREATE_TS" type="BIGINT">
                <constraints nullable="false"/>
            </column>
            <column name="MODIFY_TS" type="BIGINT">
                <constraints nullable="false"/>
            </column>
            <column name="CREATED_BY" type="java.sql.Types.VARCHAR(100)"/>
            <column name="MODIFIED_BY" type="java.sql.Types.VARCHAR(100)"/>
            <column name="LOCK_TS" type="BIGINT"/>
            <column defaultValueNumeric="0" name="INVALID_LOGIN_ATTEMPT" type="INTEGER"/>
            <column name="BUSINESS_REPORTS_OBJECT_ID" type="java.sql.Types.VARCHAR(255)"/>
            <column defaultValue="" name="TENANT_ID" type="java.sql.Types.VARCHAR(255)">
                <constraints nullable="false"/>
            </column>
            <column defaultValue="PSSG_CREATED" name="AUTH_CONFIG_UUID" type="java.sql.Types.VARCHAR(255)"/>
        </createTable>
        <addPrimaryKey columnNames="TENANT_ID, UUID" constraintName="PRIMARY_USER_INFO" tableName="USER_INFO"/>
        <addUniqueConstraint  columnNames="TENANT_ID, USERNAME, AUTH_CONFIG_UUID" constraintName="UK_USERINFO_USERNAME_AUTH_CONFIG_UUID" deferrable="false" disabled="false" initiallyDeferred="false" tableName="USER_INFO"/>
    </changeSet>
    <!-- only copy data when we are on mysql -->
    <changeSet id="copy-user-to-userinfo" author="dieke02" dbms="mysql">
        <sql>
            <![CDATA[
            INSERT INTO USER_INFO (UUID, USERNAME, PASSWORD_SALT, PASSWORD_HASH, LAST_NAME, FIRST_NAME, EMAIL, LOCALE, ORGANIZATION_UUID, STATUS, CREATE_TS, MODIFY_TS, CREATED_BY, MODIFIED_BY, LOCK_TS, BUSINESS_REPORTS_OBJECT_ID, TENANT_ID)
            SELECT UUID, USERNAME, PASSWORD_SALT, PASSWORD_HASH, LAST_NAME, FIRST_NAME, EMAIL, LOCALE, ORGANIZATION_UUID, STATUS, CREATE_TS, MODIFY_TS, CREATED_BY, MODIFIED_BY, LOCK_TS, BUSINESS_REPORTS_OBJECT_ID, TENANT_ID
            FROM USER;
        ]]>
        </sql>
    </changeSet>
    <changeSet id="update-auth-config-uuid" author="dieke02" dbms="mysql">
        <preConditions onFail="MARK_RAN">
            <columnExists tableName="USER" columnName="AUTH_CONFIG_UUID"/>
        </preConditions>
        <sql>
            <![CDATA[
            UPDATE USER_INFO INNER JOIN USER ON USER_INFO.UUID = USER.UUID SET USER_INFO.AUTH_CONFIG_UUID = USER.AUTH_CONFIG_UUID WHERE USER.UUID = USER_INFO.UUID;
            ]]>
        </sql>
    </changeSet>
    <changeSet id="recreate-foreign-keys" author="dieke02">
        <validCheckSum>7:1c5af5a3cf9f8859df747ed5f7edc185</validCheckSum>
        <addForeignKeyConstraint  baseColumnNames="TENANT_ID, USER_UUID" baseTableName="USER_ORG_ROLE" constraintName="FK_USER_INFO_ORG_ROLE_USER_UUID" deferrable="false" initiallyDeferred="false" onDelete="CASCADE" onUpdate="NO ACTION" referencedColumnNames="TENANT_ID, UUID" referencedTableName="USER_INFO"/>
        <addForeignKeyConstraint  baseColumnNames="TENANT_ID, USER_UUID" baseTableName="PASSWORD_RESET_TOKEN" constraintName="FK_USER_INFO_UUID_FROM_PASSWORD_RESET_TOKEN" deferrable="false" initiallyDeferred="false" onDelete="CASCADE" onUpdate="NO ACTION" referencedColumnNames="TENANT_ID, UUID" referencedTableName="USER_INFO"/>
        <addForeignKeyConstraint  baseColumnNames="TENANT_ID, USER_UUID" baseTableName="USER_REGISTRATION_TOKEN" constraintName="FK_USER_INFO_UUID_FROM_USER_REGISTRATION_TOKEN" deferrable="false" initiallyDeferred="false" onDelete="CASCADE" onUpdate="NO ACTION" referencedColumnNames="TENANT_ID, UUID" referencedTableName="USER_INFO"/>
        <addForeignKeyConstraint  baseColumnNames="TENANT_ID, USER_UUID" baseTableName="USER_ROLE_XREF" constraintName="FK_USERINFO_ROLE_XREF" deferrable="false" initiallyDeferred="false" onDelete="NO ACTION" onUpdate="NO ACTION" referencedColumnNames="TENANT_ID, UUID" referencedTableName="USER_INFO"/>
    </changeSet>
    <changeSet id="remove-FK_ORGANIZATION_UUID_FROM_USER_INFO" author="dieke02" failOnError="false">
        <preConditions onFail="MARK_RAN">
            <foreignKeyConstraintExists foreignKeyName="FK_ORGANIZATION_UUID_FROM_USER_INFO" foreignKeyTableName="USER_INFO"/>
        </preConditions>
        <dropForeignKeyConstraint baseTableName="USER_INFO" constraintName="FK_ORGANIZATION_UUID_FROM_USER_INFO"/>
    </changeSet>
    <changeSet id="recreate-views-against-userinfo" author="dieke02">
        <createView replaceIfExists="true" viewName="REGISTRATION_REQUEST_VIEW">
            SELECT REQUEST.TENANT_ID AS TENANT_ID,
            REQUEST.UUID AS UUID,
            USER_INFO.EMAIL AS EMAIL,
            REQUEST.CREATE_TS AS CREATE_TS,
            ORGANIZATION.NAME AS ORGANIZATION_NAME,
            ORGANIZATION.DESCRIPTION AS ORGANIZATION_DESCRIPTION,
            ACCOUNT_PLAN.NAME AS ACCOUNT_PLAN_NAME
            FROM (((REQUEST
            LEFT JOIN USER_INFO on(((REQUEST.TENANT_ID = USER_INFO.TENANT_ID)
            AND (REQUEST.ENTITY_UUID = USER_INFO.UUID))))
            LEFT JOIN ORGANIZATION on(((USER_INFO.TENANT_ID = ORGANIZATION.TENANT_ID)
            AND (USER_INFO.ORGANIZATION_UUID = ORGANIZATION.UUID))))
            LEFT JOIN ACCOUNT_PLAN on(((ORGANIZATION.TENANT_ID = ACCOUNT_PLAN.TENANT_ID)
            AND (ORGANIZATION.ACCOUNT_PLAN_UUID = ACCOUNT_PLAN.UUID))))
        </createView>
        <createView replaceIfExists="true" viewName="USER_VIEW">
            SELECT USER_INFO.TENANT_ID AS TENANT_ID,
            USER_INFO.UUID AS UUID,
            USER_INFO.USERNAME AS USERNAME,
            USER_INFO.PASSWORD_SALT AS PASSWORD_SALT,
            USER_INFO.PASSWORD_HASH AS PASSWORD_HASH,
            USER_INFO.LAST_NAME AS LAST_NAME,
            USER_INFO.FIRST_NAME AS FIRST_NAME,
            USER_INFO.EMAIL AS EMAIL,
            USER_INFO.LOCALE AS LOCALE,
            USER_INFO.ORGANIZATION_UUID AS ORGANIZATION_UUID,
            USER_INFO.STATUS AS STATUS,
            USER_INFO.CREATE_TS AS CREATE_TS,
            USER_INFO.MODIFY_TS AS MODIFY_TS,
            USER_INFO.CREATED_BY AS CREATED_BY,
            USER_INFO.MODIFIED_BY AS MODIFIED_BY,
            ORGANIZATION.NAME AS ORGANIZATION_NAME,
            concat(USER_INFO.LAST_NAME,', ',USER_INFO.FIRST_NAME) AS FULL_NAME,
            concat(USER_INFO.FIRST_NAME,' ',USER_INFO.LAST_NAME) AS FULL_NAME_ALT,
            USER_ROLE.UUID AS ROLE_UUID,
            USER_ROLE.NAME AS ROLE_NAME,
            USER_ROLE.DESCRIPTION AS ROLE_DESCRIPTION,
            USER_ROLE.TYPE AS ROLE_TYPE
            FROM (((USER_INFO
            LEFT JOIN USER_ROLE_XREF on(((USER_INFO.TENANT_ID = USER_ROLE_XREF.TENANT_ID)
            AND (USER_INFO.UUID = USER_ROLE_XREF.USER_UUID))))
            LEFT JOIN USER_ROLE on(((USER_ROLE.TENANT_ID = USER_ROLE_XREF.TENANT_ID)
            AND (USER_ROLE.UUID = USER_ROLE_XREF.ROLE_UUID))))
            LEFT JOIN ORGANIZATION on(((USER_INFO.TENANT_ID = ORGANIZATION.TENANT_ID)
            AND (USER_INFO.ORGANIZATION_UUID = ORGANIZATION.UUID))))
            WHERE ((USER_ROLE.ACTIVE IS TRUE)
            AND (not(USER_INFO.UUID IN
            (SELECT USER_ROLE_XREF.USER_UUID AS UUID
            FROM USER_ROLE_XREF
            JOIN USER_ROLE ON USER_ROLE_XREF.ROLE_UUID = USER_ROLE.UUID
            WHERE (USER_ROLE.ACTIVE IS FALSE)))))
        </createView>
        <createView replaceIfExists="true" viewName="ORGANIZATION_VIEW">
            SELECT ORGANIZATION.TENANT_ID AS TENANT_ID,
            ORGANIZATION.UUID AS UUID,
            ORGANIZATION.NAME AS NAME,
            ORGANIZATION.DESCRIPTION AS DESCRIPTION,
            ORGANIZATION.STATUS AS STATUS,
            ORGANIZATION.ACCOUNT_PLAN_UUID AS ACCOUNT_PLAN_UUID,
            ORGANIZATION.CREATE_TS AS CREATE_TS,
            ORGANIZATION.MODIFY_TS AS MODIFY_TS,
            ORGANIZATION.CREATED_BY AS CREATED_BY,
            ORGANIZATION.MODIFIED_BY AS MODIFIED_BY,
            ACCOUNT_PLAN.NAME AS ACCOUNT_PLAN_NAME,
            count(distinct USER_INFO.UUID) AS USER_USAGE,
            count(distinct APPLICATION.UUID) AS APPLICATION_USAGE,
            count(distinct ACCOUNT_PLAN_API_XREF.API_UUID) AS PRIVATE_API_USAGE,
            count(distinct APP_API_PRIVATE.UUID) AS PRIVATE_APP_USAGE
            FROM (((((((ORGANIZATION
            LEFT JOIN ACCOUNT_PLAN on(((ORGANIZATION.TENANT_ID = ACCOUNT_PLAN.TENANT_ID)
            AND (ORGANIZATION.ACCOUNT_PLAN_UUID = ACCOUNT_PLAN.UUID))))
            LEFT JOIN ACCOUNT_PLAN_API_XREF on(((ACCOUNT_PLAN.TENANT_ID = ACCOUNT_PLAN_API_XREF.TENANT_ID)
            AND (ACCOUNT_PLAN.UUID = ACCOUNT_PLAN_API_XREF.ACCOUNT_PLAN_UUID))))
            LEFT JOIN USER_INFO on(((ORGANIZATION.TENANT_ID = USER_INFO.TENANT_ID)
            AND (ORGANIZATION.UUID = USER_INFO.ORGANIZATION_UUID))))
            LEFT JOIN APPLICATION on(((ORGANIZATION.TENANT_ID = APPLICATION.TENANT_ID)
            AND (ORGANIZATION.UUID = APPLICATION.ORGANIZATION_UUID))))
            LEFT JOIN APPLICATION APP_PRIVATE on(((ORGANIZATION.TENANT_ID = APP_PRIVATE.TENANT_ID)
            AND (ORGANIZATION.UUID = APP_PRIVATE.ORGANIZATION_UUID))))
            LEFT JOIN APPLICATION_API_XREF on(((APP_PRIVATE.TENANT_ID = APPLICATION_API_XREF.TENANT_ID)
            AND (APP_PRIVATE.UUID = APPLICATION_API_XREF.APPLICATION_UUID))))
            LEFT JOIN API APP_API_PRIVATE on(((APP_API_PRIVATE.TENANT_ID = APPLICATION_API_XREF.TENANT_ID)
            AND (APP_API_PRIVATE.UUID = APPLICATION_API_XREF.API_UUID)
            AND (APP_API_PRIVATE.ACCESS_STATUS = 'PRIVATE'))))
            GROUP BY  ORGANIZATION.TENANT_ID,ORGANIZATION.UUID,ACCOUNT_PLAN.NAME
        </createView>
        <rollback>
            <!-- rollback all views only need to do this for MYSQL -->
            <createView replaceIfExists="true" viewName="REGISTRATION_REQUEST_VIEW">
                SELECT REQUEST.TENANT_ID AS TENANT_ID,
                REQUEST.UUID AS UUID,
                USER.EMAIL AS EMAIL,
                REQUEST.CREATE_TS AS CREATE_TS,
                ORGANIZATION.NAME AS ORGANIZATION_NAME,
                ORGANIZATION.DESCRIPTION AS ORGANIZATION_DESCRIPTION,
                ACCOUNT_PLAN.NAME AS ACCOUNT_PLAN_NAME
                FROM (((REQUEST
                LEFT JOIN USER on(((REQUEST.TENANT_ID = USER.TENANT_ID)
                AND (REQUEST.ENTITY_UUID = USER.UUID))))
                LEFT JOIN ORGANIZATION on(((USER.TENANT_ID = ORGANIZATION.TENANT_ID)
                AND (USER.ORGANIZATION_UUID = ORGANIZATION.UUID))))
                LEFT JOIN ACCOUNT_PLAN on(((ORGANIZATION.TENANT_ID = ACCOUNT_PLAN.TENANT_ID)
                AND (ORGANIZATION.ACCOUNT_PLAN_UUID = ACCOUNT_PLAN.UUID))))
            </createView>
            <createView replaceIfExists="true" viewName="USER_VIEW">
                SELECT USER_INFO.TENANT_ID AS TENANT_ID,
                USER_INFO.UUID AS UUID,
                USER_INFO.USERNAME AS USERNAME,
                USER_INFO.PASSWORD_SALT AS PASSWORD_SALT,
                USER_INFO.PASSWORD_HASH AS PASSWORD_HASH,
                USER_INFO.LAST_NAME AS LAST_NAME,
                USER_INFO.FIRST_NAME AS FIRST_NAME,
                USER_INFO.EMAIL AS EMAIL,
                USER_INFO.LOCALE AS LOCALE,
                USER_INFO.ORGANIZATION_UUID AS ORGANIZATION_UUID,
                USER_INFO.STATUS AS STATUS,
                USER_INFO.CREATE_TS AS CREATE_TS,
                USER_INFO.MODIFY_TS AS MODIFY_TS,
                USER_INFO.CREATED_BY AS CREATED_BY,
                USER_INFO.MODIFIED_BY AS MODIFIED_BY,
                ORGANIZATION.NAME AS ORGANIZATION_NAME,
                concat(USER_INFO.LAST_NAME,', ',USER_INFO.FIRST_NAME) AS FULL_NAME,
                concat(USER_INFO.FIRST_NAME,' ',USER_INFO.LAST_NAME) AS FULL_NAME_ALT,
                USER_ROLE.UUID AS ROLE_UUID,
                USER_ROLE.NAME AS ROLE_NAME,
                USER_ROLE.DESCRIPTION AS ROLE_DESCRIPTION,
                USER_ROLE.TYPE AS ROLE_TYPE
                FROM (((USER_INFO
                LEFT JOIN USER_ROLE_XREF on(((USER_INFO.TENANT_ID = USER_ROLE_XREF.TENANT_ID)
                AND (USER_INFO.UUID = USER_ROLE_XREF.USER_UUID))))
                LEFT JOIN USER_ROLE on(((USER_ROLE.TENANT_ID = USER_ROLE_XREF.TENANT_ID)
                AND (USER_ROLE.UUID = USER_ROLE_XREF.ROLE_UUID))))
                LEFT JOIN ORGANIZATION on(((USER_INFO.TENANT_ID = ORGANIZATION.TENANT_ID)
                AND (USER_INFO.ORGANIZATION_UUID = ORGANIZATION.UUID))))
                WHERE ((USER_ROLE.ACTIVE IS TRUE)
                AND (not(USER_INFO.UUID IN
                (SELECT USER_ROLE_XREF.USER_UUID AS UUID
                FROM USER_ROLE_XREF
                JOIN USER_ROLE ON USER_ROLE_XREF.ROLE_UUID = USER_ROLE.UUID
                WHERE (USER_ROLE.ACTIVE IS FALSE)))))
            </createView>
            <createView replaceIfExists="true" viewName="ORGANIZATION_VIEW">
                SELECT ORGANIZATION.TENANT_ID AS TENANT_ID,
                ORGANIZATION.UUID AS UUID,
                ORGANIZATION.NAME AS NAME,
                ORGANIZATION.DESCRIPTION AS DESCRIPTION,
                ORGANIZATION.STATUS AS STATUS,
                ORGANIZATION.ACCOUNT_PLAN_UUID AS ACCOUNT_PLAN_UUID,
                ORGANIZATION.CREATE_TS AS CREATE_TS,
                ORGANIZATION.MODIFY_TS AS MODIFY_TS,
                ORGANIZATION.CREATED_BY AS CREATED_BY,
                ORGANIZATION.MODIFIED_BY AS MODIFIED_BY,
                ACCOUNT_PLAN.NAME AS ACCOUNT_PLAN_NAME,
                count(distinct USER.UUID) AS USER_USAGE,
                count(distinct APPLICATION.UUID) AS APPLICATION_USAGE,
                count(distinct ACCOUNT_PLAN_API_XREF.API_UUID) AS PRIVATE_API_USAGE,
                count(distinct APP_API_PRIVATE.UUID) AS PRIVATE_APP_USAGE
                FROM (((((((ORGANIZATION
                LEFT JOIN ACCOUNT_PLAN on(((ORGANIZATION.TENANT_ID = ACCOUNT_PLAN.TENANT_ID)
                AND (ORGANIZATION.ACCOUNT_PLAN_UUID = ACCOUNT_PLAN.UUID))))
                LEFT JOIN ACCOUNT_PLAN_API_XREF on(((ACCOUNT_PLAN.TENANT_ID = ACCOUNT_PLAN_API_XREF.TENANT_ID)
                AND (ACCOUNT_PLAN.UUID = ACCOUNT_PLAN_API_XREF.ACCOUNT_PLAN_UUID))))
                LEFT JOIN USER on(((ORGANIZATION.TENANT_ID = USER.TENANT_ID)
                AND (ORGANIZATION.UUID = USER.ORGANIZATION_UUID))))
                LEFT JOIN APPLICATION on(((ORGANIZATION.TENANT_ID = APPLICATION.TENANT_ID)
                AND (ORGANIZATION.UUID = APPLICATION.ORGANIZATION_UUID))))
                LEFT JOIN APPLICATION APP_PRIVATE on(((ORGANIZATION.TENANT_ID = APP_PRIVATE.TENANT_ID)
                AND (ORGANIZATION.UUID = APP_PRIVATE.ORGANIZATION_UUID))))
                LEFT JOIN APPLICATION_API_XREF on(((APP_PRIVATE.TENANT_ID = APPLICATION_API_XREF.TENANT_ID)
                AND (APP_PRIVATE.UUID = APPLICATION_API_XREF.APPLICATION_UUID))))
                LEFT JOIN API APP_API_PRIVATE on(((APP_API_PRIVATE.TENANT_ID = APPLICATION_API_XREF.TENANT_ID)
                AND (APP_API_PRIVATE.UUID = APPLICATION_API_XREF.API_UUID)
                AND (APP_API_PRIVATE.ACCESS_STATUS = 'PRIVATE'))))
                GROUP BY  ORGANIZATION.TENANT_ID,ORGANIZATION.UUID,ACCOUNT_PLAN.NAME
            </createView>
        </rollback>
    </changeSet>
    <changeSet author="dieke02" id="token-table-pk-change">
        <preConditions onFail="MARK_RAN">
            <columnExists schemaName="" tableName="TOKEN" columnName="ID" />
        </preConditions>
        <comment>The ID column is an autoincrement id that is never used nor portable, changing the PK to the token</comment>
        <dropColumn columnName="ID" tableName="TOKEN"/>
        <addPrimaryKey columnNames="TOKEN"
                       constraintName="PK_TOKEN"
                       tableName="TOKEN"/>
    </changeSet>
    <changeSet author="dieke02" id="token-table-remove-idx">
        <preConditions onFail="MARK_RAN">
            <indexExists schemaName="" indexName="IDX_TOKEN" />
        </preConditions>
        <dropIndex indexName="IDX_TOKEN" tableName="TOKEN"/>
    </changeSet>
</databaseChangeLog>