<?xml version="1.0" encoding="UTF-8" standalone="no"?>
<databaseChangeLog logicalFilePath="doesntmatter" xmlns="http://www.liquibase.org/xml/ns/dbchangelog" xmlns:ext="http://www.liquibase.org/xml/ns/dbchangelog-ext" xmlns:xsi="http://www.w3.org/2001/XMLSchema-instance" xsi:schemaLocation="http://www.liquibase.org/xml/ns/dbchangelog-ext http://www.liquibase.org/xml/ns/dbchangelog/dbchangelog-ext.xsd http://www.liquibase.org/xml/ns/dbchangelog http://www.liquibase.org/xml/ns/dbchangelog/dbchangelog-3.2.xsd">
    <changeSet author="Vincenzo Melandri" id="baseline-data-1">
        <insert tableName="oauth_client">
            <column name="client_ident" value="123456800-otk"/>
            <column name="name" value="OpenID Connect Basic Client Profile"/>
            <column name="type" value="confidential"/>
            <column name="description" value="Test for OpenID Connect BCP"/>
            <column name="organization" value="Layer7 Technologies Inc."/>
            <column name="registered_by" value="admin"/>
            <column name="created" valueNumeric="0"/>
        </insert>
        <insert tableName="oauth_client">
            <column name="client_ident" value="123456801-otk"/>
            <column name="name" value="OpenID Connect Implicit Client Profile"/>
            <column name="type" value="public"/>
            <column name="description" value="Test for OpenID Connect ICP"/>
            <column name="organization" value="Layer7 Technologies Inc."/>
            <column name="registered_by" value="admin"/>
            <column name="created" valueNumeric="0"/>
        </insert>
        <insert tableName="oauth_client">
            <column name="client_ident" value="TestClient1.0"/>
            <column name="name" value="OAuth1Client"/>
            <column name="type" value="oob"/>
            <column name="description" value="OAuth 1.0 test client hosted on the ssg"/>
            <column name="organization" value="Layer7 Technologies Inc."/>
            <column name="registered_by" value="admin"/>
            <column name="created" valueNumeric="0"/>
        </insert>
        <insert tableName="oauth_client">
            <column name="client_ident" value="TestClient2.0"/>
            <column name="name" value="OAuth2Client"/>
            <column name="type" value="confidential"/>
            <column name="description" value="OAuth 2.0 test client hosted on the ssg"/>
            <column name="organization" value="Layer7 Technologies Inc."/>
            <column name="registered_by" value="admin"/>
            <column name="created" valueNumeric="0"/>
        </insert>
    </changeSet>
    <changeSet author="Vincenzo Melandri" id="baseline-data-2">
        <insert tableName="oauth_client_key">
            <column name="client_key" value="54f0c455-4d80-421f-82ca-9194df24859d"/>
            <column name="secret" value="a0f2742f-31c7-436f-9802-b7015b8fd8e6"/>
            <column name="scope" value="oob"/>
            <column name="callback" value="YOUR_SSG/oauth/v2/client/authcode,YOUR_SSG/oauth/v2/client/implicit"/>
            <column name="environment" value="ALL"/>
            <column name="expiration" valueNumeric="0"/>
            <column name="status" value="ENABLED"/>
            <column name="created" valueNumeric="0"/>
            <column name="created_by" value="admin"/>
            <column name="client_ident" value="TestClient2.0"/>
            <column name="client_name" value="OAuth2Client"/>
        </insert>
        <insert tableName="oauth_client_key">
            <column name="client_key" value="5edc4a38-75ec-4617-8854-1a71ff1e0a2e"/>
            <column name="secret" value="5005a669-0295-4602-be7d-6a75342db6d8"/>
            <column name="scope" value="openid email profile phone address"/>
            <column name="callback" value="YOUR_SSG/oauth/v2/client/icp?auth=done"/>
            <column name="environment" value="ALL"/>
            <column name="expiration" valueNumeric="0"/>
            <column name="status" value="ENABLED"/>
            <column name="created" valueNumeric="0"/>
            <column name="created_by" value="admin"/>
            <column name="client_ident" value="123456801-otk"/>
            <column name="client_name" value="OpenID Connect Implicit Client Profile"/>
        </insert>
        <insert tableName="oauth_client_key">
            <column name="client_key" value="5eed868e-7ad0-4172-88f2-704bcf78b61e"/>
            <column name="secret" value="2054e4d7-77f2-46c9-bc4d-11a47255a6ec"/>
            <column name="scope" value="openid email profile phone address"/>
            <column name="callback" value="YOUR_SSG/oauth/v2/client/bcp?auth=done"/>
            <column name="environment" value="ALL"/>
            <column name="expiration" valueNumeric="0"/>
            <column name="status" value="ENABLED"/>
            <column name="created" valueNumeric="0"/>
            <column name="created_by" value="admin"/>
            <column name="client_ident" value="123456800-otk"/>
            <column name="client_name" value="OpenID Connect Basic Client Profile"/>
        </insert>
        <insert tableName="oauth_client_key">
            <column name="client_key" value="acf89db2-994e-427b-ac2c-88e6101f9433"/>
            <column name="secret" value="74d5e0db-cd8b-4d8e-a989-95a0746c3343"/>
            <column name="scope" value="oob"/>
            <column name="callback" value="oob"/>
            <column name="environment" value="ALL"/>
            <column name="expiration" valueNumeric="0"/>
            <column name="status" value="ENABLED"/>
            <column name="created" valueNumeric="0"/>
            <column name="created_by" value="admin"/>
            <column name="client_ident" value="TestClient1.0"/>
            <column name="client_name" value="OAuth1Client"/>
        </insert>
    </changeSet>
    <changeSet author="Vincenzo Melandri" id="baseline-data-3">
        <insert tableName="otk_version">
            <column name="current_version" value="otk3.2.00"/>
        </insert>
    </changeSet>
</databaseChangeLog>
