<?xml version="1.0" encoding="UTF-8" standalone="no"?>
<databaseChangeLog logicalFilePath="doesntmatter" xmlns="http://www.liquibase.org/xml/ns/dbchangelog" xmlns:ext="http://www.liquibase.org/xml/ns/dbchangelog-ext" xmlns:xsi="http://www.w3.org/2001/XMLSchema-instance" xsi:schemaLocation="http://www.liquibase.org/xml/ns/dbchangelog-ext http://www.liquibase.org/xml/ns/dbchangelog/dbchangelog-ext.xsd http://www.liquibase.org/xml/ns/dbchangelog http://www.liquibase.org/xml/ns/dbchangelog/dbchangelog-3.2.xsd">
    <changeSet author="Vincenzo Melandri" id="baseline-1">
        <createTable tableName="oauth_client">
            <column name="client_ident" type="VARCHAR(128)">
                <constraints nullable="false"/>
            </column>
            <column name="name" remarks="The associated name of the application using this client_id" type="VARCHAR(128)">
                <constraints nullable="false"/>
            </column>
            <column defaultValue="oob" name="type" remarks="used with oauth 2.0" type="VARCHAR(128)">
                <constraints nullable="false"/>
            </column>
            <column name="description" type="VARCHAR(256)"/>
            <column name="organization" type="VARCHAR(128)">
                <constraints nullable="false"/>
            </column>
            <column name="registered_by" type="VARCHAR(128)">
                <constraints nullable="false"/>
            </column>
            <column defaultValueNumeric="0" name="created" type="BIGINT(19)">
                <constraints nullable="false"/>
            </column>
        </createTable>
    </changeSet>
    <changeSet author="Vincenzo Melandri" id="baseline-2">
        <createTable tableName="oauth_client_key">
            <column name="client_key" remarks="oauth_consumer_key or client_id" type="VARCHAR(128)">
                <constraints nullable="false"/>
            </column>
            <column name="secret" remarks="oauth_consumer_key_secret or client_secret" type="VARCHAR(128)">
                <constraints nullable="false"/>
            </column>
            <column defaultValue="oob" name="scope" remarks="for oauth2, to be defined by the customer and handled accordingly within the policy" type="VARCHAR(512)">
                <constraints nullable="false"/>
            </column>
            <column defaultValue="oob" name="callback" remarks="in oauth2 = redirect_uri, contains one URI" type="VARCHAR(2048)">
                <constraints nullable="false"/>
            </column>
            <column defaultValue="ALL" name="environment" remarks="COULD BE SOMETHING LIKE Test, Prod, Integration" type="VARCHAR(128)">
                <constraints nullable="false"/>
            </column>
            <column defaultValueNumeric="0" name="expiration" remarks="Date until this key is valid" type="BIGINT(19)">
                <constraints nullable="false"/>
            </column>
            <column name="status" remarks="for validation purposes, ENABLED or DISABLED" type="VARCHAR(128)">
                <constraints nullable="false"/>
            </column>
            <column defaultValueNumeric="0" name="created" type="BIGINT(19)">
                <constraints nullable="false"/>
            </column>
            <column name="created_by" type="VARCHAR(128)">
                <constraints nullable="false"/>
            </column>
            <column name="client_ident" remarks="The client that owns this key" type="VARCHAR(128)">
                <constraints nullable="false"/>
            </column>
            <column name="client_name" remarks="The name of the client that owns this key. Not normalized for performance." type="VARCHAR(128)">
                <constraints nullable="false"/>
            </column>
        </createTable>
    </changeSet>
    <changeSet author="Vincenzo Melandri" id="baseline-3">
        <createTable tableName="oauth_id_token">
            <column name="resource_owner" type="VARCHAR(128)">
                <constraints nullable="false"/>
            </column>
            <column name="azp" type="VARCHAR(128)">
                <constraints nullable="false"/>
            </column>
            <column name="sub" type="VARCHAR(128)"/>
            <column name="jwt_id" type="VARCHAR(128)"/>
            <column name="jwt" type="MEDIUMTEXT">
                <constraints nullable="false"/>
            </column>
            <column name="salt" type="VARCHAR(128)"/>
            <column name="shared_secret" type="VARCHAR(128)"/>
            <column name="shared_secret_type" type="VARCHAR(128)"/>
            <column name="iss" type="VARCHAR(128)">
                <constraints nullable="false"/>
            </column>
            <column name="expiration" remarks="expiration date in seconds" type="BIGINT(19)">
                <constraints nullable="false"/>
            </column>
        </createTable>
    </changeSet>
    <changeSet author="Vincenzo Melandri" id="baseline-4">
        <createTable tableName="oauth_initiate">
            <column name="token" remarks="for oauth 1.0, 2.0" type="VARCHAR(128)">
                <constraints nullable="false"/>
            </column>
            <column name="secret" remarks="null for oauth 2.0, it does not provide a secret" type="VARCHAR(128)"/>
            <column defaultValueNumeric="0" name="expiration" remarks="for oauth 1.0, 2.0, DEFAULT 0 because otherwise timestamp will be set to now() on an update" type="BIGINT(19)">
                <constraints nullable="false"/>
            </column>
            <column name="scope" remarks="for oauth 2.0, the scope granted by the resource owner" type="VARCHAR(4096)"/>
            <column name="resource_owner" remarks="the authenticated user that granted the token" type="VARCHAR(128)"/>
            <column defaultValueNumeric="0" name="created" remarks="the date this token (or these tokens in oauth 2.0) were created" type="BIGINT(19)"/>
            <column name="verifier" remarks="for oauth 1.0" type="VARCHAR(128)"/>
            <column name="callback" remarks="for oauth 1.0, 2.0" type="VARCHAR(256)"/>
            <column name="client_key" remarks="the client that received this token" type="VARCHAR(128)">
                <constraints nullable="false"/>
            </column>
            <column name="client_name" remarks="The name of the client that owns this key. Not normalized for performance." type="VARCHAR(128)">
                <constraints nullable="false"/>
            </column>
        </createTable>
    </changeSet>
    <changeSet author="Vincenzo Melandri" id="baseline-5">
        <createTable tableName="oauth_session">
            <column name="session_key" type="VARCHAR(128)">
                <constraints nullable="false"/>
            </column>
            <column name="session_group" type="VARCHAR(128)">
                <constraints nullable="false"/>
            </column>
            <column name="expiration" type="BIGINT(19)">
                <constraints nullable="false"/>
            </column>
            <column name="value" type="MEDIUMTEXT">
                <constraints nullable="false"/>
            </column>
        </createTable>
    </changeSet>
    <changeSet author="Vincenzo Melandri" id="baseline-6">
        <createTable tableName="oauth_token">
            <column name="otk_token_id" type="VARCHAR(128)">
                <constraints nullable="false"/>
            </column>
            <column name="token" type="VARCHAR(128)"/>
            <column name="secret" remarks="null for oauth 2.0, it does not provide a secret" type="VARCHAR(128)"/>
            <column name="expiration" type="BIGINT(19)">
                <constraints nullable="false"/>
            </column>
            <column name="scope" remarks="for 0auth 2.0, the scope granted by the resource owner" type="VARCHAR(512)"/>
            <column name="resource_owner" remarks="the authenticated user that granted the token" type="VARCHAR(128)">
                <constraints nullable="false"/>
            </column>
            <column defaultValueNumeric="0" name="created" remarks="the date this token (or these tokens in oauth 2.0) were created" type="BIGINT(19)"/>
            <column name="rtoken" type="VARCHAR(128)"/>
            <column defaultValueNumeric="0" name="rexpiration" remarks="DEFAULT 0 because otherwise timestamp will be set to now() on an update" type="BIGINT(19)"/>
            <column name="status" remarks="for validation purposes, ENABLED or DISABLED" type="VARCHAR(128)">
                <constraints nullable="false"/>
            </column>
            <column name="client_key" remarks="the client_key this token was issued for" type="VARCHAR(128)">
                <constraints nullable="false"/>
            </column>
            <column name="client_name" remarks="The name of the client that owns this key. Not normalized for performance." type="VARCHAR(128)">
                <constraints nullable="false"/>
            </column>
        </createTable>
    </changeSet>
    <changeSet author="Vincenzo Melandri" id="baseline-7">
        <createTable tableName="otk_version">
            <column name="current_version" type="CHAR(10)">
                <constraints nullable="false"/>
            </column>
        </createTable>
    </changeSet>
    <changeSet author="Vincenzo Melandri" id="baseline-8">
        <addPrimaryKey columnNames="client_ident" constraintName="PRIMARY" tableName="oauth_client"/>
    </changeSet>
    <changeSet author="Vincenzo Melandri" id="baseline-9">
        <addPrimaryKey columnNames="client_key" constraintName="PRIMARY" tableName="oauth_client_key"/>
    </changeSet>
    <changeSet author="Vincenzo Melandri" id="baseline-10">
        <addPrimaryKey columnNames="resource_owner, azp" constraintName="PRIMARY" tableName="oauth_id_token"/>
    </changeSet>
    <changeSet author="Vincenzo Melandri" id="baseline-11">
        <addPrimaryKey columnNames="token" constraintName="PRIMARY" tableName="oauth_initiate"/>
    </changeSet>
    <changeSet author="Vincenzo Melandri" id="baseline-12">
        <addPrimaryKey columnNames="session_key, session_group" constraintName="PRIMARY" tableName="oauth_session"/>
    </changeSet>
    <changeSet author="Vincenzo Melandri" id="baseline-13">
        <addPrimaryKey columnNames="otk_token_id" constraintName="PRIMARY" tableName="oauth_token"/>
    </changeSet>
    <changeSet author="Vincenzo Melandri" id="baseline-14">
        <addUniqueConstraint columnNames="rtoken" constraintName="rtoken" deferrable="false" disabled="false" initiallyDeferred="false" tableName="oauth_token"/>
    </changeSet>
    <changeSet author="Vincenzo Melandri" id="baseline-15">
        <addUniqueConstraint columnNames="token" constraintName="token" deferrable="false" disabled="false" initiallyDeferred="false" tableName="oauth_token"/>
    </changeSet>
    <changeSet author="Vincenzo Melandri" id="baseline-16">
        <addUniqueConstraint columnNames="name" constraintName="uk_oc_name" deferrable="false" disabled="false" initiallyDeferred="false" tableName="oauth_client"/>
    </changeSet>
    <changeSet author="Vincenzo Melandri" id="baseline-17">
        <addUniqueConstraint columnNames="name, organization" constraintName="uk_oc_name_org" deferrable="false" disabled="false" initiallyDeferred="false" tableName="oauth_client"/>
    </changeSet>
    <changeSet author="Vincenzo Melandri" id="baseline-18">
        <addForeignKeyConstraint baseColumnNames="client_ident" baseTableName="oauth_client_key" constraintName="ock_fk_clientIdent" deferrable="false" initiallyDeferred="false" onDelete="CASCADE" onUpdate="NO ACTION" referencedColumnNames="client_ident" referencedTableName="oauth_client"/>
    </changeSet>
    <changeSet author="Vincenzo Melandri" id="baseline-19">
        <createIndex indexName="oat_idx_expiration" tableName="oauth_token" unique="false">
            <column name="expiration"/>
        </createIndex>
    </changeSet>
    <changeSet author="Vincenzo Melandri" id="baseline-20">
        <createIndex indexName="oat_idx_rowner_client" tableName="oauth_token" unique="false">
            <column name="resource_owner"/>
            <column name="client_key"/>
        </createIndex>
    </changeSet>
</databaseChangeLog>