<?xml version="1.0" encoding="UTF-8"?>
<databaseChangeLog
        xmlns="http://www.liquibase.org/xml/ns/dbchangelog"
        xmlns:xsi="http://www.w3.org/2001/XMLSchema-instance"
        xsi:schemaLocation="http://www.liquibase.org/xml/ns/dbchangelog
                      http://www.liquibase.org/xml/ns/dbchangelog/dbchangelog-3.1.xsd"
        logicalFilePath="doesntmatter">
    <changeSet author="chari11" id="portaldb-13.0-sprint4-edit-service-reg-default-data">
        <comment>Update descriptions for Service</comment>
        <update tableName="SERVICE">
            <column name="description" value="Publish and manage APIs, create apps, and manage your deployments."/>
            <where>uuid='6633bfa5-2efc-44a9-a8db-1a9233a3edaa'</where>
        </update>
        <update tableName="SERVICE">
            <column name="description" value="Discover APIs to use in your apps."/>
            <where>uuid='f3d3d2ba-c84a-4764-876c-c36a4f3cd275'</where>
        </update>
        <update tableName="SERVICE">
            <column name="description" value="Configure your portal and manage users."/>
            <column name="link_href" value="/admin/my-profile"/>
            <where>uuid='0084e50c-7a6b-4c4b-808f-fd891f58802d'</where>
        </update>
        <update tableName="SERVICE">
            <column name="description" value="View real-time analytics for your APIs and apps."/>
            <where>uuid='6c8beafc-b509-11e7-abc4-cec278b6b50a'</where>
        </update>
        <update tableName="SERVICE">
            <column name="description" value="Manage the appearance of your portal and developer organizations."/>
            <where>uuid='2a78750b-61dd-4369-913a-bc11cc61be4a'</where>
        </update>
        
        <update tableName="SERVICE_NAVIGATION">
            <column name="link_title" value="View All Applications"/>
            <where>uuid='a2dc50a3-a291-4404-b144-5882ed314237'</where>
        </update>
    </changeSet>
</databaseChangeLog>