<?xml version="1.0" encoding="UTF-8"?>
<databaseChangeLog
        xmlns="http://www.liquibase.org/xml/ns/dbchangelog"
        xmlns:xsi="http://www.w3.org/2001/XMLSchema-instance"
        xsi:schemaLocation="http://www.liquibase.org/xml/ns/dbchangelog
                      http://www.liquibase.org/xml/ns/dbchangelog/dbchangelog-3.1.xsd"
        logicalFilePath="doesntmatter">

    <changeSet author="chari11" id="portaldb-13.0-sprint4-add-service-reg-default-data-for-dev-pub-difference">
        <comment>Add entries to account for differences in dev and publisher links</comment>
        <insert tableName="SERVICE_NAVIGATION">
            <column name="uuid" value="dd348195-2d3a-49c7-84e2-f087ce46e6a5"/>
            <column name="service_id" value="0084e50c-7a6b-4c4b-808f-fd891f58802d"/>
            <column name="tenant_id"/>
            <column name="ordering" value="10"/>
            <column name="link_title" value="Users"/>
            <column name="link_title_key" value="service.settings.nav.users.title"/>
            <column name="link_image" value=""/>
            <column name="link_href" value="/admin/app/users"/>
        </insert>
    </changeSet>

</databaseChangeLog>