<?xml version="1.0" encoding="UTF-8"?>
<databaseChangeLog
        xmlns="http://www.liquibase.org/xml/ns/dbchangelog"
        xmlns:xsi="http://www.w3.org/2001/XMLSchema-instance"
        xsi:schemaLocation="http://www.liquibase.org/xml/ns/dbchangelog
                      http://www.liquibase.org/xml/ns/dbchangelog/dbchangelog-3.1.xsd"
        logicalFilePath="doesntmatter">

    <changeSet author="huigong" id="portaldb-13.0-sprint5-update-apim-platform-setting-ts">
        <comment>update the APIM_PLATFORM default setting to true</comment>
        <update tableName="SETTING">
            <column name="value" value="true"/>
            <column name="MODIFY_TS" valueComputed="current_ms()"/>
            <column name="MODIFIED_BY" value="SYSTEM"/>
            <where>name='APIM_PLATFORM'</where>
        </update>
    </changeSet>
</databaseChangeLog>
