<?xml version="1.0" encoding="UTF-8"?>
<databaseChangeLog
        xmlns="http://www.liquibase.org/xml/ns/dbchangelog"
        xmlns:xsi="http://www.w3.org/2001/XMLSchema-instance"
        xsi:schemaLocation="http://www.liquibase.org/xml/ns/dbchangelog
                      http://www.liquibase.org/xml/ns/dbchangelog/dbchangelog-3.1.xsd"
        logicalFilePath="doesntmatter">

    <changeSet author="chari11" id="portaldb-13.0-sprint1-DML-insert-service-reg-default-data">
        <comment>Add default values for Service</comment>
        <insert tableName="SERVICE">
            <column name="uuid" value="6633bfa5-2efc-44a9-a8db-1a9233a3edaa"/>
            <column name="tenant_id"/>
            <column name="name" value="Publish"/>
            <column name="name_key" value="service.publish.name"/>
            <column name="description" value="Publish"/>
            <column name="description_key" value="service.publish.description"/>
            <column name="ordering" value="10"/>
            <column name="link_title" value="Publish"/>
            <column name="link_title_key" value="service.publish.title"/>
            <column name="link_image" value="/admin/images/dashboard-publish-manage-icon.png"/>
            <column name="link_href" value="/admin/apis"/>
            <column name="create_ts" valueComputed="current_ms()"/>
            <column name="created_by" value="SYSTEM"/>
            <column name="modify_ts" value="0"/>
            <column name="modified_by" value=""/>
        </insert>
        <insert tableName="SERVICE_NAVIGATION">
            <column name="uuid" value="96c8d7bc-178f-476c-8c81-9c64066f0a93"/>
            <column name="service_id" value="6633bfa5-2efc-44a9-a8db-1a9233a3edaa"/>
            <column name="tenant_id"/>
            <column name="ordering" value="10"/>
            <column name="link_title" value="APIs"/>
            <column name="link_title_key" value="service.publish.nav.manageapi.title"/>
            <column name="link_image" value=""/>
            <column name="link_href" value="/admin/apis"/>
        </insert>
        <insert tableName="SERVICE_NAVIGATION">
            <column name="uuid" value="66d8b75a-c631-40c4-b60b-32ce9ff53271"/>
            <column name="service_id" value="6633bfa5-2efc-44a9-a8db-1a9233a3edaa"/>
            <column name="tenant_id"/>
            <column name="ordering" value="20"/>
            <column name="link_title" value="Apps"/>
            <column name="link_title_key" value="service.publish.nav.apps.title"/>
            <column name="link_image" value=""/>
            <column name="link_href" value="/admin/applications"/>
        </insert>
        <insert tableName="SERVICE_NAVIGATION">
            <column name="uuid" value="d8380b58-2232-4d7d-9b5a-9f28cc5cfcdf"/>
            <column name="service_id" value="6633bfa5-2efc-44a9-a8db-1a9233a3edaa"/>
            <column name="tenant_id"/>
            <column name="ordering" value="30"/>
            <column name="link_title" value="Eulas"/>
            <column name="link_title_key" value="service.publish.nav.eulas.title"/>
            <column name="link_image" value=""/>
            <column name="link_href" value="/admin/apis/api-eulas"/>
        </insert>
        <insert tableName="SERVICE_NAVIGATION">
            <column name="uuid" value="ca744ce9-a28b-48d8-9f45-5348ea4f7b42"/>
            <column name="service_id" value="6633bfa5-2efc-44a9-a8db-1a9233a3edaa"/>
            <column name="tenant_id"/>
            <column name="ordering" value="40"/>
            <column name="link_title" value="Deployments"/>
            <column name="link_title_key" value="service.publish.nav.deployments.title"/>
            <column name="link_image" value=""/>
            <column name="link_href" value="/admin/api-proxy"/>
        </insert>
        <insert tableName="SERVICE_NAVIGATION">
            <column name="uuid" value="02ab3f45-903d-4de2-b605-cef2c96da415"/>
            <column name="service_id" value="6633bfa5-2efc-44a9-a8db-1a9233a3edaa"/>
            <column name="tenant_id"/>
            <column name="ordering" value="50"/>
            <column name="link_title" value="API Groups"/>
            <column name="link_title_key" value="service.publish.nav.apigroups.title"/>
            <column name="link_image" value=""/>
            <column name="link_href" value="/admin/api-groups"/>
        </insert>
        <insert tableName="SERVICE_NAVIGATION">
            <column name="uuid" value="eb0d22ca-a1e8-4c94-aefc-d9663ce75021"/>
            <column name="service_id" value="6633bfa5-2efc-44a9-a8db-1a9233a3edaa"/>
            <column name="tenant_id"/>
            <column name="ordering" value="60"/>
            <column name="link_title" value="API Catalog"/>
            <column name="link_title_key" value="service.publish.nav.apicatalog.title"/>
            <column name="link_image" value=""/>
            <column name="link_href" value="/admin/app/api-catalog"/>
        </insert>
        <insert tableName="SERVICE_NAVIGATION">
            <column name="uuid" value="0a596691-aa98-41c0-83b7-2783d6f26188"/>
            <column name="service_id" value="6633bfa5-2efc-44a9-a8db-1a9233a3edaa"/>
            <column name="tenant_id"/>
            <column name="ordering" value="70"/>
            <column name="link_title" value="API Explorer"/>
            <column name="link_title_key" value="service.publish.nav.apiexplorer.title"/>
            <column name="link_image" value=""/>
            <column name="link_href" value="/admin/app/api-explorer"/>
        </insert>
        <insert tableName="SERVICE_NAVIGATION">
            <column name="uuid" value="ff747bcc-d4e0-4c1b-8524-a1cc670b5016"/>
            <column name="service_id" value="6633bfa5-2efc-44a9-a8db-1a9233a3edaa"/>
            <column name="tenant_id"/>
            <column name="ordering" value="80"/>
            <column name="link_title" value="Account Plans"/>
            <column name="link_title_key" value="service.publish.nav.accountplans.title"/>
            <column name="link_image" value=""/>
            <column name="link_href" value="/admin/organizations/account-plans"/>
        </insert>

        <insert tableName="SERVICE">
            <column name="uuid" value="f3d3d2ba-c84a-4764-876c-c36a4f3cd275"/>
            <column name="tenant_id"/>
            <column name="name" value="Develop"/>
            <column name="name_key" value="service.develop.name"/>
            <column name="description" value="Develop"/>
            <column name="description_key" value="service.develop.description"/>
            <column name="ordering" value="20"/>
            <column name="link_title" value="Develop"/>
            <column name="link_title_key" value="service.develop.title"/>
            <column name="link_image" value="/admin/images/dashboard-develop-icon.png"/>
            <column name="link_href" value="/dev"/>
            <column name="create_ts" valueComputed="current_ms()"/>
            <column name="created_by" value="SYSTEM"/>
            <column name="modify_ts" value="0"/>
            <column name="modified_by" value=""/>
        </insert>
        <insert tableName="SERVICE_NAVIGATION">
            <column name="uuid" value="5608a3d0-2d8d-4eaa-976c-8f5fb4001721"/>
            <column name="service_id" value="f3d3d2ba-c84a-4764-876c-c36a4f3cd275"/>
            <column name="tenant_id"/>
            <column name="ordering" value="10"/>
            <column name="link_title" value="View All APIs"/>
            <column name="link_title_key" value="service.develop.nav.viewallapis.title"/>
            <column name="link_image" value=""/>
            <column name="link_href" value="/dev/apis"/>
        </insert>
        <insert tableName="SERVICE_NAVIGATION">
            <column name="uuid" value="a2dc50a3-a291-4404-b144-5882ed314237"/>
            <column name="service_id" value="f3d3d2ba-c84a-4764-876c-c36a4f3cd275"/>
            <column name="tenant_id"/>
            <column name="ordering" value="20"/>
            <column name="link_title" value="View All Apps"/>
            <column name="link_title_key" value="service.develop.nav.viewallapps.title"/>
            <column name="link_image" value=""/>
            <column name="link_href" value="/dev/apps"/>
        </insert>

        <insert tableName="SERVICE">
            <column name="uuid" value="0084e50c-7a6b-4c4b-808f-fd891f58802d"/>
            <column name="tenant_id"/>
            <column name="name" value="Settings"/>
            <column name="name_key" value="service.settings.name"/>
            <column name="description" value="Settings"/>
            <column name="description_key" value="service.settings.description"/>
            <column name="ordering" value="30"/>
            <column name="link_title" value="Settings"/>
            <column name="link_title_key" value="service.settings.title"/>
            <column name="link_image" value="/admin/images/dashboard-settings-icon.png"/>
            <column name="link_href" value="/admin/settings"/>
            <column name="create_ts" valueComputed="current_ms()"/>
            <column name="created_by" value="SYSTEM"/>
            <column name="modify_ts" value="0"/>
            <column name="modified_by" value=""/>
        </insert>
        <insert tableName="SERVICE_NAVIGATION">
            <column name="uuid" value="839d56e8-28a8-4eaa-99ce-9478b32e81d3"/>
            <column name="service_id" value="0084e50c-7a6b-4c4b-808f-fd891f58802d"/>
            <column name="tenant_id"/>
            <column name="ordering" value="10"/>
            <column name="link_title" value="Users"/>
            <column name="link_title_key" value="service.settings.nav.users.title"/>
            <column name="link_image" value=""/>
            <column name="link_href" value="/admin/users"/>
        </insert>
        <insert tableName="SERVICE_NAVIGATION">
            <column name="uuid" value="0c871f09-ec0e-47af-882a-7fe54deb955e"/>
            <column name="service_id" value="0084e50c-7a6b-4c4b-808f-fd891f58802d"/>
            <column name="tenant_id"/>
            <column name="ordering" value="20"/>
            <column name="link_title" value="Organizations"/>
            <column name="link_title_key" value="service.settings.nav.organizations.title"/>
            <column name="link_image" value=""/>
            <column name="link_href" value="/admin/organizations"/>
        </insert>
        <insert tableName="SERVICE_NAVIGATION">
            <column name="uuid" value="c7c93d71-2632-4e33-8daf-620e2bfd6df4"/>
            <column name="service_id" value="0084e50c-7a6b-4c4b-808f-fd891f58802d"/>
            <column name="tenant_id"/>
            <column name="ordering" value="40"/>
            <column name="link_title" value="Registration"/>
            <column name="link_title_key" value="service.settings.nav.registration.title"/>
            <column name="link_image" value=""/>
            <column name="link_href" value="/admin/settings/registration-settings"/>
        </insert>
        <insert tableName="SERVICE_NAVIGATION">
            <column name="uuid" value="018dc0a2-e51f-4931-907c-6a7063568930"/>
            <column name="service_id" value="0084e50c-7a6b-4c4b-808f-fd891f58802d"/>
            <column name="tenant_id"/>
            <column name="ordering" value="50"/>
            <column name="link_title" value="Requests"/>
            <column name="link_title_key" value="service.settings.nav.requests.title"/>
            <column name="link_image" value=""/>
            <column name="link_href" value="/admin/requests"/>
        </insert>
        <insert tableName="SERVICE_NAVIGATION">
            <column name="uuid" value="f7a1ca60-b7f8-4470-8bc7-91e8925a08d4"/>
            <column name="service_id" value="0084e50c-7a6b-4c4b-808f-fd891f58802d"/>
            <column name="tenant_id"/>
            <column name="ordering" value="60"/>
            <column name="link_title" value="Request Settings"/>
            <column name="link_title_key" value="service.settings.nav.requestsettings.title"/>
            <column name="link_image" value=""/>
            <column name="link_href" value="/admin/settings/request-settings"/>
        </insert>
        <insert tableName="SERVICE_NAVIGATION">
            <column name="uuid" value="fff60d4d-422a-46ae-a96e-bcdbd1e34a16"/>
            <column name="service_id" value="0084e50c-7a6b-4c4b-808f-fd891f58802d"/>
            <column name="tenant_id"/>
            <column name="ordering" value="70"/>
            <column name="link_title" value="Authentication"/>
            <column name="link_title_key" value="service.settings.nav.authentication.title"/>
            <column name="link_image" value=""/>
            <column name="link_href" value="/admin/settings/authentication"/>
        </insert>
        <insert tableName="SERVICE_NAVIGATION">
            <column name="uuid" value="819169a6-f62a-4b69-956d-1c7ca796e671"/>
            <column name="service_id" value="0084e50c-7a6b-4c4b-808f-fd891f58802d"/>
            <column name="tenant_id"/>
            <column name="ordering" value="80"/>
            <column name="link_title" value="Custom Fields"/>
            <column name="link_title_key" value="service.settings.nav.customfields.title"/>
            <column name="link_image" value=""/>
            <column name="link_href" value="/admin/settings/custom-fields"/>
        </insert>
        <insert tableName="SERVICE_NAVIGATION">
            <column name="uuid" value="c065923d-61b4-4c77-afe3-effe0ab4cc0a"/>
            <column name="service_id" value="0084e50c-7a6b-4c4b-808f-fd891f58802d"/>
            <column name="tenant_id"/>
            <column name="ordering" value="90"/>
            <column name="link_title" value="Mobile API Gateway"/>
            <column name="link_title_key" value="service.settings.nav.moibleapigateway.title"/>
            <column name="link_image" value=""/>
            <column name="link_href" value="/admin/settings/mobile-single-sign-on"/>
        </insert>
        <insert tableName="SERVICE_NAVIGATION">
            <column name="uuid" value="77e2d064-b90a-11e7-abc4-cec278b6b50a"/>
            <column name="service_id" value="0084e50c-7a6b-4c4b-808f-fd891f58802d"/>
            <column name="tenant_id"/>
            <column name="ordering" value="110"/>
            <column name="link_title" value="My Profile"/>
            <column name="link_title_key" value="service.settings.nav.myprofile.title"/>
            <column name="link_image" value=""/>
            <column name="link_href" value="/admin/my-profile"/>
        </insert>

        <insert tableName="SERVICE">
            <column name="uuid" value="6c8beafc-b509-11e7-abc4-cec278b6b50a"/>
            <column name="tenant_id"/>
            <column name="name" value="Monitor"/>
            <column name="name_key" value="service.monitor.name"/>
            <column name="description" value="Monitor"/>
            <column name="description_key" value="service.monitor.description"/>
            <column name="ordering" value="40"/>
            <column name="link_title" value="Monitor"/>
            <column name="link_title_key" value="service.monitor.title"/>
            <column name="link_image" value="/admin/images/dashboard-monitor-icon.png"/>
            <column name="link_href" value="/admin/app/analytics-dashboard"/>
            <column name="create_ts" valueComputed="current_ms()"/>
            <column name="created_by" value="SYSTEM"/>
            <column name="modify_ts" value="0"/>
            <column name="modified_by" value=""/>
        </insert>

        <insert tableName="SERVICE">
            <column name="uuid" value="2a78750b-61dd-4369-913a-bc11cc61be4a"/>
            <column name="tenant_id"/>
            <column name="name" value="Appearance"/>
            <column name="name_key" value="service.appearance.name"/>
            <column name="description" value="Appearance"/>
            <column name="description_key" value="service.appearance.description"/>
            <column name="ordering" value="40"/>
            <column name="link_title" value="Appearance"/>
            <column name="link_title_key" value="service.appearance.title"/>
            <column name="link_image" value="/admin/images/dashboard-appearance-icon.png"/>
            <column name="link_href" value="/appearance"/>
            <column name="create_ts" valueComputed="current_ms()"/>
            <column name="created_by" value="SYSTEM"/>
            <column name="modify_ts" value="0"/>
            <column name="modified_by" value=""/>
        </insert>
    </changeSet>
</databaseChangeLog>