<?xml version="1.0" encoding="UTF-8"?>
<databaseChangeLog logicalFilePath="deniedservicerole" xmlns="http://www.liquibase.org/xml/ns/dbchangelog" xmlns:xsi="http://www.w3.org/2001/XMLSchema-instance" xsi:schemaLocation="http://www.liquibase.org/xml/ns/dbchangelog                       http://www.liquibase.org/xml/ns/dbchangelog/dbchangelog-3.1.xsd">
    <changeSet author="haene01" id="add-deniedservicerole-table">
        <createTable tableName="DENIED_SERVICE_ROLE">
            <column name="SERVICE_ID" type="java.sql.Types.VARCHAR(36)">
                <constraints nullable="false" primaryKey="true"/>
            </column>
            <column name="USER_ROLE_ID" type="java.sql.Types.VARCHAR(36)">
                <constraints nullable="false" primaryKey="true"/>
            </column>
            <column name="UUID" type="java.sql.Types.VARCHAR(36)">
                <constraints primaryKey="true"/>
            </column>
            <column name="TENANT_ID" type="java.sql.Types.VARCHAR(255)" />
        </createTable>
    </changeSet>
    <changeSet author="haene01" id="add-foreignkey-service-navigation-to-denied-service-role">
        <addForeignKeyConstraint baseColumnNames="SERVICE_ID"
                                 baseTableName="DENIED_SERVICE_ROLE"
                                 constraintName="fk_service_inv_denied_service"
                                 deferrable="false"
                                 initiallyDeferred="false"
                                 onDelete="NO ACTION"
                                 referencedColumnNames="UUID"
                                 referencedTableName="SERVICE"/>
    </changeSet>
    <changeSet author="haene01" id="drop-foreignkey-user-role-to-denied-service-role">
        <preConditions onFail="MARK_RAN">
            <foreignKeyConstraintExists schemaName="" foreignKeyName="fk_user_role_inv_denied_service"/>
        </preConditions>
        <dropForeignKeyConstraint baseTableName="DENIED_SERVICE_ROLE" constraintName="fk_user_role_inv_denied_service"/>
    </changeSet>
    <changeSet id="add-uk-service-to-denied-service-role" author="haene01">
        <addUniqueConstraint columnNames="TENANT_ID, SERVICE_ID, USER_ROLE_ID"
                             constraintName="UK_SERVICE_XREF_USER_ROLE_XREF_TENANT"
                             deferrable="false"
                             disabled="false"
                             initiallyDeferred="false"
                             tableName="DENIED_SERVICE_ROLE"/>
    </changeSet>
</databaseChangeLog>