<?xml version="1.0" encoding="UTF-8"?>
<databaseChangeLog
        xmlns="http://www.liquibase.org/xml/ns/dbchangelog"
        xmlns:xsi="http://www.w3.org/2001/XMLSchema-instance"
        xsi:schemaLocation="http://www.liquibase.org/xml/ns/dbchangelog
                      http://www.liquibase.org/xml/ns/dbchangelog/dbchangelog-3.1.xsd"
        logicalFilePath="doesntmatter">

    <property name="PORTAL_UUID" value="741bf200-d078-11e7-8fab-cec278b6b50a" />
    <property name="CMS_UUID" value="8efc0188-d08b-11e7-8fab-cec278b6b50a" />
    <property name="API_OWNER_UUID" value="00000004-0004-0004-0004-000000000004" />
    <property name="DEV_ORG_ADMIN_UUID" value="00000005-0005-0005-0005-000000000005" />
    <property name="DEVELOPER_UUID" value="00000006-0006-0006-0006-000000000006" />

    <changeSet author="dmun" id="portaldb-13.0-sprint5-add-link-access-options">
        <comment>A comma seperated list identifies a set of exclusion filters that control access to a service.</comment>
        <addColumn tableName="SERVICE">
            <column name="ACCESS_CONDITIONS" type="java.sql.Types.VARCHAR(255)" afterColumn="ORDERING">
                <constraints nullable="true"/>
            </column>
        </addColumn>
        <addColumn tableName="SERVICE_NAVIGATION">
            <column name="ACCESS_CONDITIONS" type="java.sql.Types.VARCHAR(255)" afterColumn="ORDERING">
                <constraints nullable="true"/>
            </column>
        </addColumn>
        <comment>Add option to specify that a service link can be external</comment>
        <addColumn tableName="SERVICE">
            <column name="LINK_IS_EXTERNAL" type="BOOLEAN" valueBoolean="false" defaultValueBoolean="false" afterColumn="LINK_HREF">
                <constraints nullable="false"/>
            </column>
        </addColumn>
        <comment>Add option to specify that a navigation link can be external</comment>
        <addColumn tableName="SERVICE_NAVIGATION">
            <column name="LINK_IS_EXTERNAL" type="BOOLEAN" valueBoolean="false" defaultValueBoolean="false" afterColumn="LINK_HREF">
                <constraints nullable="false"/>
            </column>
        </addColumn>
    </changeSet>
    <changeSet author="dmun" id="portaldb-13.0-sprint5-add-portal-api-service">
        <comment>Add Portal API Service</comment>
        <insert tableName="SERVICE">
            <column name="uuid" value="${PORTAL_UUID}"/>
            <column name="tenant_id"/>
            <column name="name" value="Portal API"/>
            <column name="name_key" value="service.portalapi.name"/>
            <column name="description" value="Interact programmatically with the Portal API."/>
            <column name="description_key" value="service.portalapi.description"/>
            <column name="ordering" value="50"/>
            <column name="access_conditions" value="NOT_APIM_TENANT"/>
            <column name="link_title" value="Portal API"/>
            <column name="link_title_key" value="service.portalapi.title"/>
            <column name="link_image" value="/admin/images/dashboard-portal-api-icon.png"/>
            <column name="link_href" value="/admin/app/api-explorer-t0"/>
            <column name="link_is_external" valueBoolean="true"/>
            <column name="create_ts" valueComputed="current_ms()"/>
            <column name="created_by" value="SYSTEM"/>
            <column name="modify_ts" value="0"/>
            <column name="modified_by" value=""/>
        </insert>
        <!-- Portal APIs Service is only available to admins -->
        <insert tableName="DENIED_SERVICE_ROLE" >
            <column name="uuid" valueComputed="generate_uuid()"/>
            <column name="service_id" value="${PORTAL_UUID}"/>
            <column name="tenant_id"/>
            <column name="user_role_id" value="${API_OWNER_UUID}"/>
        </insert>
        <insert tableName="DENIED_SERVICE_ROLE">
            <column name="uuid" valueComputed="generate_uuid()"/>
            <column name="service_id" value="${PORTAL_UUID}"/>
            <column name="tenant_id"/>
            <column name="user_role_id" value="${DEV_ORG_ADMIN_UUID}"/>
        </insert>
        <insert tableName="DENIED_SERVICE_ROLE">
            <column name="uuid" valueComputed="generate_uuid()"/>
            <column name="service_id" value="${PORTAL_UUID}"/>
            <column name="tenant_id"/>
            <column name="user_role_id" value="${DEVELOPER_UUID}"/>
        </insert>
    </changeSet>
    <changeSet author="dmun" id="portaldb-13.0-sprint5-add-cms-service">
        <insert tableName="SERVICE">
            <column name="uuid" value="${CMS_UUID}"/>
            <column name="tenant_id"/>
            <column name="name" value="Content Management"/>
            <column name="name_key" value="service.cms.name"/>
            <column name="description" value="Customise your Portal."/>
            <column name="description_key" value="service.cms.description"/>
            <column name="ordering" value="55"/>
            <column name="access_conditions" value="NOT_APIM_TENANT,SAAS_ONLY,IS_ENABLED"/>
            <column name="link_title" value="Content Management"/>
            <column name="link_title_key" value="service.cms.title"/>
            <column name="link_image" value="/admin/images/dashboard-cms-icon.png"/>
            <column name="link_href" value="/admin/app/contentmanagement"/>
            <column name="link_is_external" valueBoolean="true"/>
            <column name="create_ts" valueComputed="current_ms()"/>
            <column name="created_by" value="SYSTEM"/>
            <column name="modify_ts" value="0"/>
            <column name="modified_by" value=""/>
        </insert>
        <!-- CMS Service is only available to admins -->
        <insert tableName="DENIED_SERVICE_ROLE">
            <column name="uuid" valueComputed="generate_uuid()"/>
            <column name="service_id" value="${CMS_UUID}"/>
            <column name="tenant_id"/>
            <column name="user_role_id" value="${API_OWNER_UUID}"/>
        </insert>
        <insert tableName="DENIED_SERVICE_ROLE">
            <column name="uuid" valueComputed="generate_uuid()"/>
            <column name="service_id" value="${CMS_UUID}"/>
            <column name="tenant_id"/>
            <column name="user_role_id" value="${DEV_ORG_ADMIN_UUID}"/>
        </insert>
        <insert tableName="DENIED_SERVICE_ROLE">
            <column name="uuid" valueComputed="generate_uuid()"/>
            <column name="service_id" value="${CMS_UUID}"/>
            <column name="tenant_id"/>
            <column name="user_role_id" value="${DEVELOPER_UUID}"/>
        </insert>
    </changeSet>
</databaseChangeLog>
