<?xml version="1.0" encoding="UTF-8"?>
<databaseChangeLog logicalFilePath="deniedservicenavigationrole" xmlns="http://www.liquibase.org/xml/ns/dbchangelog" xmlns:xsi="http://www.w3.org/2001/XMLSchema-instance" xsi:schemaLocation="http://www.liquibase.org/xml/ns/dbchangelog                       http://www.liquibase.org/xml/ns/dbchangelog/dbchangelog-3.1.xsd">
    <changeSet author="haene01" id="add-deniedservicenavigationrole-table">
        <createTable tableName="DENIED_SERVICE_NAVIGATION_ROLE">
            <column name="SERVICE_NAVIGATION_ID" type="java.sql.Types.VARCHAR(36)">
                <constraints nullable="false" primaryKey="true"/>
            </column>
            <column name="USER_ROLE_ID" type="java.sql.Types.VARCHAR(100)">
                <constraints nullable="false" primaryKey="true"/>
            </column>
            <column name="UUID" type="java.sql.Types.VARCHAR(36)">
                <constraints primaryKey="true"/>
            </column>
            <column name="TENANT_ID" type="java.sql.Types.VARCHAR(255)" />
        </createTable>
    </changeSet>
    <changeSet author="haene01" id="add-foreignkey-service-navigation-to-denied-service-nav-role">
        <addForeignKeyConstraint baseColumnNames="SERVICE_NAVIGATION_ID"
                                 baseTableName="DENIED_SERVICE_NAVIGATION_ROLE"
                                 constraintName="fk_service_navigation_inv_denied_service_navigation"
                                 deferrable="false"
                                 initiallyDeferred="false"
                                 onDelete="NO ACTION"
                                 referencedColumnNames="UUID"
                                 referencedTableName="SERVICE_NAVIGATION"/>
    </changeSet>
    <changeSet author="haene01" id="drop-foreignkey-user-role-to-denied-service-nav-role">
        <preConditions onFail="MARK_RAN">
            <foreignKeyConstraintExists schemaName="" foreignKeyName="fk_user_role_inv_denied_service_navigation"/>
        </preConditions>
        <dropForeignKeyConstraint baseTableName="DENIED_SERVICE_NAVIGATION_ROLE" constraintName="fk_user_role_inv_denied_service_navigation"/>
    </changeSet>
    <changeSet id="add-uk-service-navigation-to-denied-service-role" author="haene01">
        <addUniqueConstraint columnNames="TENANT_ID, SERVICE_NAVIGATION_ID, USER_ROLE_ID"
                             constraintName="UK_SERVICE_NAV_XREF_USER_ROLE_XREF_TENANT"
                             deferrable="false"
                             disabled="false"
                             initiallyDeferred="false"
                             tableName="DENIED_SERVICE_NAVIGATION_ROLE"/>
    </changeSet>
</databaseChangeLog>