<?xml version="1.0" encoding="UTF-8"?>
<databaseChangeLog logicalFilePath="servicenavigation" xmlns="http://www.liquibase.org/xml/ns/dbchangelog" xmlns:xsi="http://www.w3.org/2001/XMLSchema-instance" xsi:schemaLocation="http://www.liquibase.org/xml/ns/dbchangelog                       http://www.liquibase.org/xml/ns/dbchangelog/dbchangelog-3.1.xsd">
    <changeSet author="chari11" id="add-navigation-info-table">
        <createTable tableName="SERVICE_NAVIGATION">
            <column name="UUID" type="java.sql.Types.VARCHAR(36)">
                <constraints primaryKey="true"/>
            </column>
            <column name="SERVICE_ID" type="java.sql.Types.VARCHAR(255)"/>
            <column name="TENANT_ID" type="java.sql.Types.VARCHAR(255)"/>
            <column name="ORDERING" type="INTEGER">
                <constraints nullable="false"/>
            </column>
            <column name="LINK_TITLE" type="java.sql.Types.VARCHAR(255)"/>
            <column name="LINK_TITLE_KEY" type="java.sql.Types.VARCHAR(255)"/>
            <column name="LINK_IMAGE" type="java.sql.Types.VARCHAR(1024)"/>
            <column name="LINK_HREF" type="java.sql.Types.VARCHAR(1024)">
                <constraints nullable="false"/>
            </column>
        </createTable>
    </changeSet>
    <changeSet author="chari11" id="add-service-registry-table">
        <createTable tableName="SERVICE">
            <column name="UUID" type="java.sql.Types.VARCHAR(36)">
                <constraints primaryKey="true"/>
            </column>
            <column name="TENANT_ID" type="java.sql.Types.VARCHAR(255)"/>
            <column name="NAME" type="java.sql.Types.VARCHAR(255)">
                <constraints nullable="false"/>
            </column>
            <column name="NAME_KEY" type="java.sql.Types.VARCHAR(255)"/>
            <column name="DESCRIPTION" type="java.sql.Types.VARCHAR(255)"/>
            <column name="DESCRIPTION_KEY" type="java.sql.Types.VARCHAR(255)"/>
            <column name="ORDERING" type="INTEGER" defaultValueNumeric="0">
                <constraints nullable="false"/>
            </column>
            <column name="LINK_TITLE" type="java.sql.Types.VARCHAR(255)"/>
            <column name="LINK_TITLE_KEY" type="java.sql.Types.VARCHAR(255)"/>
            <column name="LINK_IMAGE" type="java.sql.Types.VARCHAR(1024)"/>
            <column name="LINK_HREF" type="java.sql.Types.VARCHAR(1024)">
                <constraints nullable="false"/>
            </column>
            <column name="CREATE_TS" type="BIGINT">
                <constraints nullable="false"/>
            </column>
            <column name="CREATED_BY" type="java.sql.Types.VARCHAR(100)"/>
            <column name="MODIFY_TS" type="BIGINT"/>
            <column name="MODIFIED_BY" type="java.sql.Types.VARCHAR(100)"/>
        </createTable>
    </changeSet>

    <changeSet author="chari11" id="add-foreignkey-service-inventory-service-nav">
        <addForeignKeyConstraint baseColumnNames="SERVICE_ID"
                                 baseTableName="SERVICE_NAVIGATION"
                                 constraintName="fk_service_inv_service_navigation"
                                 deferrable="false"
                                 initiallyDeferred="false"
                                 onDelete="CASCADE"
                                 referencedColumnNames="UUID"
                                 referencedTableName="SERVICE"/>
    </changeSet>
</databaseChangeLog>