<?xml version="1.0" encoding="UTF-8"?>
<databaseChangeLog
        xmlns="http://www.liquibase.org/xml/ns/dbchangelog"
        xmlns:xsi="http://www.w3.org/2001/XMLSchema-instance"
        xsi:schemaLocation="http://www.liquibase.org/xml/ns/dbchangelog
                      http://www.liquibase.org/xml/ns/dbchangelog/dbchangelog-3.1.xsd"
        logicalFilePath="doesntmatter">

    <changeSet author="huigong" id="portaldb-13.0-sprint5-servicelink-update">
        <comment>update the analytis-dashboard link to analytics</comment>
        <update tableName="SERVICE">
            <column name="link_href" value="/admin/app/analytics"/>
            <where>uuid='6c8beafc-b509-11e7-abc4-cec278b6b50a'</where>
        </update>
    </changeSet>
</databaseChangeLog>