<?xml version="1.0" encoding="UTF-8"?>
<databaseChangeLog
        xmlns="http://www.liquibase.org/xml/ns/dbchangelog"
        xmlns:xsi="http://www.w3.org/2001/XMLSchema-instance"
        xsi:schemaLocation="http://www.liquibase.org/xml/ns/dbchangelog
                      http://www.liquibase.org/xml/ns/dbchangelog/dbchangelog-3.1.xsd"
        logicalFilePath="doesntmatter">

    <property name="MONITOR_UUID" value="6c8beafc-b509-11e7-abc4-cec278b6b50a" />

    <changeSet author="dmun" id="portaldb-13.0-sprint5-analytics-update-add-nav">
        <comment>Add Jarvis and Business Reports Links</comment>
        <update tableName="SERVICE">
            <column name="link_href" value="/admin/app/analytics-dashboard"/>
            <where>uuid='${MONITOR_UUID}'</where>
        </update>
        <insert tableName="SERVICE_NAVIGATION">
            <column name="uuid" valueComputed="generate_uuid()"/>
            <column name="service_id" value="${MONITOR_UUID}"/>
            <column name="tenant_id"/>
            <column name="ordering" value="10"/>
            <column name="link_title" value="Analytics Application"/>
            <column name="link_title_key" value="service.monitor.nav.analytics.title"/>
            <column name="link_image" value=""/>
            <column name="link_href" value="/admin/app/analytics-dashboard"/>
        </insert>
        <insert tableName="SERVICE_NAVIGATION">
            <column name="uuid" valueComputed="generate_uuid()"/>
            <column name="service_id" value="${MONITOR_UUID}"/>
            <column name="tenant_id"/>
            <column name="ordering" value="20"/>
            <column name="access_conditions" value="SAAS_ONLY,DEPRECATED"/>
            <column name="link_title" value="Business Reports"/>
            <column name="link_title_key" value="service.monitor.nav.businessreports.title"/>
            <column name="link_image" value=""/>
            <column name="link_href" value="/admin/app/business-reports"/>
        </insert>
    </changeSet>

</databaseChangeLog>
