<?xml version="1.0" encoding="UTF-8"?>
<databaseChangeLog
        xmlns="http://www.liquibase.org/xml/ns/dbchangelog"
        xmlns:xsi="http://www.w3.org/2001/XMLSchema-instance"
        xsi:schemaLocation="http://www.liquibase.org/xml/ns/dbchangelog
                      http://www.liquibase.org/xml/ns/dbchangelog/dbchangelog-3.1.xsd"
        logicalFilePath="doesntmatter">

    <changeSet author="haene01" id="portaldb-13.0-sprint4-DML-insert-denied-service-to-role-data">
        <preConditions onFail="MARK_RAN">
            <not>
                <sqlCheck expectedResult="0">select count(*) from USER_ROLE</sqlCheck>
            </not>
            <sqlCheck expectedResult="0">select count(*) from DENIED_SERVICE_ROLE</sqlCheck>
        </preConditions>
        <comment>Add default values for roles denied access to services</comment>
        <!-- PUBLISH (6633bfa5-2efc-44a9-a8db-1a9233a3edaa):  NOT DENIED FOR ANY USER -->
        <!-- DEVELOP (f3d3d2ba-c84a-4764-876c-c36a4f3cd275):  NOT DENIED FOR ANY USER ROLE-->
        <!-- SETTINGS (0084e50c-7a6b-4c4b-808f-fd891f58802d):  DENIED FOR DEV_ORG_ADMIN (00000005-0005-0005-0005-000000000005) AND DEV (00000006-0006-0006-0006-000000000006)-->
        <insert tableName="DENIED_SERVICE_ROLE">
            <column name="uuid" value="c0803fc2-2d20-4576-97dc-4fc7599d024d"/>
            <column name="service_id" value="0084e50c-7a6b-4c4b-808f-fd891f58802d"/>
            <column name="tenant_id"/>
            <column name="user_role_id" value="00000005-0005-0005-0005-000000000005"/>
        </insert>
        <insert tableName="DENIED_SERVICE_ROLE">
            <column name="uuid" value="7715fdd3-a0e8-4d82-8d25-3d8c55eebf63"/>
            <column name="service_id" value="0084e50c-7a6b-4c4b-808f-fd891f58802d"/>
            <column name="tenant_id"/>
            <column name="user_role_id" value="00000006-0006-0006-0006-000000000006"/>
        </insert>
        <!-- APPEARANCE (2a78750b-61dd-4369-913a-bc11cc61be4a):  DENIED FOR API_OWNER (00000004-0004-0004-0004-000000000004),
             DEV_ORG_ADMIN (00000005-0005-0005-0005-000000000005) AND DEV (00000006-0006-0006-0006-000000000006)-->
        <insert tableName="DENIED_SERVICE_ROLE">
            <column name="uuid" value="6928998e-da99-449e-901c-386d35b390eb"/>
            <column name="service_id" value="2a78750b-61dd-4369-913a-bc11cc61be4a"/>
            <column name="tenant_id"/>
            <column name="user_role_id" value="00000004-0004-0004-0004-000000000004"/>
        </insert>
        <insert tableName="DENIED_SERVICE_ROLE">
            <column name="uuid" value="c79b8cbc-007d-43f0-be41-9d2d691ce62a"/>
            <column name="service_id" value="2a78750b-61dd-4369-913a-bc11cc61be4a"/>
            <column name="tenant_id"/>
            <column name="user_role_id" value="00000005-0005-0005-0005-000000000005"/>
        </insert>
        <insert tableName="DENIED_SERVICE_ROLE">
            <column name="uuid" value="bc41c479-6bca-46a0-ad08-730222717e7f"/>
            <column name="service_id" value="2a78750b-61dd-4369-913a-bc11cc61be4a"/>
            <column name="tenant_id"/>
            <column name="user_role_id" value="00000006-0006-0006-0006-000000000006"/>
        </insert>
        <!-- CONTENT (3e4c5247-0e68-40fd-ae66-e172aaf70f66):  NOT DENIED FOR ANY USER ROLE-->
        <!-- MONITOR (6c8beafc-b509-11e7-abc4-cec278b6b50a):  NOT DENIED FOR ANY USER ROLE-->
    </changeSet>
</databaseChangeLog>