<?xml version="1.0" encoding="UTF-8"?>
<databaseChangeLog
        xmlns="http://www.liquibase.org/xml/ns/dbchangelog"
        xmlns:xsi="http://www.w3.org/2001/XMLSchema-instance"
        xsi:schemaLocation="http://www.liquibase.org/xml/ns/dbchangelog
                      http://www.liquibase.org/xml/ns/dbchangelog/dbchangelog-3.1.xsd"
        logicalFilePath="doesntmatter">

    <changeSet author="huigong" id="portaldb-13.0-sprint5-service-update-setting-page">
        <comment>split setting landing page to admin and dev users</comment>
        <insert tableName="SERVICE_NAVIGATION">
            <column name="uuid" value="61f5e289-711c-4fbb-b666-aabea8e71989"/>
            <column name="service_id" value="0084e50c-7a6b-4c4b-808f-fd891f58802d"/>
            <column name="tenant_id"/>
            <column name="ordering" value="30"/>
            <column name="link_title" value="Basic Settings"/>
            <column name="link_title_key" value="service.settings.nav.basicsettings.title"/>
            <column name="link_image" value=""/>
            <column name="link_href" value="/admin/settings"/>
        </insert>
    </changeSet>
    <changeSet id="portaldb-13.0-sprint5-DML-insert-service-reg-default-data-roles-nav" author="haene01">
        <preConditions onFail="MARK_RAN">
            <sqlCheck expectedResult="0">SELECT COUNT(*) FROM SERVICE_NAVIGATION WHERE UUID='3d74dbfc-5ea1-4284-a178-3746c8051690'</sqlCheck>
        </preConditions>
        <insert tableName="SERVICE_NAVIGATION">
            <column name="uuid" value="3d74dbfc-5ea1-4284-a178-3746c8051690"/>
            <column name="service_id" value="0084e50c-7a6b-4c4b-808f-fd891f58802d"/>
            <column name="tenant_id"/>
            <column name="ordering" value="21"/>
            <column name="link_title" value="Roles"/>
            <column name="link_title_key" value="service.settings.nav.roles.title"/>
            <column name="link_image" value=""/>
            <column name="link_href" value="/admin/roles"/>
        </insert>
    </changeSet>



    <changeSet author="chari11" id="portaldb-13.0-sprint5-service-titleupdates">
        <comment>update the analytis-dashboard link to analytics</comment>
        <update tableName="SERVICE_NAVIGATION">
            <column name="link_title" value="Proxies"/>
            <where>uuid='ca744ce9-a28b-48d8-9f45-5348ea4f7b42'</where>
        </update>
        <update tableName="SERVICE_NAVIGATION">
            <column name="link_title" value="EULAs"/>
            <where>uuid='d8380b58-2232-4d7d-9b5a-9f28cc5cfcdf'</where>
        </update>
    </changeSet>

</databaseChangeLog>