<?xml version="1.0" encoding="UTF-8"?>
<databaseChangeLog
        xmlns="http://www.liquibase.org/xml/ns/dbchangelog"
        xmlns:xsi="http://www.w3.org/2001/XMLSchema-instance"
        xsi:schemaLocation="http://www.liquibase.org/xml/ns/dbchangelog
                      http://www.liquibase.org/xml/ns/dbchangelog/dbchangelog-3.1.xsd"
        logicalFilePath="doesntmatter">

    <changeSet author="haene01" id="portaldb-13.0-sprint4-DML-insert-denied-service-nav-to-role-data">
        <preConditions onFail="MARK_RAN">
            <not>
                <sqlCheck expectedResult="0">select count(*) from USER_ROLE</sqlCheck>
            </not>
            <sqlCheck expectedResult="0">select count(*) from DENIED_SERVICE_NAVIGATION_ROLE</sqlCheck>
        </preConditions>
        <comment>Add default values for roles denied access to service navigations</comment>
        <!-- MANAGE_APIS (96c8d7bc-178f-476c-8c81-9c64066f0a93):  DENIED FOR DEV_ORG_ADMIN (00000005-0005-0005-0005-000000000005) AND DEV (00000006-0006-0006-0006-000000000006)-->
        <insert tableName="DENIED_SERVICE_NAVIGATION_ROLE">
            <column name="uuid" value="d9bbeb0d-c661-47d7-8ed1-da7d1aacc91b"/>
            <column name="service_navigation_id" value="96c8d7bc-178f-476c-8c81-9c64066f0a93"/>
            <column name="tenant_id"/>
            <column name="user_role_id" value="00000005-0005-0005-0005-000000000005"/>
        </insert>
        <insert tableName="DENIED_SERVICE_NAVIGATION_ROLE">
            <column name="uuid" value="6140c053-b7c6-4257-be16-ceddeb76a306"/>
            <column name="service_navigation_id" value="96c8d7bc-178f-476c-8c81-9c64066f0a93"/>
            <column name="tenant_id"/>
            <column name="user_role_id" value="00000006-0006-0006-0006-000000000006"/>
        </insert>
        <!-- APPS FOR PUBLISHER DENIED FOR (66d8b75a-c631-40c4-b60b-32ce9ff53271): DENIED FOR DEV_ORG_ADMIN (00000005-0005-0005-0005-000000000005) AND DEV (00000006-0006-0006-0006-000000000006) -->
        <insert tableName="DENIED_SERVICE_NAVIGATION_ROLE">
            <column name="uuid" value="85971756-7211-496f-9a2c-9267d92476e2"/>
            <column name="service_navigation_id" value="66d8b75a-c631-40c4-b60b-32ce9ff53271"/>
            <column name="tenant_id"/>
            <column name="user_role_id" value="00000005-0005-0005-0005-000000000005"/>
        </insert>
        <insert tableName="DENIED_SERVICE_NAVIGATION_ROLE">
            <column name="uuid" value="3e962f01-0268-4420-8ace-56d4dbe6165a"/>
            <column name="service_navigation_id" value="66d8b75a-c631-40c4-b60b-32ce9ff53271"/>
            <column name="tenant_id"/>
            <column name="user_role_id" value="00000006-0006-0006-0006-000000000006"/>
        </insert>
        <!-- APPS FOR DEVELOPER DENIED FOR (c1e2dda8-1914-4cbe-a349-1aaa46b5384f): DENIED FOR PORTAL_ADMIN (00000001-0001-0001-0001-000000000001) AND API_OWNER (00000004-0004-0004-0004-000000000004) -->
        <insert tableName="DENIED_SERVICE_NAVIGATION_ROLE">
            <column name="uuid" value="56456a6b-2a14-4cae-987f-4f5dbb9b8347"/>
            <column name="service_navigation_id" value="c1e2dda8-1914-4cbe-a349-1aaa46b5384f"/>
            <column name="tenant_id"/>
            <column name="user_role_id" value="00000001-0001-0001-0001-000000000001"/>
        </insert>
        <insert tableName="DENIED_SERVICE_NAVIGATION_ROLE">
            <column name="uuid" value="8c97ae3e-a90d-4b3e-9dda-4a72b59da2e4"/>
            <column name="service_navigation_id" value="c1e2dda8-1914-4cbe-a349-1aaa46b5384f"/>
            <column name="tenant_id"/>
            <column name="user_role_id" value="00000004-0004-0004-0004-000000000004"/>
        </insert>

        <!-- EULAS (d8380b58-2232-4d7d-9b5a-9f28cc5cfcdf):  DENIED FOR DEV_ORG_ADMIN AND DEV -->
        <insert tableName="DENIED_SERVICE_NAVIGATION_ROLE">
            <column name="uuid" value="215c3842-acd3-45a5-95e7-996bcd83e948"/>
            <column name="service_navigation_id" value="d8380b58-2232-4d7d-9b5a-9f28cc5cfcdf"/>
            <column name="tenant_id"/>
            <column name="user_role_id" value="00000005-0005-0005-0005-000000000005"/>
        </insert>
        <insert tableName="DENIED_SERVICE_NAVIGATION_ROLE">
            <column name="uuid" value="92755962-89f0-46ee-9f32-eca6d3504998"/>
            <column name="service_navigation_id" value="d8380b58-2232-4d7d-9b5a-9f28cc5cfcdf"/>
            <column name="tenant_id"/>
            <column name="user_role_id" value="00000006-0006-0006-0006-000000000006"/>
        </insert>
        <!-- DEPLOYMENTS (ca744ce9-a28b-48d8-9f45-5348ea4f7b42):  DENIED FOR DEV_ORG_ADMIN AND DEV -->
        <insert tableName="DENIED_SERVICE_NAVIGATION_ROLE">
            <column name="uuid" value="e6bfadaa-87c3-4f50-9107-522c611d6166"/>
            <column name="service_navigation_id" value="ca744ce9-a28b-48d8-9f45-5348ea4f7b42"/>
            <column name="tenant_id"/>
            <column name="user_role_id" value="00000005-0005-0005-0005-000000000005"/>
        </insert>
        <insert tableName="DENIED_SERVICE_NAVIGATION_ROLE">
            <column name="uuid" value="f229793c-8367-4ae7-8835-9518254af4c8"/>
            <column name="service_navigation_id" value="ca744ce9-a28b-48d8-9f45-5348ea4f7b42"/>
            <column name="tenant_id"/>
            <column name="user_role_id" value="00000006-0006-0006-0006-000000000006"/>
        </insert>
        <!-- API_GROUPS (02ab3f45-903d-4de2-b605-cef2c96da415):  DENIED FOR PORTAL_ADMIN (00000001-0001-0001-0001-000000000001) AND API_OWNER (00000004-0004-0004-0004-000000000004),
             DEV_ORG_ADMIN AND DEV -->
        <insert tableName="DENIED_SERVICE_NAVIGATION_ROLE">
            <column name="uuid" value="e899eb3b-1dc9-49df-a991-49c3ced6504a"/>
            <column name="service_navigation_id" value="02ab3f45-903d-4de2-b605-cef2c96da415"/>
            <column name="tenant_id"/>
            <column name="user_role_id" value="00000001-0001-0001-0001-000000000001"/>
        </insert>
        <insert tableName="DENIED_SERVICE_NAVIGATION_ROLE">
            <column name="uuid" value="aaeb7ad4-b813-4718-b7fd-2d19fb073539"/>
            <column name="service_navigation_id" value="02ab3f45-903d-4de2-b605-cef2c96da415"/>
            <column name="tenant_id"/>
            <column name="user_role_id" value="00000004-0004-0004-0004-000000000004"/>
        </insert>
        <insert tableName="DENIED_SERVICE_NAVIGATION_ROLE">
            <column name="uuid" value="a1deb61d-1d56-409c-8fee-906fd1f13a1a"/>
            <column name="service_navigation_id" value="02ab3f45-903d-4de2-b605-cef2c96da415"/>
            <column name="tenant_id"/>
            <column name="user_role_id" value="00000005-0005-0005-0005-000000000005"/>
        </insert>
        <insert tableName="DENIED_SERVICE_NAVIGATION_ROLE">
            <column name="uuid" value="2352c1ec-e18f-494a-9f52-165efe16b037"/>
            <column name="service_navigation_id" value="02ab3f45-903d-4de2-b605-cef2c96da415"/>
            <column name="tenant_id"/>
            <column name="user_role_id" value="00000006-0006-0006-0006-000000000006"/>
        </insert>
        <!-- API_CATALOG (eb0d22ca-a1e8-4c94-aefc-d9663ce75021):  NOT DENIED FOR ANY USER ROLE -->
        <!-- API_EXPLORER (0a596691-aa98-41c0-83b7-2783d6f26188):  NOT DENIED FOR ANY USER ROLE -->
        <!-- ACCOUNT_PLANS (ff747bcc-d4e0-4c1b-8524-a1cc670b5016):  DENIED FOR DEV_ORG_ADMIN AND DEV -->
        <insert tableName="DENIED_SERVICE_NAVIGATION_ROLE">
            <column name="uuid" value="a8bcdc1a-1383-43bb-b11c-ad15347d4c87"/>
            <column name="service_navigation_id" value="ff747bcc-d4e0-4c1b-8524-a1cc670b5016"/>
            <column name="tenant_id"/>
            <column name="user_role_id" value="00000005-0005-0005-0005-000000000005"/>
        </insert>
        <insert tableName="DENIED_SERVICE_NAVIGATION_ROLE">
            <column name="uuid" value="5e381425-1bc3-41da-ad88-d1f96ecfecf0"/>
            <column name="service_navigation_id" value="ff747bcc-d4e0-4c1b-8524-a1cc670b5016"/>
            <column name="tenant_id"/>
            <column name="user_role_id" value="00000006-0006-0006-0006-000000000006"/>
        </insert>
        <!-- VIEW_ALL_APIS (5608a3d0-2d8d-4eaa-976c-8f5fb4001721):  NOT DENIED FOR ANY USER ROLE -->
        <!-- VIEW_ALL_APPS (a2dc50a3-a291-4404-b144-5882ed314237):  NOT DENIED FOR ANY USER ROLE -->
        <!-- USERS FOR PUBLISHER (839d56e8-28a8-4eaa-99ce-9478b32e81d3):  DENIED FOR DEV_ORG_ADMIN AND DEV -->
        <insert tableName="DENIED_SERVICE_NAVIGATION_ROLE">
            <column name="uuid" value="6dcf1a1a-543c-4ee2-9008-143d6ead0713"/>
            <column name="service_navigation_id" value="839d56e8-28a8-4eaa-99ce-9478b32e81d3"/>
            <column name="tenant_id"/>
            <column name="user_role_id" value="00000005-0005-0005-0005-000000000005"/>
        </insert>
        <insert tableName="DENIED_SERVICE_NAVIGATION_ROLE">
            <column name="uuid" value="25e25165-5f9a-4a01-b337-450c224d311d"/>
            <column name="service_navigation_id" value="839d56e8-28a8-4eaa-99ce-9478b32e81d3"/>
            <column name="tenant_id"/>
            <column name="user_role_id" value="00000006-0006-0006-0006-000000000006"/>
        </insert>
        <!-- USERS_FOR_DEVELOPER(dd348195-2d3a-49c7-84e2-f087ce46e6a5) DENIED FOR PORTAL_ADMIN AND API_OWNER -->
        <insert tableName="DENIED_SERVICE_NAVIGATION_ROLE">
            <column name="uuid" value="97504603-b65c-4489-ae67-e8ae5519310f"/>
            <column name="service_navigation_id" value="dd348195-2d3a-49c7-84e2-f087ce46e6a5"/>
            <column name="tenant_id"/>
            <column name="user_role_id" value="00000001-0001-0001-0001-000000000001"/>
        </insert>
        <insert tableName="DENIED_SERVICE_NAVIGATION_ROLE">
            <column name="uuid" value="970db289-096c-4836-9bb2-1ec46debacb3"/>
            <column name="service_navigation_id" value="dd348195-2d3a-49c7-84e2-f087ce46e6a5"/>
            <column name="tenant_id"/>
            <column name="user_role_id" value="00000004-0004-0004-0004-000000000004"/>
        </insert>
        <!-- SETTING_FOR_ADMIN(61f5e289-711c-4fbb-b666-aabea8e71989) DENIED FOR API_OWNER, DEV_ORG_ADMIN AND DEV -->
        <insert tableName="DENIED_SERVICE_NAVIGATION_ROLE">
            <column name="uuid" value="55ce503a-a8c4-4d85-a24d-1bbaca688c4b"/>
            <column name="service_navigation_id" value="61f5e289-711c-4fbb-b666-aabea8e71989"/>
            <column name="tenant_id"/>
            <column name="user_role_id" value="00000004-0004-0004-0004-000000000004"/>
        </insert>
        <insert tableName="DENIED_SERVICE_NAVIGATION_ROLE">
            <column name="uuid" value="7a729ff4-cba0-423c-8af2-fda66cc1eaaf"/>
            <column name="service_navigation_id" value="61f5e289-711c-4fbb-b666-aabea8e71989"/>
            <column name="tenant_id"/>
            <column name="user_role_id" value="00000005-0005-0005-0005-000000000005"/>
        </insert>
        <insert tableName="DENIED_SERVICE_NAVIGATION_ROLE">
            <column name="uuid" value="6e63aa04-4a40-436d-965c-48ccfa49460c"/>
            <column name="service_navigation_id" value="61f5e289-711c-4fbb-b666-aabea8e71989"/>
            <column name="tenant_id"/>
            <column name="user_role_id" value="00000006-0006-0006-0006-000000000006"/>
        </insert>
        <!-- ORGANIZATION (0c871f09-ec0e-47af-882a-7fe54deb955e):  DENIED FOR DEV_ORG_ADMIN AND DEV -->
        <insert tableName="DENIED_SERVICE_NAVIGATION_ROLE">
            <column name="uuid" value="641f3672-ec6d-44bd-a0e3-29b0e5a71b9e"/>
            <column name="service_navigation_id" value="0c871f09-ec0e-47af-882a-7fe54deb955e"/>
            <column name="tenant_id"/>
            <column name="user_role_id" value="00000005-0005-0005-0005-000000000005"/>
        </insert>
        <insert tableName="DENIED_SERVICE_NAVIGATION_ROLE">
            <column name="uuid" value="c5a6626a-76a9-42b4-9bf5-d50d1676ff91"/>
            <column name="service_navigation_id" value="0c871f09-ec0e-47af-882a-7fe54deb955e"/>
            <column name="tenant_id"/>
            <column name="user_role_id" value="00000006-0006-0006-0006-000000000006"/>
        </insert>
        <!-- ROLES (3d74dbfc-5ea1-4284-a178-3746c8051690): DENIED FOR PORTAL_ADMIN, API_OWNER, DEV_ORG_ADMIN AND DEV -->
        <insert tableName="DENIED_SERVICE_NAVIGATION_ROLE">
            <column name="uuid" value="677fb4b9-acb6-44ae-801e-04cf3a734080"/>
            <column name="service_navigation_id" value="3d74dbfc-5ea1-4284-a178-3746c8051690"/>
            <column name="tenant_id"/>
            <column name="user_role_id" value="00000001-0001-0001-0001-000000000001"/>
        </insert>
        <insert tableName="DENIED_SERVICE_NAVIGATION_ROLE">
            <column name="uuid" value="b5464f62-8629-491e-8b41-edfdfa0f6647"/>
            <column name="service_navigation_id" value="3d74dbfc-5ea1-4284-a178-3746c8051690"/>
            <column name="tenant_id"/>
            <column name="user_role_id" value="00000004-0004-0004-0004-000000000004"/>
        </insert>
        <insert tableName="DENIED_SERVICE_NAVIGATION_ROLE">
            <column name="uuid" value="20609de3-35a9-4130-81a3-19d91687f5a2"/>
            <column name="service_navigation_id" value="3d74dbfc-5ea1-4284-a178-3746c8051690"/>
            <column name="tenant_id"/>
            <column name="user_role_id" value="00000005-0005-0005-0005-000000000005"/>
        </insert>
        <insert tableName="DENIED_SERVICE_NAVIGATION_ROLE">
            <column name="uuid" value="2db3c290-6dbb-4a4f-8ec8-ec67cf062b65"/>
            <column name="service_navigation_id" value="3d74dbfc-5ea1-4284-a178-3746c8051690"/>
            <column name="tenant_id"/>
            <column name="user_role_id" value="00000006-0006-0006-0006-000000000006"/>
        </insert>
        <!-- REGISTRATION (c7c93d71-2632-4e33-8daf-620e2bfd6df4):  DENIED FOR API_OWNER, DEV_ORG_ADMIN AND DEV -->
        <insert tableName="DENIED_SERVICE_NAVIGATION_ROLE">
            <column name="uuid" value="38c9bff9-910d-4c47-9812-a9dfd6494146"/>
            <column name="service_navigation_id" value="c7c93d71-2632-4e33-8daf-620e2bfd6df4"/>
            <column name="tenant_id"/>
            <column name="user_role_id" value="00000004-0004-0004-0004-000000000004"/>
        </insert>
        <insert tableName="DENIED_SERVICE_NAVIGATION_ROLE">
            <column name="uuid" value="f225a694-398b-4271-a4e7-8ea1aaa3072b"/>
            <column name="service_navigation_id" value="c7c93d71-2632-4e33-8daf-620e2bfd6df4"/>
            <column name="tenant_id"/>
            <column name="user_role_id" value="00000005-0005-0005-0005-000000000005"/>
        </insert>
        <insert tableName="DENIED_SERVICE_NAVIGATION_ROLE">
            <column name="uuid" value="7279fe01-fc1d-40fd-8f6b-6821afabb54e"/>
            <column name="service_navigation_id" value="c7c93d71-2632-4e33-8daf-620e2bfd6df4"/>
            <column name="tenant_id"/>
            <column name="user_role_id" value="00000006-0006-0006-0006-000000000006"/>
        </insert>
        <!-- REQUESTS (018dc0a2-e51f-4931-907c-6a7063568930):  DENIED FOR DEV_ORG_ADMIN AND DEV -->
        <insert tableName="DENIED_SERVICE_NAVIGATION_ROLE">
            <column name="uuid" value="5a8ccd64-7a4d-4cc4-8d3b-264079463c7b"/>
            <column name="service_navigation_id" value="018dc0a2-e51f-4931-907c-6a7063568930"/>
            <column name="tenant_id"/>
            <column name="user_role_id" value="00000005-0005-0005-0005-000000000005"/>
        </insert>
        <insert tableName="DENIED_SERVICE_NAVIGATION_ROLE">
            <column name="uuid" value="bbc57f9f-cf36-45b3-b0d3-caf657289dc0"/>
            <column name="service_navigation_id" value="018dc0a2-e51f-4931-907c-6a7063568930"/>
            <column name="tenant_id"/>
            <column name="user_role_id" value="00000006-0006-0006-0006-000000000006"/>
        </insert>
        <!-- REQUEST_SETTINGS (f7a1ca60-b7f8-4470-8bc7-91e8925a08d4):  DENIED FOR API_OWNER, DEV_ORG_ADMIN AND DEV -->
        <insert tableName="DENIED_SERVICE_NAVIGATION_ROLE">
            <column name="uuid" value="c1d3dfbe-2d38-4742-97be-286e05ae2575"/>
            <column name="service_navigation_id" value="f7a1ca60-b7f8-4470-8bc7-91e8925a08d4"/>
            <column name="tenant_id"/>
            <column name="user_role_id" value="00000004-0004-0004-0004-000000000004"/>
        </insert>
        <insert tableName="DENIED_SERVICE_NAVIGATION_ROLE">
            <column name="uuid" value="84aa362c-43fc-449f-8fd7-6021988d6244"/>
            <column name="service_navigation_id" value="f7a1ca60-b7f8-4470-8bc7-91e8925a08d4"/>
            <column name="tenant_id"/>
            <column name="user_role_id" value="00000005-0005-0005-0005-000000000005"/>
        </insert>
        <insert tableName="DENIED_SERVICE_NAVIGATION_ROLE">
            <column name="uuid" value="0a485c5f-b41c-451f-869e-e0a2db45fdcf"/>
            <column name="service_navigation_id" value="f7a1ca60-b7f8-4470-8bc7-91e8925a08d4"/>
            <column name="tenant_id"/>
            <column name="user_role_id" value="00000006-0006-0006-0006-000000000006"/>
        </insert>
        <!-- AUTHENTICATION (fff60d4d-422a-46ae-a96e-bcdbd1e34a16):  DENIED FOR API_OWNER, DEV_ORG_ADMIN AND DEV -->
        <insert tableName="DENIED_SERVICE_NAVIGATION_ROLE">
            <column name="uuid" value="17efbc54-0d40-485b-83bc-9d9a6184b3f6"/>
            <column name="service_navigation_id" value="fff60d4d-422a-46ae-a96e-bcdbd1e34a16"/>
            <column name="tenant_id"/>
            <column name="user_role_id" value="00000004-0004-0004-0004-000000000004"/>
        </insert>
        <insert tableName="DENIED_SERVICE_NAVIGATION_ROLE">
            <column name="uuid" value="8126f8e3-8388-4d5f-8d22-ca9540821281"/>
            <column name="service_navigation_id" value="fff60d4d-422a-46ae-a96e-bcdbd1e34a16"/>
            <column name="tenant_id"/>
            <column name="user_role_id" value="00000005-0005-0005-0005-000000000005"/>
        </insert>
        <insert tableName="DENIED_SERVICE_NAVIGATION_ROLE">
            <column name="uuid" value="22385473-b717-4d11-8460-b27ed1b29887"/>
            <column name="service_navigation_id" value="fff60d4d-422a-46ae-a96e-bcdbd1e34a16"/>
            <column name="tenant_id"/>
            <column name="user_role_id" value="00000006-0006-0006-0006-000000000006"/>
        </insert>
        <!-- CUSTOM_FIELDS (819169a6-f62a-4b69-956d-1c7ca796e671):  DENIED FOR DEV_ORG_ADMIN AND DEV -->
        <insert tableName="DENIED_SERVICE_NAVIGATION_ROLE">
            <column name="uuid" value="d96a5845-fa4f-4be1-b7b1-aa888481e7d6"/>
            <column name="service_navigation_id" value="819169a6-f62a-4b69-956d-1c7ca796e671"/>
            <column name="tenant_id"/>
            <column name="user_role_id" value="00000005-0005-0005-0005-000000000005"/>
        </insert>
        <insert tableName="DENIED_SERVICE_NAVIGATION_ROLE">
            <column name="uuid" value="46bbe9e2-f1e9-44a9-8966-d33d0108d3ca"/>
            <column name="service_navigation_id" value="819169a6-f62a-4b69-956d-1c7ca796e671"/>
            <column name="tenant_id"/>
            <column name="user_role_id" value="00000006-0006-0006-0006-000000000006"/>
        </insert>
        <!-- MOBILE_API_GATEWAY (c065923d-61b4-4c77-afe3-effe0ab4cc0a):  DENIED FOR API_OWNER, DEV_ORG_ADMIN AND DEV -->
        <insert tableName="DENIED_SERVICE_NAVIGATION_ROLE">
            <column name="uuid" value="9f160e34-75f8-46ed-80b0-146e037f8e1f"/>
            <column name="service_navigation_id" value="c065923d-61b4-4c77-afe3-effe0ab4cc0a"/>
            <column name="tenant_id"/>
            <column name="user_role_id" value="00000004-0004-0004-0004-000000000004"/>
        </insert>
        <insert tableName="DENIED_SERVICE_NAVIGATION_ROLE">
            <column name="uuid" value="110ca98f-aff2-48d2-a8f2-421ef2989d89"/>
            <column name="service_navigation_id" value="c065923d-61b4-4c77-afe3-effe0ab4cc0a"/>
            <column name="tenant_id"/>
            <column name="user_role_id" value="00000005-0005-0005-0005-000000000005"/>
        </insert>
        <insert tableName="DENIED_SERVICE_NAVIGATION_ROLE">
            <column name="uuid" value="cf17b572-372a-42a8-8ad6-d28c162e0215"/>
            <column name="service_navigation_id" value="c065923d-61b4-4c77-afe3-effe0ab4cc0a"/>
            <column name="tenant_id"/>
            <column name="user_role_id" value="00000006-0006-0006-0006-000000000006"/>
        </insert>
        <!-- MY_PROFILE (5608a3d0-2d8d-4eaa-976c-8f5fb4001721):  NOT DENIED FOR ANY USER ROLE -->
    </changeSet>
    <changeSet id="portaldb-13.0-sprint4-DML-insert-denied-service-nav-to-role-data-apiowner-deployments" author="haene01">
        <preConditions onFail="MARK_RAN">
            <not>
                <sqlCheck expectedResult="0">select count(*) from USER_ROLE</sqlCheck>
            </not>
            <sqlCheck expectedResult="0">select count(*) from DENIED_SERVICE_NAVIGATION_ROLE where UUID='8d405b12-3d23-4444-96f8-b567c0c55051'</sqlCheck>
        </preConditions>
        <!-- DEPLOYMENTS (ca744ce9-a28b-48d8-9f45-5348ea4f7b42):  DENIED FOR APIOWNER -->
        <insert tableName="DENIED_SERVICE_NAVIGATION_ROLE">
            <column name="uuid" value="8d405b12-3d23-4444-96f8-b567c0c55051"/>
            <column name="service_navigation_id" value="ca744ce9-a28b-48d8-9f45-5348ea4f7b42"/>
            <column name="tenant_id"/>
            <column name="user_role_id" value="00000004-0004-0004-0004-000000000004"/>
        </insert>
    </changeSet>

    <changeSet author="huigong" id="portaldb-13.0-sprint4-DML-remove-admin-apiowner-from-api-groups">
        <preConditions onFail="MARK_RAN">
            <sqlCheck expectedResult="1">select count(*) from DENIED_SERVICE_NAVIGATION_ROLE where UUID='aaeb7ad4-b813-4718-b7fd-2d19fb073539'</sqlCheck>
        </preConditions>
        <!--  Enable API_GROUPS (02ab3f45-903d-4de2-b605-cef2c96da415): FOR PORTAL_ADMIN AND API_OWNER -->
        <delete tableName="DENIED_SERVICE_NAVIGATION_ROLE">
            <where>uuid='aaeb7ad4-b813-4718-b7fd-2d19fb073539'</where>
        </delete>
    </changeSet>
    <changeSet author="huigong" id="portaldb-13.0-sprint4-DML-remove-admin-apiowner-from-api-groups2">
        <preConditions onFail="MARK_RAN">
            <sqlCheck expectedResult="1">select count(*) from DENIED_SERVICE_NAVIGATION_ROLE where UUID='e899eb3b-1dc9-49df-a991-49c3ced6504a'</sqlCheck>
        </preConditions>
        <!--  Enable API_GROUPS (02ab3f45-903d-4de2-b605-cef2c96da415): FOR PORTAL_ADMIN AND API_OWNER -->
        <delete tableName="DENIED_SERVICE_NAVIGATION_ROLE">
            <where>uuid='e899eb3b-1dc9-49df-a991-49c3ced6504a'</where>
        </delete>
    </changeSet>
</databaseChangeLog>