<?xml version="1.0" encoding="UTF-8"?>
<databaseChangeLog
        xmlns="http://www.liquibase.org/xml/ns/dbchangelog"
        xmlns:xsi="http://www.w3.org/2001/XMLSchema-instance"
        xsi:schemaLocation="http://www.liquibase.org/xml/ns/dbchangelog
                      http://www.liquibase.org/xml/ns/dbchangelog/dbchangelog-3.1.xsd"
        logicalFilePath="doesntmatter">

  <changeSet author="ilya" id="portaldb-3_1_sprint1-DDL1">
    <createTable tableName="VPC_SETTINGS">
          <column name="UUID" type="VARCHAR(36)">
              <constraints nullable="false"/>
          </column>
          <column name="NAME" type="VARCHAR(255)"/>
          <column name="USERNAME" type="VARCHAR(255)"/>
          <column name="PASSWORD" type="VARCHAR(255)"/>
          <column name="URL" type="VARCHAR(255)"/>
          <column name="CERT" type="LONGTEXT"/>
          <column name="CERT_PWD" type="VARCHAR(255)"/>
    </createTable>
    <addPrimaryKey columnNames="UUID" constraintName="PRIMARY" tableName="VPC_SETTINGS"/>
  </changeSet>

</databaseChangeLog>

