<?xml version="1.0" encoding="UTF-8"?>
<databaseChangeLog
        xmlns="http://www.liquibase.org/xml/ns/dbchangelog"
        xmlns:xsi="http://www.w3.org/2001/XMLSchema-instance"
        xsi:schemaLocation="http://www.liquibase.org/xml/ns/dbchangelog
                      http://www.liquibase.org/xml/ns/dbchangelog/dbchangelog-3.1.xsd"
        logicalFilePath="doesntmatter">
  <changeSet author="jbags" id="tenantdb-3_1-sprint01-DML-1">
    <sql>
      <![CDATA[
      INSERT INTO `VPC_SETTINGS` (`UUID`, `NAME`, `USERNAME`, `PASSWORD`, `URL`, `CERT`, `CERT_PWD`)
        VALUES ('0bb167d0-8c54-49d2-a748-6ca7490341d7', 'papi', '', '', '', '', '');
     ]]>
    </sql>
    <rollback>
      <delete tableName="VPC_SETTINGS">
        <where>UUID = '0bb167d0-8c54-49d2-a748-6ca7490341d7'</where>
      </delete>
    </rollback>
  </changeSet>

</databaseChangeLog>