<?xml version="1.0" encoding="UTF-8"?>
<databaseChangeLog
        xmlns="http://www.liquibase.org/xml/ns/dbchangelog"
        xmlns:xsi="http://www.w3.org/2001/XMLSchema-instance"
        xsi:schemaLocation="http://www.liquibase.org/xml/ns/dbchangelog
                      http://www.liquibase.org/xml/ns/dbchangelog/dbchangelog-3.1.xsd"
        logicalFilePath="doesntmatter">  

  <include file="sprint1/portaldb-7.0-sprint1-ephemeral-pssg-switch.xml" relativeToChangelogFile="true"/>
  
  <changeSet author="vmelandri" id="portaldb-7_0-sprint1-sprint1-ephemeral-pssg-switch">
    <tagDatabase tag="portaldb-6_0-sprint1-ephemeral-pssg-switch_tag"/>
  </changeSet>

  <include file="sprint1/portaldb-7.0_sprint1-DDL-TENANT_INFO_MULTICLUSTER-changelog.xml"
           relativeToChangelogFile="true"/>
  <include file="sprint1/portaldb-7.0_sprint1-DML-UPDATE-MULTICLUSTER-FOR-SAAS-changelog.xml"
           relativeToChangelogFile="true"/>

  <changeSet author="akhmu01" id="portaldb-7.0_sprint1-DDL-MULTICLUSTER-changelog-tag">
    <tagDatabase tag="portaldb-7.0_sprint1-DDL-TENANT_INFO_MULTICLUSTER-changelog-tag"/>
  </changeSet>

  <changeSet author="akhmu01" id="portaldb-7.0_sprint1-DML-MULTICLUSTER-changelog-tag">
    <tagDatabase tag="portaldb-7.0_sprint1-DML-UPDATE-MULTICLUSTER-FOR-SAAS-changelog-tag"/>
  </changeSet>

  <include file="sprint3/tenantdb-7.0-sprint3-ephemeral-pssg-01-tenant-schema.xml" relativeToChangelogFile="true"/>
  <changeSet author="vmelandri" id="tenantdb-7.0-sprint3-ephemeral-pssg-01-tenant-schema">
    <tagDatabase tag="tenantdb-7.0-sprint3-ephemeral-pssg-01-tenant-schema_tag"/>
  </changeSet>

  <include file="sprint3/tenantdb-7.0-sprint3-ephemeral-pssg-02-create-tenant-views.xml" relativeToChangelogFile="true"/>
  <changeSet author="vmelandri" id="tenantdb-7.0-sprint3-ephemeral-pssg-02-create-tenant-views">
    <tagDatabase tag="tenantdb-7.0-sprint3-ephemeral-pssg-02-create-tenant-views"/>
  </changeSet>


</databaseChangeLog>
