<?xml version="1.0" encoding="UTF-8"?>
<databaseChangeLog
        xmlns:xsi="http://www.w3.org/2001/XMLSchema-instance"
        xmlns="http://www.liquibase.org/xml/ns/dbchangelog"
        xsi:schemaLocation="http://www.liquibase.org/xml/ns/dbchangelog
                      http://www.liquibase.org/xml/ns/dbchangelog/dbchangelog-3.1.xsd"
        logicalFilePath="doesntmatter">
    <changeSet author="burva03" id="add-rta-enabled-boolean">
        <comment>'RTA_ENABLED' flag to enable RTA only for existing tenants</comment>
        <sql>
            INSERT INTO SETTING (tenant_id, uuid, name, value, create_ts, modify_ts, created_by)
            SELECT
                filtered_setting.tenant_id,
                generate_uuid(),
                'RTA_ENABLED',
                'true',
                current_ms(),
                0,
                'admin'
            FROM
                (select distinct tenant_id from SETTING where tenant_id!='') as filtered_setting;
        </sql>
        <rollback>
            <delete tableName="SETTING">
                <where>NAME='RTA_ENABLED'</where>
            </delete>
        </rollback>
    </changeSet>
</databaseChangeLog>