<?xml version="1.0" encoding="UTF-8" standalone="no"?>
<databaseChangeLog xmlns="http://www.liquibase.org/xml/ns/dbchangelog" xmlns:ext="http://www.liquibase.org/xml/ns/dbchangelog-ext" xmlns:xsi="http://www.w3.org/2001/XMLSchema-instance" xsi:schemaLocation="http://www.liquibase.org/xml/ns/dbchangelog http://www.liquibase.org/xml/ns/dbchangelog/dbchangelog-3.2.xsd http://www.liquibase.org/xml/ns/dbchangelog-ext http://www.liquibase.org/xml/ns/dbchangelog/dbchangelog-ext.xsd" logicalFilePath="doesntmatter">
    <changeSet author="joe (generated)" id="1409259344108-1">
        <createTable tableName="TENANT_INFO">
            <column name="UUID" type="VARCHAR(36)">
                <constraints nullable="false"/>
            </column>
            <column name="TENANT_ID" type="VARCHAR(255)">
                <constraints nullable="false"/>
            </column>
            <column name="PORTAL_NAME" type="VARCHAR(255)">
                <constraints nullable="false"/>
            </column>
            <column name="SSG_AUTHSVC_URI" type="VARCHAR(255)">
                <constraints nullable="false"/>
            </column>
            <column name="SSG_DATASVC_URI" type="VARCHAR(255)">
                <constraints nullable="false"/>
            </column>
            <column name="SSG_HOST" type="VARCHAR(255)">
                <constraints nullable="false"/>
            </column>
            <column name="SSG_USERNAME" type="VARCHAR(255)">
                <constraints nullable="false"/>
            </column>
            <column name="SSG_PASSWORD" type="VARCHAR(255)">
                <constraints nullable="false"/>
            </column>
            <column name="PRIVATE_KEY" type="LONGTEXT">
                <constraints nullable="false"/>
            </column>
            <column name="PRIVATE_KEY_PWD" type="VARCHAR(255)">
                <constraints nullable="false"/>
            </column>
            <column name="LOGO" type="LONGTEXT">
                <constraints nullable="false"/>
            </column>
            <column defaultValue="DEBUG" name="PORTAL_LOG_LEVEL" type="VARCHAR(50)">
                <constraints nullable="false"/>
            </column>
            <column defaultValue="DEBUG" name="AUDIT_LOG_LEVEL" type="VARCHAR(50)">
                <constraints nullable="false"/>
            </column>
            <column defaultValue="DEBUG" name="PERFORMANCE_LOG_LEVEL" type="VARCHAR(50)">
                <constraints nullable="false"/>
            </column>
            <column name="DEV_DASHBOARD_URI" type="VARCHAR(255)">
                <constraints nullable="false"/>
            </column>
            <column name="MY_PROFILE_URI" type="VARCHAR(255)">
                <constraints nullable="false"/>
            </column>
            <column name="ADMIN_EMAIL" type="VARCHAR(255)">
                <constraints nullable="false"/>
            </column>
            <column name="NO_REPLY_EMAIL" type="VARCHAR(100)">
                <constraints nullable="false"/>
            </column>
            <column name="PORTAL_HOST" type="VARCHAR(100)">
                <constraints nullable="false"/>
            </column>
            <column name="CQ_URL" type="VARCHAR(255)">
                <constraints nullable="false"/>
            </column>
            <column name="CQ_PWD" type="VARCHAR(255)">
                <constraints nullable="false"/>
            </column>
            <column name="CQ_USERNAME" type="VARCHAR(100)">
                <constraints nullable="false"/>
            </column>
            <column name="TENANT_SSG_PUBLIC_HOST" type="VARCHAR(100)">
                <constraints nullable="false"/>
            </column>
            <column defaultValue="TRUE" name="API_EXPLORER_WHITELIST_ENABLE" type="VARCHAR(50)"/>
            <column name="API_EXPLORER_WHITELIST_ALLOWED_HOST" type="LONGTEXT"/>
        </createTable>
    </changeSet>
    <changeSet author="joe (generated)" id="1409259344108-2">
        <createTable tableName="TENANT_INFO_CUSTOMIZATION">
            <column name="TENANT_INFO_UUID" type="VARCHAR(36)">
                <constraints nullable="false"/>
            </column>
            <column name="LOGO" type="LONGTEXT"/>
            <column name="FAVICON" type="LONGTEXT"/>
            <column name="HOME_PAGE_BANNER" type="LONGTEXT"/>
            <column name="DASHBOARD_PAGE_BANNER" type="LONGTEXT"/>
        </createTable>
    </changeSet>
    <changeSet author="joe (generated)" id="1409259344108-3">
        <addPrimaryKey columnNames="UUID" constraintName="PRIMARY" tableName="TENANT_INFO"/>
    </changeSet>
    <changeSet author="joe (generated)" id="1409259344108-4">
        <addPrimaryKey columnNames="TENANT_INFO_UUID" constraintName="PRIMARY" tableName="TENANT_INFO_CUSTOMIZATION"/>
    </changeSet>
    <changeSet author="joe (generated)" id="1409259344108-5">
        <addUniqueConstraint columnNames="TENANT_ID" constraintName="UK_499a46cbdf964e58a8a7211b688" deferrable="false" disabled="false" initiallyDeferred="false" tableName="TENANT_INFO"/>
    </changeSet>
    <changeSet author="joe (generated)" id="1409259344108-6">
        <addForeignKeyConstraint baseColumnNames="TENANT_INFO_UUID" baseTableName="TENANT_INFO_CUSTOMIZATION" constraintName="TENANT_INFO_CUSTOMIZATION_ibfk_1" deferrable="false" initiallyDeferred="false" onDelete="NO ACTION" onUpdate="NO ACTION" referencedColumnNames="UUID" referencedTableName="TENANT_INFO"/>
    </changeSet>
</databaseChangeLog>
