<?xml version="1.0" encoding="UTF-8"?>
<databaseChangeLog
        xmlns="http://www.liquibase.org/xml/ns/dbchangelog"
        xmlns:xsi="http://www.w3.org/2001/XMLSchema-instance"
        xsi:schemaLocation="http://www.liquibase.org/xml/ns/dbchangelog
                      http://www.liquibase.org/xml/ns/dbchangelog/dbchangelog-3.1.xsd"
        logicalFilePath="doesntmatter">

  <changeSet author="ilya" id="portaldb-1_4-sprint01-DDL1">
    <addColumn tableName="TENANT_INFO">
      <column name="CQ_AUTHOR_URL" type="varchar(255)" defaultValue="none">
        <constraints nullable="false"/>
      </column>
    </addColumn>
    <rollback>
      <dropColumn columnName="CQ_AUTHOR_URL" tableName="TENANT_INFO"/>
    </rollback>
  </changeSet>

  <changeSet author="mchen2" id="portaldb-1_4-sprint01-DDL2">
    <addColumn tableName="TENANT_INFO">
      <column name="SETTINGS" type="LONGTEXT">
        <constraints nullable="true"/>
      </column>
    </addColumn>
    <rollback>
      <dropColumn columnName="SETTINGS" tableName="TENANT_INFO"/>
    </rollback>
  </changeSet>

  <changeSet author="ilya" id="portaldb-1_4-sprint01-DDL3">
    <renameColumn columnDataType="varchar(255)"
                  newColumnName="CQ_AUTHOR_HOST"
                  oldColumnName="CQ_AUTHOR_URL"
                  tableName="TENANT_INFO"/>
    <rollback>
      <renameColumn columnDataType="varchar(255)"
                    newColumnName="CQ_AUTHOR_URL"
                    oldColumnName="CQ_AUTHOR_HOST"
                    tableName="TENANT_INFO"/>
    </rollback>
  </changeSet>

  <changeSet author="mchen2" id="portaldb-1_4-sprint01-DDL4">
    <addColumn tableName="TENANT_INFO">
      <column name="TERM_OF_USE" type="LONGTEXT">
        <constraints nullable="true"/>
      </column>
    </addColumn>
    <rollback>
      <dropColumn columnName="TERM_OF_USE" tableName="TENANT_INFO"/>
    </rollback>
  </changeSet>

</databaseChangeLog>

