<?xml version="1.0" encoding="UTF-8"?>
<databaseChangeLog
        xmlns="http://www.liquibase.org/xml/ns/dbchangelog"
        xmlns:xsi="http://www.w3.org/2001/XMLSchema-instance"
        xsi:schemaLocation="http://www.liquibase.org/xml/ns/dbchangelog
                      http://www.liquibase.org/xml/ns/dbchangelog/dbchangelog-3.1.xsd"
        logicalFilePath="doesntmatter">
  
  <include file="sprint1/portaldb-3_1_sprint1-DDL-changelog.xml" relativeToChangelogFile="true"/>
  
  <changeSet author="ilya" id="portaldb-3_1_sprint1_tag">
    <tagDatabase tag="portaldb-version_3.1-sprint1_tag"/>
  </changeSet>
  
  <include file="sprint1/portaldb-3_1_sprint1-DML-changelog.xml" relativeToChangelogFile="true"/>
  <changeSet author="jbags" id="portaldb-3_1_sprint1_tag-02">
    <tagDatabase tag="portaldb-version_3.1-sprint1_tag-02"/>
  </changeSet>

  <include file="sprint2/portaldb-3_1_sprint2-DDL-changelog.xml" relativeToChangelogFile="true"/>
  <changeSet author="acheuk" id="portaldb-3_1_sprint2_tag">
      <tagDatabase tag="portaldb-version_3.1-sprint2_tag"/>
  </changeSet>

</databaseChangeLog>