<?xml version="1.0" encoding="UTF-8"?>
<databaseChangeLog
        xmlns:xsi="http://www.w3.org/2001/XMLSchema-instance"
        xmlns="http://www.liquibase.org/xml/ns/dbchangelog"
        xsi:schemaLocation="http://www.liquibase.org/xml/ns/dbchangelog
                      http://www.liquibase.org/xml/ns/dbchangelog/dbchangelog-3.1.xsd"
        logicalFilePath="doesntmatter">
    <changeSet author="rchan" id="portaldb-8.0-sprint2-DDL-add-cms-saml-url">
        <insert tableName="SETTING">
            <column name="UUID" valueComputed="UUID()"/>
            <column name="NAME" value="CONTENT_MANAGEMENT_SAML_SESSION_URI"/>
            <column name="VALUE" value=""/>
            <column name="CREATE_TS" valueComputed="UNIX_TIMESTAMP() * 1000"/>
            <column name="MODIFY_TS" valueComputed="UNIX_TIMESTAMP() * 1000"/>
            <column name="CREATED_BY" value="admin"/>
        </insert>
        <rollback>
            <delete tableName="SETTING">
                <where>NAME='CONTENT_MANAGEMENT_SAML_SESSION_URI'</where>
            </delete>
        </rollback>
    </changeSet>
</databaseChangeLog>