<?xml version="1.0" encoding="UTF-8"?>
<exp:Export Version="3.0"
    xmlns:L7p="http://www.layer7tech.com/ws/policy"
    xmlns:exp="http://www.layer7tech.com/ws/policy/export" xmlns:wsp="http://schemas.xmlsoap.org/ws/2002/12/policy">
    <exp:References/>
    <wsp:Policy xmlns:L7p="http://www.layer7tech.com/ws/policy" xmlns:wsp="http://schemas.xmlsoap.org/ws/2002/12/policy">
        <wsp:All wsp:Usage="Required">
            <L7p:CommentAssertion>
                <L7p:Comment stringValue="Policy Fragment: SPAY Check Date"/>
            </L7p:CommentAssertion>
            <L7p:CommentAssertion>
                <L7p:Comment stringValue="* clock skew 시간을 변경을 원할경우 -32400(UTC기준 -9시간) 기준으로 +/- 초를 계산하여 사용"/>
            </L7p:CommentAssertion>
            <L7p:SetVariable>
                <L7p:Base64Expression stringValue="JHtyZXF1ZXN0LnRpbWUubG9jYWwueXl5eU1NZGR9"/>
                <L7p:VariableToSet stringValue="currentDate"/>
            </L7p:SetVariable>
            <L7p:SetVariable>
                <L7p:AssertionComment assertionComment="included">
                    <L7p:Properties mapValue="included">
                        <L7p:entry>
                            <L7p:key stringValue="RIGHT.COMMENT"/>
                            <L7p:value stringValue="// offset -32460 (- 9:00 - 60s)"/>
                        </L7p:entry>
                    </L7p:Properties>
                </L7p:AssertionComment>
                <L7p:Base64Expression stringValue="JHt4LXNwYXktZGF0ZX0="/>
                <L7p:DataType variableDataType="dateTime"/>
                <L7p:DateFormat stringValue="yyyyMMddHHmmss"/>
                <L7p:DateOffsetExpression stringValue="-32460"/>
                <L7p:VariableToSet stringValue="clock.skew.before"/>
            </L7p:SetVariable>
            <L7p:SetVariable>
                <L7p:AssertionComment assertionComment="included">
                    <L7p:Properties mapValue="included">
                        <L7p:entry>
                            <L7p:key stringValue="RIGHT.COMMENT"/>
                            <L7p:value stringValue="// offset -32340 (- 9:00 + 60s)"/>
                        </L7p:entry>
                    </L7p:Properties>
                </L7p:AssertionComment>
                <L7p:Base64Expression stringValue="JHt4LXNwYXktZGF0ZX0="/>
                <L7p:DataType variableDataType="dateTime"/>
                <L7p:DateFormat stringValue="yyyyMMddHHmmss"/>
                <L7p:DateOffsetExpression stringValue="-32340"/>
                <L7p:VariableToSet stringValue="clock.skew.after"/>
            </L7p:SetVariable>
            <L7p:AuditDetailAssertion>
                <L7p:Detail stringValue="[DEBUG][${requestId}][SPAY Check Date]currentDate=${currentDate}, x-spay-date=${request.http.header.x-spay-date}, spayDateBefore=${clock.skew.before.local}, spayDateAfter=${clock.skew.after.local}"/>
            </L7p:AuditDetailAssertion>
            <wsp:OneOrMore wsp:Usage="Required">
                <L7p:ComparisonAssertion>
                    <L7p:CaseSensitive booleanValue="false"/>
                    <L7p:Expression1 stringValue="${currentDate}"/>
                    <L7p:Operator operatorNull="null"/>
                    <L7p:Predicates predicates="included">
                        <L7p:item dataType="included">
                            <L7p:Type variableDataType="string"/>
                        </L7p:item>
                        <L7p:item binary="included">
                            <L7p:RightValue stringValue="${clock.skew.before.local.yyyyMMdd}"/>
                        </L7p:item>
                    </L7p:Predicates>
                </L7p:ComparisonAssertion>
                <L7p:ComparisonAssertion>
                    <L7p:CaseSensitive booleanValue="false"/>
                    <L7p:Expression1 stringValue="${currentDate}"/>
                    <L7p:Operator operatorNull="null"/>
                    <L7p:Predicates predicates="included">
                        <L7p:item dataType="included">
                            <L7p:Type variableDataType="string"/>
                        </L7p:item>
                        <L7p:item binary="included">
                            <L7p:RightValue stringValue="${clock.skew.after.local.yyyyMMdd}"/>
                        </L7p:item>
                    </L7p:Predicates>
                </L7p:ComparisonAssertion>
            </wsp:OneOrMore>
        </wsp:All>
    </wsp:Policy>
</exp:Export>
