<?xml version="1.0" encoding="UTF-8"?>
<databaseChangeLog
        xmlns="http://www.liquibase.org/xml/ns/dbchangelog"
        xmlns:xsi="http://www.w3.org/2001/XMLSchema-instance"
        xsi:schemaLocation="http://www.liquibase.org/xml/ns/dbchangelog
                      http://www.liquibase.org/xml/ns/dbchangelog/dbchangelog-3.1.xsd"
        logicalFilePath="doesntmatter">

  <changeSet author="lijzu01" id="portaldb-12.0-sprint1-ddl-tenant-gateway">
    <addColumn tableName="TENANT_GATEWAY">
      <column name="API_SYNC_NODES" defaultValue="" type="VARCHAR(1024)">
        <constraints nullable="false"/>
      </column>
      <column name="API_CRUD_TIME" defaultValue="0"  type="BIGINT">
        <constraints nullable="false"/>
      </column>
      <column name="ACCOUNT_PLAN_SYNC_NODES" defaultValue="" type="VARCHAR(1024)">
        <constraints nullable="false"/>
      </column>
      <column name="ACCOUNT_PLAN_CRUD_TIME" defaultValue="0"  type="BIGINT">
        <constraints nullable="false"/>
      </column>
      <column name="SSO_SYNC_NODES" defaultValue="" type="VARCHAR(1024)">
        <constraints nullable="false"/>
      </column>
      <column name="SSO_CRUD_TIME" defaultValue="0"  type="BIGINT">
        <constraints nullable="false"/>
      </column>
    </addColumn>
    <rollback>
      <dropColumn columnName="API_SYNC_NODES" tableName="TENANT_GATEWAY"/>
      <dropColumn columnName="ACCOUNT_PLAN_SYNC_NODES" tableName="TENANT_GATEWAY"/>
      <dropColumn columnName="SSO_SYNC_NODES" tableName="TENANT_GATEWAY"/>
      <dropColumn columnName="API_CRUD_TIME" tableName="TENANT_GATEWAY" />
      <dropColumn columnName="ACCOUNT_PLAN_CRUD_TIME" tableName="TENANT_GATEWAY"/>
      <dropColumn columnName="SSO_CRUD_TIME" tableName="TENANT_GATEWAY"/>
    </rollback>
  </changeSet>
</databaseChangeLog>
