<?xml version="1.0" encoding="UTF-8"?>
<databaseChangeLog logicalFilePath="doesntmatter" xmlns="http://www.liquibase.org/xml/ns/dbchangelog" xmlns:xsi="http://www.w3.org/2001/XMLSchema-instance" xsi:schemaLocation="http://www.liquibase.org/xml/ns/dbchangelog                       http://www.liquibase.org/xml/ns/dbchangelog/dbchangelog-3.1.xsd">
    <changeSet author="rchan" id="org-api_add-org-to-api">
        <addColumn tableName="API">
            <column name="ORG_UUID" type="char(36)">
                <constraints nullable="true"/>
            </column>
        </addColumn>
        <createIndex indexName="IX_ORGANIZATION_UUID" tableName="ORGANIZATION" unique="false">
            <column name="UUID"/>
        </createIndex>
        <addForeignKeyConstraint baseColumnNames="ORG_UUID" baseTableName="API"
                                 constraintName="FK_API_ORG_UUID" deferrable="false"
                                 initiallyDeferred="false" onDelete="NO ACTION" onUpdate="NO ACTION"
                                 referencedColumnNames="UUID" referencedTableName="ORGANIZATION"/>
        <!-- rollback is unnecessary since auto rollback is supported for the above operations -->
    </changeSet>
</databaseChangeLog>