<?xml version="1.0" encoding="UTF-8" standalone="no"?>
<databaseChangeLog xmlns="http://www.liquibase.org/xml/ns/dbchangelog" xmlns:ext="http://www.liquibase.org/xml/ns/dbchangelog-ext" xmlns:xsi="http://www.w3.org/2001/XMLSchema-instance" xsi:schemaLocation="http://www.liquibase.org/xml/ns/dbchangelog http://www.liquibase.org/xml/ns/dbchangelog/dbchangelog-3.2.xsd http://www.liquibase.org/xml/ns/dbchangelog-ext http://www.liquibase.org/xml/ns/dbchangelog/dbchangelog-ext.xsd" logicalFilePath="doesntmatter">
    <changeSet author="joe (generated)" id="portaldb-1_3-sprint00-04-DDL1">
        <addColumn tableName="TENANT_INFO">
            <column name="ANALYTICS_SSG_HOST" type="VARCHAR(255)">
                <constraints nullable="false"/>
            </column>
        </addColumn>
    </changeSet>
    <changeSet author="joe (generated)" id="1409350795300-2">
        <addColumn tableName="TENANT_INFO">
            <column name="ANALYTICS_SSG_METRICSSVC_URI" type="VARCHAR(255)">
                <constraints nullable="false"/>
            </column>
        </addColumn>
    </changeSet>
    <changeSet author="joe (generated)" id="1409350795300-3">
        <addColumn tableName="TENANT_INFO">
            <column name="ANALYTICS_SSG_PASSWORD" type="VARCHAR(255)">
                <constraints nullable="false"/>
            </column>
        </addColumn>
    </changeSet>
    <changeSet author="joe (generated)" id="1409350795300-4">
        <addColumn tableName="TENANT_INFO">
            <column name="ANALYTICS_SSG_PRIVATE_KEY" type="LONGTEXT(2147483647)">
                <constraints nullable="false"/>
            </column>
        </addColumn>
    </changeSet>
    <changeSet author="joe (generated)" id="1409350795300-5">
        <addColumn tableName="TENANT_INFO">
            <column name="ANALYTICS_SSG_PRIVATE_KEY_PWD" type="VARCHAR(255)">
                <constraints nullable="false"/>
            </column>
        </addColumn>
    </changeSet>
    <changeSet author="joe (generated)" id="1409350795300-6">
        <addColumn tableName="TENANT_INFO">
            <column name="ANALYTICS_SSG_USERNAME" type="VARCHAR(255)">
                <constraints nullable="false"/>
            </column>
        </addColumn>
    </changeSet>
    <changeSet author="joe (generated)" id="1409350795300-7">
        <dropColumn columnName="LOGO" tableName="TENANT_INFO"/>
    </changeSet>
</databaseChangeLog>
