<?xml version="1.0" encoding="UTF-8"?>
<databaseChangeLog
        xmlns="http://www.liquibase.org/xml/ns/dbchangelog"
        xmlns:xsi="http://www.w3.org/2001/XMLSchema-instance"
        xsi:schemaLocation="http://www.liquibase.org/xml/ns/dbchangelog
                      http://www.liquibase.org/xml/ns/dbchangelog/dbchangelog-3.1.xsd"
        logicalFilePath="doesntmatter">

  <include file="portaldb-functions-changelog.xml" relativeToChangelogFile="true"/>
  <include file="portaldb-baseline-changelog.xml" relativeToChangelogFile="true"/>
  <include file="../common-changelogs/common-12.0/common-12.0-changelog.xml" relativeToChangelogFile="true"/>
  <include file="portaldb-12.0/portaldb-12.0-changelog.xml" relativeToChangelogFile="true"/>
  <include file="changesets/apirf/portaldb-12.0-sprin3-ddl-api-view-perf.xml"  relativeToChangelogFile="true"/>
  <include file="changesets/orgpirf/portaldb-12.0-sprin4-ddl-org-view-perf.xml"  relativeToChangelogFile="true"/>
  <include file="changesets/token/portaldb-12.0-sprint3-ddl-TOKEN_INDEX.xml" relativeToChangelogFile="true"/>
  <include file="changesets/api/portaldb-12.0-spring4-ddl-spec-content-changelog.xml" relativeToChangelogFile="true" />
  <include file="changesets/serviceRegistry/portaldb-12.0-sprint3-servicenav.xml" relativeToChangelogFile="true" />
  <include file="changesets/branding/portaldb-12.0-sprint2-DDL-Create-Theme-Table.xml" relativeToChangelogFile="true" />
  <include file="changesets/branding/portaldb-12.0-sprint2-DML-Adding-Default-Theme-Table.xml" relativeToChangelogFile="true" />
  <include file="changesets/branding/portaldb-13.0-sprint1-DML-Update-Default-Theme-Table.xml" relativeToChangelogFile="true"/>
  <include file="portaldb-13.0/portaldb-13.0-changelog.xml" relativeToChangelogFile="true"/>
  <include file="changesets/federatedDeployment/federated-deployment-common.xml" relativeToChangelogFile="true"/>
  <include file="changesets/devconsole/portaldb-13.0-sprint1-delete-devconsole-app-changelog.xml" relativeToChangelogFile="true"/>
  <include file="changesets/serviceRegistry/portaldb-13.0-sprint1-servicenav-default-data.xml" relativeToChangelogFile="true" />
  <include file="changesets/serviceRegistry/portaldb-13.0-sprint4-servicenav-default-usernav.xml" relativeToChangelogFile="true"/>
  <include file="changesets/serviceRegistry/portaldb-13.0-sprint4-service-edit-default-data.xml" relativeToChangelogFile="true" />
  <include file="changesets/serviceRegistry/portaldb-13.0-sprint4-servicenav-default-dev-apps.xml" relativeToChangelogFile="true" />
  <include file="changesets/serviceRegistry/portaldb-13.0-sprint5-servicelink-update.xml" relativeToChangelogFile="true" />
  <include file="changesets/serviceRegistry/portaldb-13.0-sprint5-service-update-setting-page.xml" relativeToChangelogFile="true" />
  <include file="changesets/serviceRegistry/portaldb-13.0-sprint4-deniedservicetorole.xml" relativeToChangelogFile="true" />
  <include file="changesets/serviceRegistry/portaldb-13.0-sprint4-deniedservicenavtorole.xml" relativeToChangelogFile="true" />
  <include file="changesets/serviceRegistry/portaldb-13.0-sprint4.1-deniedservicetorole-default-data.xml" relativeToChangelogFile="true" />
  <include file="changesets/serviceRegistry/portaldb-13.0-sprint4.1-deniedservicenavtorole-default-data.xml" relativeToChangelogFile="true" />
  <include file="changesets/user_info/portaldb-13.0-sprint1-ddl-USER_INFO.xml" relativeToChangelogFile="true"/>
</databaseChangeLog>
