<?xml version="1.0" encoding="UTF-8"?>
<databaseChangeLog
        xmlns="http://www.liquibase.org/xml/ns/dbchangelog"
        xmlns:xsi="http://www.w3.org/2001/XMLSchema-instance"
        xsi:schemaLocation="http://www.liquibase.org/xml/ns/dbchangelog
                      http://www.liquibase.org/xml/ns/dbchangelog/dbchangelog-3.1.xsd"
        logicalFilePath="doesntmatter">

    <changeSet author="chari11" id="enable-postgres-UUID-OSSP" dbms="postgresql">
        <sql>
            CREATE EXTENSION IF NOT EXISTS "uuid-ossp";
        </sql>
    </changeSet>
    <changeSet author="dieke02" id="timestamp-postgresql" dbms="postgresql">
        <sql>
            CREATE OR REPLACE FUNCTION current_ms() RETURNS BIGINT AS $$
                SELECT cast(EXTRACT(EPOCH FROM now()) * 1000 as BIGINT) AS result
            $$ LANGUAGE SQL;
        </sql>
    </changeSet>
    <changeSet author="dieke02" id="timestamp-mysql" dbms="mysql">
        <sql>
            DROP FUNCTION IF EXISTS current_ms;
        </sql>
        <sql endDelimiter="$$">
            CREATE FUNCTION current_ms()
            RETURNS BIGINT
            LANGUAGE SQL
            BEGIN
                RETURN unix_timestamp() * 1000;
            END
        </sql>
    </changeSet>
    <changeSet author="chari11" id="generate_uuid-mysql" dbms="mysql">
        <sql>
            DROP FUNCTION IF EXISTS generate_uuid;
        </sql>
        <sql endDelimiter="$$">
            CREATE FUNCTION generate_uuid()
            RETURNS VARCHAR(36)
            LANGUAGE SQL
            RETURN UUID();
        </sql>
    </changeSet>
    <changeSet author="chari11" id="generate_uuid-postgresql" dbms="postgresql">
        <sql>
            CREATE OR REPLACE FUNCTION generate_uuid()
            RETURNS UUID AS $$
                SELECT uuid_generate_v4() AS result
            $$ LANGUAGE SQL;
        </sql>
    </changeSet>
    <changeSet id="create-implicit-cast-uuid" author="dieke02" dbms="postgresql">
        <comment>create an implicit cast for uuid as we have policies that uses raw sql</comment>
        <sql>CREATE CAST (varchar AS uuid) WITH INOUT AS IMPLICIT;</sql>
    </changeSet>
    <changeSet id="create-implicit-cast-bigint" author="dieke02" dbms="postgresql">
        <comment>create an implicit cast for bigint as we have policies that uses raw sql</comment>
        <sql>CREATE CAST (varchar AS bigint) WITH INOUT AS IMPLICIT;</sql>
    </changeSet>
    <changeSet author="dieke02" id="locate-postgresql" dbms="postgresql">
        <comment>creating a generic locate function for postgresql only</comment>
        <createProcedure>
            CREATE OR REPLACE FUNCTION LOCATE(VARCHAR, VARCHAR)
            RETURNS INTEGER AS $$
            BEGIN
            RETURN POSITION(LOWER($1) IN LOWER($2));
            END;
            $$ LANGUAGE PLPGSQL;
        </createProcedure>
    </changeSet>
</databaseChangeLog>