<?xml version="1.0" encoding="UTF-8"?>
<databaseChangeLog
        xmlns="http://www.liquibase.org/xml/ns/dbchangelog"
        xmlns:xsi="http://www.w3.org/2001/XMLSchema-instance"
        xsi:schemaLocation="http://www.liquibase.org/xml/ns/dbchangelog
                      http://www.liquibase.org/xml/ns/dbchangelog/dbchangelog-3.1.xsd"
        logicalFilePath="doesntmatter">
  <include file="portaldb-functions-changelog.xml" relativeToChangelogFile="true"/>
  <include file="portaldb-1.2/portaldb-1.2-changelog.xml" relativeToChangelogFile="true"/>
  <include file="portaldb-1.3/portaldb-1.3-changelog.xml" relativeToChangelogFile="true"/>
  <include file="portaldb-1.4/portaldb-1.4-changelog.xml" relativeToChangelogFile="true"/>
  <include file="portaldb-2.1/portaldb-2.1-changelog.xml" relativeToChangelogFile="true"/>
  <include file="portaldb-2.2/portaldb-2.2-changelog.xml" relativeToChangelogFile="true"/>
  <include file="portaldb-3.0/portaldb-3.0-changelog.xml" relativeToChangelogFile="true"/>
  <include file="portaldb-3.1/portaldb-3.1-changelog.xml" relativeToChangelogFile="true"/>
  <include file="portaldb-6.0/portaldb-6.0-changelog.xml" relativeToChangelogFile="true"/>
  <include file="portaldb-7.0/portaldb-7.0-changelog.xml" relativeToChangelogFile="true"/>
  <include file="portaldb-8.0/portaldb-8.0-changelog.xml" relativeToChangelogFile="true"/>
  <include file="../common-changelogs/common-master-changelog.xml" relativeToChangelogFile="true"/>
  <!-- authenticaor removed the two changesets below and they need to be added back -->
  <changeSet id="adding-authconfig-column-to-user-table" author="chera18" failOnError="false" dbms="mysql">
      <preConditions onFail="MARK_RAN">
          <tableExists tableName="USER"/>
      </preConditions>
      <addColumn tableName="USER">
          <column name="AUTH_CONFIG_UUID" type="java.sql.Types.VARCHAR(255)" defaultValue="PSSG_CREATED" />
      </addColumn>
  </changeSet>
  <changeSet id="adding-DEFAULT-value-to-existing-users" author="chera18" failOnError="false" dbms="mysql">
      <preConditions onFail="MARK_RAN">
          <columnExists tableName="USER" columnName="AUTH_CONFIG_UUID"/>
      </preConditions>
      <update tableName="USER">
          <column name="AUTH_CONFIG_UUID" value="DEFAULT"/>
      </update>
  </changeSet>
</databaseChangeLog>
