<?xml version="1.0" encoding="UTF-8" standalone="no"?>
<databaseChangeLog
        xmlns:xsi="http://www.w3.org/2001/XMLSchema-instance"
        xmlns="http://www.liquibase.org/xml/ns/dbchangelog"
        xsi:schemaLocation="http://www.liquibase.org/xml/ns/dbchangelog
                      http://www.liquibase.org/xml/ns/dbchangelog/dbchangelog-3.1.xsd"
        logicalFilePath="doesntmatter">

    <changeSet author="marcr04" id="create_group_table" dbms="mysql">
        <validCheckSum>7:53776daab022100052c5e945d67ae49d</validCheckSum>
        <createTable tableName="GROUP">
            <column name="UUID" type="java.sql.Types.VARCHAR(36)">
                <constraints nullable="false"/>
            </column>
            <column name="NAME" type="java.sql.Types.VARCHAR(255)">
                <constraints nullable="false"/>
            </column>
            <column name="STATUS" type="java.sql.Types.VARCHAR(50)">
                <constraints nullable="false"/>
            </column>
            <column name="CREATE_TS" type="BIGINT">
                <constraints nullable="false"/>
            </column>
            <column name="MODIFY_TS" type="BIGINT">
                <constraints nullable="false"/>
            </column>
            <column name="CREATED_BY" type="java.sql.Types.VARCHAR(100)"/>
            <column name="MODIFIED_BY" type="java.sql.Types.VARCHAR(100)"/>
            <column defaultValue="" name="TENANT_ID" type="java.sql.Types.VARCHAR(255)">
                <constraints nullable="false"/>
            </column>
        </createTable>
        <addPrimaryKey columnNames="TENANT_ID, UUID" constraintName="PRIMARY" tableName="GROUP"/>
        <addUniqueConstraint columnNames="TENANT_ID, NAME" constraintName="UK_NAME" deferrable="false" disabled="false" initiallyDeferred="false" tableName="GROUP"/>
        <createIndex indexName="IDX_STATUS" tableName="GROUP" unique="false">
            <column name="TENANT_ID"/>
            <column name="STATUS"/>
        </createIndex>
    </changeSet>

    <changeSet author="marcr04" id="create_group_api_xref_table" dbms="mysql">
        <validCheckSum>7:20e472c1036d20f48a2c1705564f7cf2</validCheckSum>
        <createTable tableName="GROUP_API_XREF">
            <column name="UUID" type="java.sql.Types.VARCHAR(36)">
                <constraints nullable="false"/>
            </column>
            <column name="GROUP_UUID" type="java.sql.Types.VARCHAR(36)">
                <constraints nullable="false"/>
            </column>
            <column name="API_UUID" type="java.sql.Types.VARCHAR(36)">
                <constraints nullable="false"/>
            </column>
            <column defaultValue="" name="TENANT_ID" type="java.sql.Types.VARCHAR(255)">
                <constraints nullable="false"/>
            </column>
        </createTable>
        <addPrimaryKey columnNames="TENANT_ID, UUID" constraintName="PRIMARY" tableName="GROUP_API_XREF"/>
        <addUniqueConstraint columnNames="TENANT_ID, GROUP_UUID, API_UUID" constraintName="UK_GROUP_UUID_XREF_API_UUID" deferrable="false" disabled="false" initiallyDeferred="false" tableName="GROUP_API_XREF"/>
        <addForeignKeyConstraint baseColumnNames="TENANT_ID, GROUP_UUID" baseTableName="GROUP_API_XREF" constraintName="FK_GROUP_API_XREF_GROUP_UUID" deferrable="false" initiallyDeferred="false" onDelete="NO ACTION" onUpdate="NO ACTION" referencedColumnNames="TENANT_ID, UUID" referencedTableName="GROUP"/>
        <addForeignKeyConstraint baseColumnNames="TENANT_ID, API_UUID" baseTableName="GROUP_API_XREF" constraintName="FK_GROUP_API_XREF_API_UUID" deferrable="false" initiallyDeferred="false" onDelete="NO ACTION" onUpdate="NO ACTION" referencedColumnNames="TENANT_ID, UUID" referencedTableName="API"/>
    </changeSet>

    <changeSet author="marcr04" id="create_application_group_xref_table" dbms="mysql">
        <validCheckSum>7:f8b735a5a6bbe87cbb6ce2f656264bb0</validCheckSum>
        <createTable tableName="APPLICATION_GROUP_XREF">
            <column name="UUID" type="java.sql.Types.VARCHAR(36)">
                <constraints nullable="false"/>
            </column>
            <column name="APPLICATION_UUID" type="java.sql.Types.VARCHAR(36)">
                <constraints nullable="false"/>
            </column>
            <column name="GROUP_UUID" type="java.sql.Types.VARCHAR(36)">
                <constraints nullable="false"/>
            </column>
            <column defaultValue="" name="TENANT_ID" type="java.sql.Types.VARCHAR(255)">
                <constraints nullable="false"/>
            </column>
        </createTable>
        <addPrimaryKey columnNames="TENANT_ID, UUID" constraintName="PRIMARY" tableName="APPLICATION_GROUP_XREF"/>
        <addUniqueConstraint columnNames="TENANT_ID, APPLICATION_UUID, GROUP_UUID" constraintName="UK_APPLICATION_UUID_XREF_GROUP_UUID" deferrable="false" disabled="false" initiallyDeferred="false" tableName="APPLICATION_GROUP_XREF"/>
        <addForeignKeyConstraint baseColumnNames="TENANT_ID, APPLICATION_UUID" baseTableName="APPLICATION_GROUP_XREF" constraintName="FK_APPLICATION_GROUP_XREF_APPLICATION_UUID" deferrable="false" initiallyDeferred="false" onDelete="NO ACTION" onUpdate="NO ACTION" referencedColumnNames="TENANT_ID, UUID" referencedTableName="APPLICATION"/>
        <addForeignKeyConstraint baseColumnNames="TENANT_ID, GROUP_UUID" baseTableName="APPLICATION_GROUP_XREF" constraintName="FK_APPLICATION_GROUP_XREF_GROUP_UUID" deferrable="false" initiallyDeferred="false" onDelete="NO ACTION" onUpdate="NO ACTION" referencedColumnNames="TENANT_ID, UUID" referencedTableName="GROUP"/>
    </changeSet>

    <changeSet author="marcr04" id="create_application_by_group_view" dbms="mysql">
        <createView replaceIfExists="true" viewName="APPLICATION_WITH_GROUP_VIEW">
            SELECT
            APPLICATION.TENANT_ID AS TENANT_ID,
            APPLICATION.UUID AS UUID,
            APPLICATION.NAME AS NAME,
            APPLICATION.API_KEY AS API_KEY,
            APPLICATION.KEY_SECRET AS KEY_SECRET,
            APPLICATION.DESCRIPTION AS DESCRIPTION,
            APPLICATION.STATUS AS STATUS,
            APPLICATION.ORGANIZATION_UUID AS ORGANIZATION_UUID,
            APPLICATION.OAUTH_CALLBACK_URL AS OAUTH_CALLBACK_URL,
            APPLICATION.OAUTH_SCOPE AS OAUTH_SCOPE,
            APPLICATION.OAUTH_TYPE AS OAUTH_TYPE,
            APPLICATION.DISABLED_BY_TYPE AS DISABLED_BY_TYPE,
            APPLICATION.TRANSACTION_PHASE AS TRANSACTION_PHASE,
            APPLICATION.CREATE_TS AS CREATE_TS,
            APPLICATION.MODIFY_TS AS MODIFY_TS,
            APPLICATION.CREATED_BY AS CREATED_BY,
            APPLICATION.MODIFIED_BY AS MODIFIED_BY,
            ORGANIZATION.NAME AS ORGANIZATION_NAME,
            APPLICATION_GROUP_XREF.GROUP_UUID AS GROUP_UUID,
            `GROUP`.STATUS AS GROUP_STATUS
            FROM ((((APPLICATION
                LEFT JOIN ORGANIZATION ON (((APPLICATION.TENANT_ID = ORGANIZATION.TENANT_ID) AND (APPLICATION.ORGANIZATION_UUID = ORGANIZATION.UUID))))
                LEFT JOIN APPLICATION_API_XREF ON (((APPLICATION_API_XREF.TENANT_ID = APPLICATION.TENANT_ID) AND (APPLICATION_API_XREF.APPLICATION_UUID = APPLICATION.UUID))))
                LEFT JOIN APPLICATION_GROUP_XREF ON (((APPLICATION_GROUP_XREF.TENANT_ID = APPLICATION.TENANT_ID) AND (APPLICATION_GROUP_XREF.APPLICATION_UUID = APPLICATION.UUID))))
                LEFT JOIN `GROUP` ON (((APPLICATION_GROUP_XREF.TENANT_ID = `GROUP`.TENANT_ID) AND (APPLICATION_GROUP_XREF.GROUP_UUID = `GROUP`.UUID))))
            WHERE (APPLICATION.TRANSACTION_PHASE IN ('COMMIT_ADD','COMMIT_EDIT'))
        </createView>
    </changeSet>
</databaseChangeLog>
