<?xml version="1.0" encoding="UTF-8"?>
<databaseChangeLog
    xmlns="http://www.liquibase.org/xml/ns/dbchangelog"
    xmlns:xsi="http://www.w3.org/2001/XMLSchema-instance"
    xsi:schemaLocation="http://www.liquibase.org/xml/ns/dbchangelog
                      http://www.liquibase.org/xml/ns/dbchangelog/dbchangelog-3.1.xsd"
    logicalFilePath="doesntmatter">

  <changeSet author="acheuk" id="portaldb-13.0-sprint1-DML-Update-Default-Theme-Table.xml">
    <!-- typography -->
    <update tableName="THEME_SETTING">
      <column name="VALUE" value="ca-sans-regular, &quot;Helvetica Neue&quot;, helvetica, arial, verdana, sans-serif"/>
      <column name="MODIFY_TS" valueNumeric="1506643207317"/>
      <column name="MODIFIED_BY" value="admin"/>
      <where>UUID = 'd6c6dc95-304b-4ad5-b250-e62774cb3663' AND TENANT_ID=''</where>
    </update>
    <update tableName="THEME_SETTING">
      <column name="VALUE" value="ca-sans-regular, &quot;Helvetica Neue&quot;, helvetica, arial, verdana, sans-serif"/>
      <column name="MODIFY_TS" valueNumeric="1506643207317"/>
      <column name="MODIFIED_BY" value="admin"/>
      <where>UUID = '7c014e63-ac24-4deb-ab38-3033f4e31db2' AND TENANT_ID=''</where>
    </update>
    <update tableName="THEME_SETTING">
      <column name="VALUE" value="ca-sans-regular, &quot;Helvetica Neue&quot;, helvetica, arial, verdana, sans-serif"/>
      <column name="MODIFY_TS" valueNumeric="1506643207317"/>
      <column name="MODIFIED_BY" value="admin"/>
      <where>UUID = '555c4d2d-b9fc-4f61-ad20-afbcc15012e2' AND TENANT_ID=''</where>
    </update>

    <rollback>
      <update tableName="THEME_SETTING">
        <column name="VALUE" value="ca-sans-light"/>
        <column name="MODIFY_TS" valueNumeric="1506643207317"/>
        <column name="MODIFIED_BY" value="admin"/>
        <where>UUID = 'd6c6dc95-304b-4ad5-b250-e62774cb3663' AND TENANT_ID=''</where>
      </update>
      <update tableName="THEME_SETTING">
        <column name="VALUE" value="ca-sans-light"/>
        <column name="MODIFY_TS" valueNumeric="1506643207317"/>
        <column name="MODIFIED_BY" value="admin"/>
        <where>UUID = '7c014e63-ac24-4deb-ab38-3033f4e31db2' AND TENANT_ID=''</where>
      </update>
      <update tableName="THEME_SETTING">
        <column name="VALUE" value="ca-sans-light"/>
        <column name="MODIFY_TS" valueNumeric="1506643207317"/>
        <column name="MODIFIED_BY" value="admin"/>
        <where>UUID = '555c4d2d-b9fc-4f61-ad20-afbcc15012e2' AND TENANT_ID=''</where>
      </update>
    </rollback>
  </changeSet>

</databaseChangeLog>