<?xml version="1.0" encoding="UTF-8"?>
<databaseChangeLog
        xmlns="http://www.liquibase.org/xml/ns/dbchangelog"
        xmlns:xsi="http://www.w3.org/2001/XMLSchema-instance"
        xsi:schemaLocation="http://www.liquibase.org/xml/ns/dbchangelog
                      http://www.liquibase.org/xml/ns/dbchangelog/dbchangelog-3.1.xsd"
        logicalFilePath="doesntmatter">

    <changeSet author="karra14" id="portaldb-12.0-sprint2-DDL-Create-Theme-Table.xml">
        <createTable tableName="THEME_SETTING">
            <column name="UUID" type="java.sql.Types.VARCHAR(36)">
                <constraints nullable="false"/>
            </column>
            <column name="NAME" type="java.sql.Types.VARCHAR(100)">
                <constraints nullable="false"/>
            </column>
            <column name="VALUE" type="MEDIUMTEXT"/>
            <column defaultValue="" name="TENANT_ID" type="java.sql.Types.VARCHAR(255)">
                <constraints nullable="false"/>
            </column>
            <column name="REF_ENTITY" type="java.sql.Types.VARCHAR(100)"/>
            <column name="REF_ID" type="java.sql.Types.VARCHAR(36)"/>
            <column name="CREATE_TS" type="BIGINT">
                <constraints nullable="false"/>
            </column>
            <column name="MODIFY_TS" type="BIGINT">
                <constraints nullable="false"/>
            </column>
            <column name="CREATED_BY" type="java.sql.Types.VARCHAR(100)">
                <constraints nullable="false"/>
            </column>
            <column name="MODIFIED_BY" type="java.sql.Types.VARCHAR(100)"/>
        </createTable>
        <addPrimaryKey columnNames="TENANT_ID, UUID" constraintName="PRIMARY" tableName="THEME_SETTING"/>
        <addUniqueConstraint columnNames="TENANT_ID, REF_ID, NAME" constraintName="UK_THEME_SETTING" deferrable="false" disabled="false" initiallyDeferred="false" tableName="THEME_SETTING"/>
        <rollback>
            <dropTable tableName="THEME"/>
        </rollback>
    </changeSet>

</databaseChangeLog>