<?xml version="1.0" encoding="UTF-8"?>
<databaseChangeLog
        xmlns="http://www.liquibase.org/xml/ns/dbchangelog"
        xmlns:xsi="http://www.w3.org/2001/XMLSchema-instance"
        xsi:schemaLocation="http://www.liquibase.org/xml/ns/dbchangelog
                      http://www.liquibase.org/xml/ns/dbchangelog/dbchangelog-3.1.xsd"
        logicalFilePath="doesntmatter">

  <changeSet author="rraquepo" id="portaldb-3_0_sprint2_3-DDL1">
    <addColumn tableName="TENANT_INFO">
      <column name="TENANT_TYPE" type="varchar(80)" defaultValue="null">
        <constraints nullable="true"/>
      </column>
    </addColumn>
    <rollback>
      <dropColumn columnName="TENANT_TYPE" tableName="TENANT_INFO"/>
    </rollback>
  </changeSet>

  <changeSet author="jbagtas" id="portaldb-3_0_sprint2_3-DDL2">
    <addColumn tableName="TENANT_GATEWAY">
        <column name="SSO_SYNC_TIME" type="BIGINT(19)" defaultValueNumeric="0">
          <constraints nullable="false"/>
        </column>
    </addColumn>
    <addColumn tableName="TENANT_GATEWAY">
        <column name="SSO_SYNC_LOG" type="MEDIUMTEXT"/>
    </addColumn>
    <rollback>
      <dropColumn columnName="SSO_SYNC_TIME" tableName="TENANT_GATEWAY"/>
      <dropColumn columnName="SSO_SYNC_LOG" tableName="TENANT_GATEWAY"/>
    </rollback>
  </changeSet>

</databaseChangeLog>

