<?xml version="1.0" encoding="UTF-8"?>
<databaseChangeLog
        xmlns="http://www.liquibase.org/xml/ns/dbchangelog"
        xmlns:xsi="http://www.w3.org/2001/XMLSchema-instance"
        xsi:schemaLocation="http://www.liquibase.org/xml/ns/dbchangelog
                      http://www.liquibase.org/xml/ns/dbchangelog/dbchangelog-3.1.xsd"
        logicalFilePath="doesntmatter">

  <changeSet author="rraquepo" id="portaldb-3_0-sprint2_3-DML-1">
    <comment>Try to set TENANT_TYPE for hybrid</comment>
    <sql>
       UPDATE TENANT_INFO SET TENANT_TYPE = 'ON-PREM' WHERE TENANT_TYPE IS NULL AND HYBRID_STATE != 0
    </sql>
    <rollback>
      <sql>
        UPDATE TENANT_INFO SET TENANT_TYPE = NULL WHERE TENANT_TYPE = 'ON-PREM' AND HYBRID_STATE != 0
      </sql>
    </rollback>
  </changeSet>
</databaseChangeLog>