<?xml version="1.0" encoding="UTF-8"?>
<databaseChangeLog logicalFilePath="doesntmatter" xmlns="http://www.liquibase.org/xml/ns/dbchangelog" xmlns:xsi="http://www.w3.org/2001/XMLSchema-instance" xsi:schemaLocation="http://www.liquibase.org/xml/ns/dbchangelog                       http://www.liquibase.org/xml/ns/dbchangelog/dbchangelog-3.1.xsd">
    <changeSet author="chemi11" id="add-auto-deploy-column">
        <addColumn tableName="TENANT_GATEWAY">
            <column name="AUTO_DEPLOY" type="BOOLEAN" valueBoolean="true" defaultValueBoolean="true">
                <constraints nullable="false"/>
            </column>
        </addColumn>
    </changeSet>
    <changeSet author="bagjo04" id="add-tenant-gateway-unique-index">
        <addUniqueConstraint  columnNames="TENANT_ID, NAME" constraintName="UK_TENANT_GATEWAY_NAME" deferrable="false" disabled="false" initiallyDeferred="false" tableName="TENANT_GATEWAY"/>
    </changeSet>
</databaseChangeLog>
