<?xml version="1.0" encoding="UTF-8"?>
<databaseChangeLog
        xmlns:xsi="http://www.w3.org/2001/XMLSchema-instance"
        xmlns="http://www.liquibase.org/xml/ns/dbchangelog"
        xsi:schemaLocation="http://www.liquibase.org/xml/ns/dbchangelog
                      http://www.liquibase.org/xml/ns/dbchangelog/dbchangelog-3.1.xsd"
        logicalFilePath="doesntmatter">
    <changeSet author="rchan2" id="portaldb-12.0-sprint2-DDL-add-apim-platform">
        <sql>
            INSERT  INTO SETTING (tenant_id, uuid, name, value, create_ts, modify_ts, created_by)
            SELECT
                filtered_setting.tenant_id,
                generate_uuid(),
                'APIM_PLATFORM',
                'false',
                current_ms(),
                0,
                'admin'
            FROM
                (select distinct tenant_id from SETTING where tenant_id!='') as filtered_setting;
        </sql>
        <rollback>
            <delete tableName="SETTING">
                <where>NAME='APIM_PLATFORM'</where>
            </delete>
        </rollback>
    </changeSet>
</databaseChangeLog>