<?xml version="1.0" encoding="UTF-8"?>
<exp:Export Version="3.0"
    xmlns:L7p="http://www.layer7tech.com/ws/policy"
    xmlns:exp="http://www.layer7tech.com/ws/policy/export" xmlns:wsp="http://schemas.xmlsoap.org/ws/2002/12/policy">
    <exp:References>
        <IncludedPolicyReference
            RefType="com.l7tech.console.policy.exporter.IncludedPolicyReference"
            guid="ee963a71-4a36-4024-9af4-e854ab5cea60" included="true"
            name="SPAY Template [02] - Quota by Day" soap="false" type="INCLUDE_FRAGMENT">
            <wsp:Policy xmlns:L7p="http://www.layer7tech.com/ws/policy" xmlns:wsp="http://schemas.xmlsoap.org/ws/2002/12/policy">
                <wsp:All wsp:Usage="Required">
                    <L7p:ApiPortalEncassIntegration/>
                    <wsp:OneOrMore wsp:Usage="Required">
                        <L7p:ComparisonAssertion>
                            <L7p:CaseSensitive booleanValue="false"/>
                            <L7p:Expression1 stringValue="${request.shared.cors.isPreflight}"/>
                            <L7p:Operator operatorNull="null"/>
                            <L7p:Predicates predicates="included">
                                <L7p:item dataType="included">
                                    <L7p:Type variableDataType="boolean"/>
                                </L7p:item>
                                <L7p:item binary="included">
                                    <L7p:CaseSensitive booleanValue="false"/>
                                    <L7p:RightValue stringValue="true"/>
                                </L7p:item>
                            </L7p:Predicates>
                        </L7p:ComparisonAssertion>
                        <wsp:All wsp:Usage="Required">
                            <L7p:AuditDetailAssertion>
                                <L7p:Detail stringValue="[DEBUG][${requestId}][${policy.name}] counterName=${counterName}, quotaMaxHitsPerDay=${quotaMaxHitsPerDay}"/>
                            </L7p:AuditDetailAssertion>
                            <wsp:OneOrMore wsp:Usage="Required">
                                <L7p:ComparisonAssertion>
                                    <L7p:CaseSensitive booleanValue="false"/>
                                    <L7p:Expression1 stringValue="${counterName}"/>
                                    <L7p:Operator operatorNull="null"/>
                                    <L7p:Predicates predicates="included">
                                    <L7p:item dataType="included">
                                    <L7p:Type variableDataType="string"/>
                                    </L7p:item>
                                    <L7p:item binary="included">
                                    <L7p:CaseSensitive booleanValue="false"/>
                                    <L7p:Negated booleanValue="true"/>
                                    <L7p:Operator operator="EMPTY"/>
                                    <L7p:RightValue stringValue=""/>
                                    </L7p:item>
                                    </L7p:Predicates>
                                </L7p:ComparisonAssertion>
                                <wsp:All wsp:Usage="Required">
                                    <L7p:Encapsulated>

                                    <L7p:EncapsulatedAssertionConfigGuid stringValue="1409a84b-fc4d-44bb-ab68-09828d556bad"/>

                                    <L7p:EncapsulatedAssertionConfigName stringValue="SPAY Error Message"/>
                                    <L7p:Parameters mapValue="included">
                                    <L7p:entry>
                                    <L7p:key stringValue="errorDetails"/>
                                    <L7p:value stringValue="counterName=${counterName}, counterName should be a non-empty string"/>
                                    </L7p:entry>
                                    <L7p:entry>
                                    <L7p:key stringValue="errorLogs"/>
                                    <L7p:value stringValue=""/>
                                    </L7p:entry>
                                    <L7p:entry>
                                    <L7p:key stringValue="givenErrorCode"/>
                                    <L7p:value stringValue="E.GW.INVALID_CONFIG"/>
                                    </L7p:entry>
                                    <L7p:entry>
                                    <L7p:key stringValue="givenStatus"/>
                                    <L7p:value stringValue=""/>
                                    </L7p:entry>
                                    <L7p:entry>
                                    <L7p:key stringValue="prefix"/>
                                    <L7p:value stringValue=""/>
                                    </L7p:entry>
                                    </L7p:Parameters>
                                    </L7p:Encapsulated>
                                    <L7p:FalseAssertion/>
                                </wsp:All>
                                <L7p:assertionComment>
                                    <L7p:Properties mapValue="included">
                                    <L7p:entry>
                                    <L7p:key stringValue="RIGHT.COMMENT"/>
                                    <L7p:value stringValue="// check counterName"/>
                                    </L7p:entry>
                                    </L7p:Properties>
                                </L7p:assertionComment>
                            </wsp:OneOrMore>
                            <wsp:OneOrMore wsp:Usage="Required">
                                <L7p:ComparisonAssertion>
                                    <L7p:CaseSensitive booleanValue="false"/>
                                    <L7p:Expression1 stringValue="${quotaMaxHitsPerDay}"/>
                                    <L7p:Operator operatorNull="null"/>
                                    <L7p:Predicates predicates="included">
                                    <L7p:item dataType="included">
                                    <L7p:Type variableDataType="int"/>
                                    </L7p:item>
                                    <L7p:item binary="included">
                                    <L7p:CaseSensitive booleanValue="false"/>
                                    <L7p:Operator operator="GT"/>
                                    <L7p:RightValue stringValue="0"/>
                                    </L7p:item>
                                    </L7p:Predicates>
                                </L7p:ComparisonAssertion>
                                <wsp:All wsp:Usage="Required">
                                    <L7p:Encapsulated>

                                    <L7p:EncapsulatedAssertionConfigGuid stringValue="1409a84b-fc4d-44bb-ab68-09828d556bad"/>

                                    <L7p:EncapsulatedAssertionConfigName stringValue="SPAY Error Message"/>
                                    <L7p:Parameters mapValue="included">
                                    <L7p:entry>
                                    <L7p:key stringValue="errorDetails"/>
                                    <L7p:value stringValue="quotaMaxHitsPerDay=${quotaMaxHitsPerDay}, quotaMaxHitsPerDay should be an Integer greater than zero"/>
                                    </L7p:entry>
                                    <L7p:entry>
                                    <L7p:key stringValue="errorLogs"/>
                                    <L7p:value stringValue=""/>
                                    </L7p:entry>
                                    <L7p:entry>
                                    <L7p:key stringValue="givenErrorCode"/>
                                    <L7p:value stringValue="E.GW.INVALID_CONFIG"/>
                                    </L7p:entry>
                                    <L7p:entry>
                                    <L7p:key stringValue="givenStatus"/>
                                    <L7p:value stringValue=""/>
                                    </L7p:entry>
                                    <L7p:entry>
                                    <L7p:key stringValue="prefix"/>
                                    <L7p:value stringValue=""/>
                                    </L7p:entry>
                                    </L7p:Parameters>
                                    </L7p:Encapsulated>
                                    <L7p:FalseAssertion/>
                                </wsp:All>
                                <L7p:assertionComment>
                                    <L7p:Properties mapValue="included">
                                    <L7p:entry>
                                    <L7p:key stringValue="RIGHT.COMMENT"/>
                                    <L7p:value stringValue="// check quotaMaxHitsPerDay"/>
                                    </L7p:entry>
                                    </L7p:Properties>
                                </L7p:assertionComment>
                            </wsp:OneOrMore>
                            <wsp:OneOrMore wsp:Usage="Required">
                                <L7p:ThroughputQuota>
                                    <L7p:CounterName stringValue="${counterName}"/>
                                    <L7p:Global booleanValue="true"/>
                                    <L7p:Quota stringValue="${quotaMaxHitsPerDay}"/>
                                    <L7p:ReadSynchronous booleanValue="false"/>
                                    <L7p:Synchronous booleanValue="false"/>
                                    <L7p:TimeUnit intValue="4"/>
                                </L7p:ThroughputQuota>
                                <wsp:All wsp:Usage="Required">
                                    <L7p:Encapsulated>

                                    <L7p:EncapsulatedAssertionConfigGuid stringValue="1409a84b-fc4d-44bb-ab68-09828d556bad"/>

                                    <L7p:EncapsulatedAssertionConfigName stringValue="SPAY Error Message"/>
                                    <L7p:Parameters mapValue="included">
                                    <L7p:entry>
                                    <L7p:key stringValue="errorDetails"/>
                                    <L7p:value stringValue="Quota by day is ${quotaMaxHitsPerDay}"/>
                                    </L7p:entry>
                                    <L7p:entry>
                                    <L7p:key stringValue="errorLogs"/>
                                    <L7p:value stringValue="counterName=${counterName}, quotaMaxHitsPerDay=${quotaMaxHitsPerDay}"/>
                                    </L7p:entry>
                                    <L7p:entry>
                                    <L7p:key stringValue="givenErrorCode"/>
                                    <L7p:value stringValue="E.GW.EXCEEDED_QUOTA"/>
                                    </L7p:entry>
                                    <L7p:entry>
                                    <L7p:key stringValue="givenStatus"/>
                                    <L7p:value stringValue=""/>
                                    </L7p:entry>
                                    <L7p:entry>
                                    <L7p:key stringValue="prefix"/>
                                    <L7p:value stringValue=""/>
                                    </L7p:entry>
                                    </L7p:Parameters>
                                    </L7p:Encapsulated>
                                    <L7p:FalseAssertion/>
                                </wsp:All>
                                <L7p:assertionComment>
                                    <L7p:Properties mapValue="included">
                                    <L7p:entry>
                                    <L7p:key stringValue="RIGHT.COMMENT"/>
                                    <L7p:value stringValue="// aply Quota"/>
                                    </L7p:entry>
                                    </L7p:Properties>
                                </L7p:assertionComment>
                            </wsp:OneOrMore>
                        </wsp:All>
                    </wsp:OneOrMore>
                </wsp:All>
            </wsp:Policy>
        </IncludedPolicyReference>
        <EncapsulatedAssertionReference RefType="com.l7tech.console.policy.exporter.EncapsulatedAssertionReference">
            <Name>SPAY Error Message</Name>
            <Guid>1409a84b-fc4d-44bb-ab68-09828d556bad</Guid>
        </EncapsulatedAssertionReference>
        <IncludedPolicyReference
            RefType="com.l7tech.console.policy.exporter.IncludedPolicyReference"
            guid="64693917-c345-4c97-80c8-f5de80386c82" included="true"
            name="SPAY Template [02] - Rate Limit" soap="false" type="INCLUDE_FRAGMENT">
            <wsp:Policy xmlns:L7p="http://www.layer7tech.com/ws/policy" xmlns:wsp="http://schemas.xmlsoap.org/ws/2002/12/policy">
                <wsp:All wsp:Usage="Required">
                    <L7p:ApiPortalEncassIntegration/>
                    <L7p:CommentAssertion>
                        <L7p:Comment stringValue="Note workaround to select &quot;Spread limit over&quot; checkbox based on &quot;hardLimit&quot; argument into encapsulated assertion."/>
                    </L7p:CommentAssertion>
                    <L7p:CommentAssertion>
                        <L7p:Comment stringValue="- Soft Limit 만 사용"/>
                    </L7p:CommentAssertion>
                    <wsp:OneOrMore wsp:Usage="Required">
                        <L7p:ComparisonAssertion>
                            <L7p:CaseSensitive booleanValue="false"/>
                            <L7p:Expression1 stringValue="${request.shared.cors.isPreflight}"/>
                            <L7p:Operator operatorNull="null"/>
                            <L7p:Predicates predicates="included">
                                <L7p:item dataType="included">
                                    <L7p:Type variableDataType="boolean"/>
                                </L7p:item>
                                <L7p:item binary="included">
                                    <L7p:CaseSensitive booleanValue="false"/>
                                    <L7p:RightValue stringValue="true"/>
                                </L7p:item>
                            </L7p:Predicates>
                        </L7p:ComparisonAssertion>
                        <wsp:All wsp:Usage="Required">
                            <L7p:AuditDetailAssertion>
                                <L7p:Detail stringValue="[DEBUG][${requestId}][${policy.name}] counterName=${counterName},maxRequestsPerSecond=${maxRequestsPerSecond}"/>
                            </L7p:AuditDetailAssertion>
                            <wsp:OneOrMore wsp:Usage="Required">
                                <L7p:ComparisonAssertion>
                                    <L7p:CaseSensitive booleanValue="false"/>
                                    <L7p:Enabled booleanValue="false"/>
                                    <L7p:Expression1 stringValue="${hardLimit}"/>
                                    <L7p:Operator operatorNull="null"/>
                                    <L7p:Predicates predicates="included">
                                    <L7p:item dataType="included">
                                    <L7p:Type variableDataType="boolean"/>
                                    </L7p:item>
                                    <L7p:item binary="included">
                                    <L7p:CaseSensitive booleanValue="false"/>
                                    <L7p:RightValue stringValue="true"/>
                                    </L7p:item>
                                    </L7p:Predicates>
                                </L7p:ComparisonAssertion>
                                <L7p:ComparisonAssertion>
                                    <L7p:CaseSensitive booleanValue="false"/>
                                    <L7p:Enabled booleanValue="false"/>
                                    <L7p:Expression1 stringValue="${hardLimit}"/>
                                    <L7p:Operator operatorNull="null"/>
                                    <L7p:Predicates predicates="included">
                                    <L7p:item dataType="included">
                                    <L7p:Type variableDataType="boolean"/>
                                    </L7p:item>
                                    <L7p:item binary="included">
                                    <L7p:CaseSensitive booleanValue="false"/>
                                    <L7p:RightValue stringValue="false"/>
                                    </L7p:item>
                                    </L7p:Predicates>
                                </L7p:ComparisonAssertion>
                                <L7p:SetVariable>
                                    <L7p:Base64Expression stringValue="ZmFsc2U="/>
                                    <L7p:VariableToSet stringValue="hardLimit"/>
                                </L7p:SetVariable>
                                <L7p:assertionComment>
                                    <L7p:Properties mapValue="included">
                                    <L7p:entry>
                                    <L7p:key stringValue="RIGHT.COMMENT"/>
                                    <L7p:value stringValue="// set hardLimit false"/>
                                    </L7p:entry>
                                    </L7p:Properties>
                                </L7p:assertionComment>
                            </wsp:OneOrMore>
                            <wsp:OneOrMore wsp:Usage="Required">
                                <L7p:ComparisonAssertion>
                                    <L7p:CaseSensitive booleanValue="false"/>
                                    <L7p:Expression1 stringValue="${counterName}"/>
                                    <L7p:Operator operatorNull="null"/>
                                    <L7p:Predicates predicates="included">
                                    <L7p:item dataType="included">
                                    <L7p:Type variableDataType="string"/>
                                    </L7p:item>
                                    <L7p:item binary="included">
                                    <L7p:CaseSensitive booleanValue="false"/>
                                    <L7p:Negated booleanValue="true"/>
                                    <L7p:Operator operator="EMPTY"/>
                                    <L7p:RightValue stringValue=""/>
                                    </L7p:item>
                                    </L7p:Predicates>
                                </L7p:ComparisonAssertion>
                                <wsp:All wsp:Usage="Required">
                                    <L7p:Encapsulated>

                                    <L7p:EncapsulatedAssertionConfigGuid stringValue="1409a84b-fc4d-44bb-ab68-09828d556bad"/>

                                    <L7p:EncapsulatedAssertionConfigName stringValue="SPAY Error Message"/>
                                    <L7p:Parameters mapValue="included">
                                    <L7p:entry>
                                    <L7p:key stringValue="errorDetails"/>
                                    <L7p:value stringValue="counterName=${counterName}, counterName should be a non-empty string"/>
                                    </L7p:entry>
                                    <L7p:entry>
                                    <L7p:key stringValue="errorLogs"/>
                                    <L7p:value stringValue=""/>
                                    </L7p:entry>
                                    <L7p:entry>
                                    <L7p:key stringValue="givenErrorCode"/>
                                    <L7p:value stringValue="E.GW.INVALID_CONFIG"/>
                                    </L7p:entry>
                                    <L7p:entry>
                                    <L7p:key stringValue="givenStatus"/>
                                    <L7p:value stringValue=""/>
                                    </L7p:entry>
                                    <L7p:entry>
                                    <L7p:key stringValue="prefix"/>
                                    <L7p:value stringValue=""/>
                                    </L7p:entry>
                                    </L7p:Parameters>
                                    </L7p:Encapsulated>
                                    <L7p:FalseAssertion/>
                                </wsp:All>
                                <L7p:assertionComment>
                                    <L7p:Properties mapValue="included">
                                    <L7p:entry>
                                    <L7p:key stringValue="RIGHT.COMMENT"/>
                                    <L7p:value stringValue="// check counterName"/>
                                    </L7p:entry>
                                    </L7p:Properties>
                                </L7p:assertionComment>
                            </wsp:OneOrMore>
                            <wsp:OneOrMore wsp:Usage="Required">
                                <L7p:ComparisonAssertion>
                                    <L7p:CaseSensitive booleanValue="false"/>
                                    <L7p:Expression1 stringValue="${maxRequestsPerSecond}"/>
                                    <L7p:Operator operatorNull="null"/>
                                    <L7p:Predicates predicates="included">
                                    <L7p:item dataType="included">
                                    <L7p:Type variableDataType="int"/>
                                    </L7p:item>
                                    <L7p:item binary="included">
                                    <L7p:CaseSensitive booleanValue="false"/>
                                    <L7p:Operator operator="GT"/>
                                    <L7p:RightValue stringValue="0"/>
                                    </L7p:item>
                                    </L7p:Predicates>
                                </L7p:ComparisonAssertion>
                                <wsp:All wsp:Usage="Required">
                                    <L7p:Encapsulated>

                                    <L7p:EncapsulatedAssertionConfigGuid stringValue="1409a84b-fc4d-44bb-ab68-09828d556bad"/>

                                    <L7p:EncapsulatedAssertionConfigName stringValue="SPAY Error Message"/>
                                    <L7p:Parameters mapValue="included">
                                    <L7p:entry>
                                    <L7p:key stringValue="errorDetails"/>
                                    <L7p:value stringValue="maxRequestsPerSecond=${maxRequestsPerSecond}, maxRequestsPerSecond should be an Integer greater than zero"/>
                                    </L7p:entry>
                                    <L7p:entry>
                                    <L7p:key stringValue="errorLogs"/>
                                    <L7p:value stringValue=""/>
                                    </L7p:entry>
                                    <L7p:entry>
                                    <L7p:key stringValue="givenErrorCode"/>
                                    <L7p:value stringValue="E.GW.INVALID_CONFIG"/>
                                    </L7p:entry>
                                    <L7p:entry>
                                    <L7p:key stringValue="givenStatus"/>
                                    <L7p:value stringValue=""/>
                                    </L7p:entry>
                                    <L7p:entry>
                                    <L7p:key stringValue="prefix"/>
                                    <L7p:value stringValue=""/>
                                    </L7p:entry>
                                    </L7p:Parameters>
                                    </L7p:Encapsulated>
                                    <L7p:FalseAssertion/>
                                </wsp:All>
                                <L7p:assertionComment>
                                    <L7p:Properties mapValue="included">
                                    <L7p:entry>
                                    <L7p:key stringValue="RIGHT.COMMENT"/>
                                    <L7p:value stringValue="// check maxRequestsPerSecond"/>
                                    </L7p:entry>
                                    </L7p:Properties>
                                </L7p:assertionComment>
                            </wsp:OneOrMore>
                            <wsp:OneOrMore wsp:Usage="Required">
                                <wsp:All wsp:Usage="Required">
                                    <L7p:ComparisonAssertion>
                                    <L7p:CaseSensitive booleanValue="false"/>
                                    <L7p:Expression1 stringValue="${hardLimit}"/>
                                    <L7p:Operator operatorNull="null"/>
                                    <L7p:Predicates predicates="included">
                                    <L7p:item dataType="included">
                                    <L7p:Type variableDataType="boolean"/>
                                    </L7p:item>
                                    <L7p:item binary="included">
                                    <L7p:CaseSensitive booleanValue="false"/>
                                    <L7p:RightValue stringValue="true"/>
                                    </L7p:item>
                                    </L7p:Predicates>
                                    </L7p:ComparisonAssertion>
                                    <wsp:OneOrMore wsp:Usage="Required">
                                    <L7p:RateLimit>
                                    <L7p:CounterName stringValue="${counterName}"/>
                                    <L7p:HardLimit booleanValue="true"/>
                                    <L7p:MaxRequestsPerSecond stringValue="${maxRequestsPerSecond}"/>
                                    </L7p:RateLimit>
                                    <wsp:All wsp:Usage="Required">
                                    <L7p:Encapsulated>

                                    <L7p:EncapsulatedAssertionConfigGuid stringValue="1409a84b-fc4d-44bb-ab68-09828d556bad"/>

                                    <L7p:EncapsulatedAssertionConfigName stringValue="SPAY Error Message"/>
                                    <L7p:Parameters mapValue="included">
                                    <L7p:entry>
                                    <L7p:key stringValue="errorDetails"/>
                                    <L7p:value stringValue=""/>
                                    </L7p:entry>
                                    <L7p:entry>
                                    <L7p:key stringValue="errorLogs"/>
                                    <L7p:value stringValue=""/>
                                    </L7p:entry>
                                    <L7p:entry>
                                    <L7p:key stringValue="givenErrorCode"/>
                                    <L7p:value stringValue="E.GW.RATE_LIMIT_EXCEEDED"/>
                                    </L7p:entry>
                                    <L7p:entry>
                                    <L7p:key stringValue="givenStatus"/>
                                    <L7p:value stringValue=""/>
                                    </L7p:entry>
                                    <L7p:entry>
                                    <L7p:key stringValue="prefix"/>
                                    <L7p:value stringValue=""/>
                                    </L7p:entry>
                                    </L7p:Parameters>
                                    </L7p:Encapsulated>
                                    <L7p:RaiseError/>
                                    </wsp:All>
                                    </wsp:OneOrMore>
                                    <L7p:assertionComment>
                                    <L7p:Properties mapValue="included">
                                    <L7p:entry>
                                    <L7p:key stringValue="RIGHT.COMMENT"/>
                                    <L7p:value stringValue="// Not Used (Hard Limit)"/>
                                    </L7p:entry>
                                    </L7p:Properties>
                                    </L7p:assertionComment>
                                </wsp:All>
                                <wsp:All wsp:Usage="Required">
                                    <L7p:ComparisonAssertion>
                                    <L7p:CaseSensitive booleanValue="false"/>
                                    <L7p:Expression1 stringValue="${hardLimit}"/>
                                    <L7p:Operator operatorNull="null"/>
                                    <L7p:Predicates predicates="included">
                                    <L7p:item dataType="included">
                                    <L7p:Type variableDataType="boolean"/>
                                    </L7p:item>
                                    <L7p:item binary="included">
                                    <L7p:CaseSensitive booleanValue="false"/>
                                    <L7p:RightValue stringValue="false"/>
                                    </L7p:item>
                                    </L7p:Predicates>
                                    </L7p:ComparisonAssertion>
                                    <wsp:OneOrMore wsp:Usage="Required">
                                    <L7p:RateLimit>
                                    <L7p:CounterName stringValue="${counterName}"/>
                                    <L7p:MaxRequestsPerSecond stringValue="${maxRequestsPerSecond}"/>
                                    </L7p:RateLimit>
                                    <wsp:All wsp:Usage="Required">
                                    <L7p:Encapsulated>

                                    <L7p:EncapsulatedAssertionConfigGuid stringValue="1409a84b-fc4d-44bb-ab68-09828d556bad"/>

                                    <L7p:EncapsulatedAssertionConfigName stringValue="SPAY Error Message"/>
                                    <L7p:Parameters mapValue="included">
                                    <L7p:entry>
                                    <L7p:key stringValue="errorDetails"/>
                                    <L7p:value stringValue="Over ${maxRequestsPerSecond} msg/sec"/>
                                    </L7p:entry>
                                    <L7p:entry>
                                    <L7p:key stringValue="errorLogs"/>
                                    <L7p:value stringValue=""/>
                                    </L7p:entry>
                                    <L7p:entry>
                                    <L7p:key stringValue="givenErrorCode"/>
                                    <L7p:value stringValue="E.GW.RATE_LIMIT_EXCEEDED"/>
                                    </L7p:entry>
                                    <L7p:entry>
                                    <L7p:key stringValue="givenStatus"/>
                                    <L7p:value stringValue=""/>
                                    </L7p:entry>
                                    <L7p:entry>
                                    <L7p:key stringValue="prefix"/>
                                    <L7p:value stringValue=""/>
                                    </L7p:entry>
                                    </L7p:Parameters>
                                    </L7p:Encapsulated>
                                    <L7p:RaiseError/>
                                    </wsp:All>
                                    </wsp:OneOrMore>
                                </wsp:All>
                                <wsp:All wsp:Usage="Required">
                                    <L7p:Encapsulated>

                                    <L7p:EncapsulatedAssertionConfigGuid stringValue="1409a84b-fc4d-44bb-ab68-09828d556bad"/>

                                    <L7p:EncapsulatedAssertionConfigName stringValue="SPAY Error Message"/>
                                    <L7p:Parameters mapValue="included">
                                    <L7p:entry>
                                    <L7p:key stringValue="errorDetails"/>
                                    <L7p:value stringValue="hardLimit=${hardLimit},   hardLimit must be a boolean with a value of true or false"/>
                                    </L7p:entry>
                                    <L7p:entry>
                                    <L7p:key stringValue="errorLogs"/>
                                    <L7p:value stringValue=""/>
                                    </L7p:entry>
                                    <L7p:entry>
                                    <L7p:key stringValue="givenErrorCode"/>
                                    <L7p:value stringValue="E.GW.INVALID_CONFIG"/>
                                    </L7p:entry>
                                    <L7p:entry>
                                    <L7p:key stringValue="givenStatus"/>
                                    <L7p:value stringValue=""/>
                                    </L7p:entry>
                                    <L7p:entry>
                                    <L7p:key stringValue="prefix"/>
                                    <L7p:value stringValue=""/>
                                    </L7p:entry>
                                    </L7p:Parameters>
                                    </L7p:Encapsulated>
                                    <L7p:FalseAssertion/>
                                </wsp:All>
                                <L7p:assertionComment>
                                    <L7p:Properties mapValue="included">
                                    <L7p:entry>
                                    <L7p:key stringValue="RIGHT.COMMENT"/>
                                    <L7p:value stringValue="// do check limit"/>
                                    </L7p:entry>
                                    </L7p:Properties>
                                </L7p:assertionComment>
                            </wsp:OneOrMore>
                        </wsp:All>
                    </wsp:OneOrMore>
                </wsp:All>
            </wsp:Policy>
        </IncludedPolicyReference>
    </exp:References>
    <wsp:Policy xmlns:L7p="http://www.layer7tech.com/ws/policy" xmlns:wsp="http://schemas.xmlsoap.org/ws/2002/12/policy">
        <wsp:All wsp:Usage="Required">
            <L7p:CommentAssertion>
                <L7p:Comment stringValue="Policy Fragment: SPAY Template - API Plan"/>
            </L7p:CommentAssertion>
            <L7p:CommentAssertion>
                <L7p:Comment stringValue="== 표준화 예제 - 요청 처리에 대한 여러 Template 을 하나로 통합  =="/>
            </L7p:CommentAssertion>
            <L7p:ApiPortalEncassIntegration/>
            <L7p:Include>
                <L7p:PolicyGuid stringValue="ee963a71-4a36-4024-9af4-e854ab5cea60"/>
            </L7p:Include>
            <L7p:Include>
                <L7p:PolicyGuid stringValue="64693917-c345-4c97-80c8-f5de80386c82"/>
            </L7p:Include>
        </wsp:All>
    </wsp:Policy>
    <enc:EncapsulatedAssertion
        guid="ea8769e5-c406-4269-9e92-0ed4c9379f79"
        xmlns:L7="http://ns.l7tech.com/secureSpan/1.0/core"
        xmlns:enc="http://ns.l7tech.com/secureSpan/1.0/encass"
        xmlns:xs="http://www.w3.org/2001/XMLSchema" xmlns:xsi="http://www.w3.org/2001/XMLSchema-instance">
        <L7:name>SPAY Template [02] - API Plan (Sample)</L7:name>
        <enc:Policy guid="6570e644-d0a1-431f-a416-d17d787a62b6" name="SPAY Template [02] - API Plan"/>
        <enc:EncapsulatedAssertionArguments>
            <enc:EncapsulatedAssertionArgument
                id="2d514721c5ed2de6772310d92cc2936f" version="0">
                <enc:ArgumentName>quotaMaxHitsPerDay</enc:ArgumentName>
                <enc:ArgumentType>int</enc:ArgumentType>
                <enc:GuiLabel>Quota by Day - 하루 Max Hits (양수)</enc:GuiLabel>
                <enc:GuiPrompt>true</enc:GuiPrompt>
                <enc:Ordinal>3</enc:Ordinal>
            </enc:EncapsulatedAssertionArgument>
            <enc:EncapsulatedAssertionArgument
                id="2d514721c5ed2de6772310d92cc29371" version="0">
                <enc:ArgumentName>counterName</enc:ArgumentName>
                <enc:ArgumentType>string</enc:ArgumentType>
                <enc:GuiPrompt>false</enc:GuiPrompt>
                <enc:Ordinal>1</enc:Ordinal>
            </enc:EncapsulatedAssertionArgument>
            <enc:EncapsulatedAssertionArgument
                id="2d514721c5ed2de6772310d92cc2936d" version="0">
                <enc:ArgumentName>maxRequestsPerSecond</enc:ArgumentName>
                <enc:ArgumentType>int</enc:ArgumentType>
                <enc:GuiLabel>Rate Limit - 초당 최대 요청수 (양수)</enc:GuiLabel>
                <enc:GuiPrompt>true</enc:GuiPrompt>
                <enc:Ordinal>2</enc:Ordinal>
            </enc:EncapsulatedAssertionArgument>
        </enc:EncapsulatedAssertionArguments>
        <enc:EncapsulatedAssertionResults/>
        <enc:Properties>
            <entry>
                <key xsi:type="xs:string">paletteFolder</key>
                <value xsi:type="xs:string">customAssertions</value>
            </entry>
            <entry>
                <key xsi:type="xs:string">allowTracing</key>
                <value xsi:type="xs:string">true</value>
            </entry>
            <entry>
                <key xsi:type="xs:string">artifactVersion</key>
                <value xsi:type="xs:string">104fb1dadd0dd2654533351250952309f2059136</value>
            </entry>
            <entry>
                <key xsi:type="xs:string">description</key>
                <value xsi:type="xs:string">표준화 예제 - 여러가지 템플릿을 하나의 템플릿으로 통합</value>
            </entry>
            <entry>
                <key xsi:type="xs:string">policyGuid</key>
                <value xsi:type="xs:string">6570e644-d0a1-431f-a416-d17d787a62b6</value>
            </entry>
            <entry>
                <key xsi:type="xs:string">passMetricsToParent</key>
                <value xsi:type="xs:string">false</value>
            </entry>
        </enc:Properties>
    </enc:EncapsulatedAssertion>
</exp:Export>
