<?xml version="1.0" encoding="UTF-8"?>
<exp:Export Version="3.0"
    xmlns:L7p="http://www.layer7tech.com/ws/policy"
    xmlns:exp="http://www.layer7tech.com/ws/policy/export" xmlns:wsp="http://schemas.xmlsoap.org/ws/2002/12/policy">
    <exp:References>
        <IncludedPolicyReference
            RefType="com.l7tech.console.policy.exporter.IncludedPolicyReference"
            guid="af769326-8c36-4a55-b72b-26c3d997c55e" included="true"
            name="SPAY Check Date" soap="false" type="INCLUDE_FRAGMENT">
            <wsp:Policy xmlns:L7p="http://www.layer7tech.com/ws/policy" xmlns:wsp="http://schemas.xmlsoap.org/ws/2002/12/policy">
                <wsp:All wsp:Usage="Required">
                    <L7p:CommentAssertion>
                        <L7p:Comment stringValue="Policy Fragment: SPAY Check Date"/>
                    </L7p:CommentAssertion>
                    <L7p:CommentAssertion>
                        <L7p:Comment stringValue="* clock skew 시간을 변경을 원할경우 -32400(UTC기준 -9시간) 기준으로 +/- 초를 계산하여 사용"/>
                    </L7p:CommentAssertion>
                    <L7p:SetVariable>
                        <L7p:Base64Expression stringValue="JHtyZXF1ZXN0LnRpbWUubG9jYWwueXl5eU1NZGR9"/>
                        <L7p:VariableToSet stringValue="currentDate"/>
                    </L7p:SetVariable>
                    <L7p:SetVariable>
                        <L7p:AssertionComment assertionComment="included">
                            <L7p:Properties mapValue="included">
                                <L7p:entry>
                                    <L7p:key stringValue="RIGHT.COMMENT"/>
                                    <L7p:value stringValue="// offset -32460 (- 9:00 - 60s)"/>
                                </L7p:entry>
                            </L7p:Properties>
                        </L7p:AssertionComment>
                        <L7p:Base64Expression stringValue="JHt4LXNwYXktZGF0ZX0="/>
                        <L7p:DataType variableDataType="dateTime"/>
                        <L7p:DateFormat stringValue="yyyyMMddHHmmss"/>
                        <L7p:DateOffsetExpression stringValue="-32460"/>
                        <L7p:VariableToSet stringValue="clock.skew.before"/>
                    </L7p:SetVariable>
                    <L7p:SetVariable>
                        <L7p:AssertionComment assertionComment="included">
                            <L7p:Properties mapValue="included">
                                <L7p:entry>
                                    <L7p:key stringValue="RIGHT.COMMENT"/>
                                    <L7p:value stringValue="// offset -32340 (- 9:00 + 60s)"/>
                                </L7p:entry>
                            </L7p:Properties>
                        </L7p:AssertionComment>
                        <L7p:Base64Expression stringValue="JHt4LXNwYXktZGF0ZX0="/>
                        <L7p:DataType variableDataType="dateTime"/>
                        <L7p:DateFormat stringValue="yyyyMMddHHmmss"/>
                        <L7p:DateOffsetExpression stringValue="-32340"/>
                        <L7p:VariableToSet stringValue="clock.skew.after"/>
                    </L7p:SetVariable>
                    <L7p:AuditDetailAssertion>
                        <L7p:Detail stringValue="[DEBUG][${requestId}][SPAY Check Date]currentDate=${currentDate}, x-spay-date=${request.http.header.x-spay-date}, spayDateBefore=${clock.skew.before.local}, spayDateAfter=${clock.skew.after.local}"/>
                    </L7p:AuditDetailAssertion>
                    <wsp:OneOrMore wsp:Usage="Required">
                        <L7p:ComparisonAssertion>
                            <L7p:CaseSensitive booleanValue="false"/>
                            <L7p:Expression1 stringValue="${currentDate}"/>
                            <L7p:Operator operatorNull="null"/>
                            <L7p:Predicates predicates="included">
                                <L7p:item dataType="included">
                                    <L7p:Type variableDataType="string"/>
                                </L7p:item>
                                <L7p:item binary="included">
                                    <L7p:RightValue stringValue="${clock.skew.before.local.yyyyMMdd}"/>
                                </L7p:item>
                            </L7p:Predicates>
                        </L7p:ComparisonAssertion>
                        <L7p:ComparisonAssertion>
                            <L7p:CaseSensitive booleanValue="false"/>
                            <L7p:Expression1 stringValue="${currentDate}"/>
                            <L7p:Operator operatorNull="null"/>
                            <L7p:Predicates predicates="included">
                                <L7p:item dataType="included">
                                    <L7p:Type variableDataType="string"/>
                                </L7p:item>
                                <L7p:item binary="included">
                                    <L7p:RightValue stringValue="${clock.skew.after.local.yyyyMMdd}"/>
                                </L7p:item>
                            </L7p:Predicates>
                        </L7p:ComparisonAssertion>
                    </wsp:OneOrMore>
                </wsp:All>
            </wsp:Policy>
        </IncludedPolicyReference>
        <EncapsulatedAssertionReference RefType="com.l7tech.console.policy.exporter.EncapsulatedAssertionReference">
            <Name>SPAY Error Message</Name>
            <Guid>1409a84b-fc4d-44bb-ab68-09828d556bad</Guid>
        </EncapsulatedAssertionReference>
    </exp:References>
    <wsp:Policy xmlns:L7p="http://www.layer7tech.com/ws/policy" xmlns:wsp="http://schemas.xmlsoap.org/ws/2002/12/policy">
        <wsp:All wsp:Usage="Required">
            <L7p:CommentAssertion>
                <L7p:Comment stringValue="Policy Fragment: SPAY Template - Signature"/>
            </L7p:CommentAssertion>
            <L7p:ApiPortalEncassIntegration/>
            <wsp:OneOrMore wsp:Usage="Required">
                <L7p:ComparisonAssertion>
                    <L7p:CaseSensitive booleanValue="false"/>
                    <L7p:Expression1 stringValue="${request.shared.cors.isPreflight}"/>
                    <L7p:Operator operatorNull="null"/>
                    <L7p:Predicates predicates="included">
                        <L7p:item dataType="included">
                            <L7p:Type variableDataType="boolean"/>
                        </L7p:item>
                        <L7p:item binary="included">
                            <L7p:CaseSensitive booleanValue="false"/>
                            <L7p:RightValue stringValue="true"/>
                        </L7p:item>
                    </L7p:Predicates>
                </L7p:ComparisonAssertion>
                <wsp:All wsp:Usage="Required">
                    <L7p:AuditDetailAssertion>
                        <L7p:Detail stringValue="[DEBUG][${requestId}][${policy.name}] counterName=${counterName}"/>
                    </L7p:AuditDetailAssertion>
                    <wsp:OneOrMore wsp:Usage="Required">
                        <wsp:All wsp:Usage="Required">
                            <L7p:SetVariable>
                                <L7p:Base64Expression stringValue="JHtyZXF1ZXN0Lmh0dHAuaGVhZGVyLngtc3BheS1kYXRlfQ=="/>
                                <L7p:VariableToSet stringValue="x-spay-date"/>
                            </L7p:SetVariable>
                            <L7p:ComparisonAssertion>
                                <L7p:CaseSensitive booleanValue="false"/>
                                <L7p:Expression1 stringValue="${x-spay-date}"/>
                                <L7p:Operator operatorNull="null"/>
                                <L7p:Predicates predicates="included">
                                    <L7p:item dataType="included">
                                    <L7p:Type variableDataType="string"/>
                                    </L7p:item>
                                    <L7p:item binary="included">
                                    <L7p:CaseSensitive booleanValue="false"/>
                                    <L7p:Negated booleanValue="true"/>
                                    <L7p:Operator operator="EMPTY"/>
                                    <L7p:RightValue stringValue="false"/>
                                    </L7p:item>
                                </L7p:Predicates>
                            </L7p:ComparisonAssertion>
                            <wsp:OneOrMore wsp:Usage="Required">
                                <L7p:ComparisonAssertion>
                                    <L7p:CaseSensitive booleanValue="false"/>
                                    <L7p:Expression1 stringValue="${checkDate}"/>
                                    <L7p:Operator operatorNull="null"/>
                                    <L7p:Predicates predicates="included">
                                    <L7p:item dataType="included">
                                    <L7p:Type variableDataType="boolean"/>
                                    </L7p:item>
                                    <L7p:item binary="included">
                                    <L7p:CaseSensitive booleanValue="false"/>
                                    <L7p:RightValue stringValue="false"/>
                                    </L7p:item>
                                    </L7p:Predicates>
                                </L7p:ComparisonAssertion>
                                <L7p:Include>
                                    <L7p:PolicyGuid stringValue="af769326-8c36-4a55-b72b-26c3d997c55e"/>
                                </L7p:Include>
                            </wsp:OneOrMore>
                        </wsp:All>
                        <wsp:All wsp:Usage="Required">
                            <L7p:Encapsulated>
                                <L7p:EncapsulatedAssertionConfigGuid stringValue="1409a84b-fc4d-44bb-ab68-09828d556bad"/>
                                <L7p:EncapsulatedAssertionConfigName stringValue="SPAY Error Message"/>
                                <L7p:Parameters mapValue="included">
                                    <L7p:entry>
                                    <L7p:key stringValue="errorDetails"/>
                                    <L7p:value stringValue=""/>
                                    </L7p:entry>
                                    <L7p:entry>
                                    <L7p:key stringValue="errorLogs"/>
                                    <L7p:value stringValue="x-spay-date=${x-spay-date}"/>
                                    </L7p:entry>
                                    <L7p:entry>
                                    <L7p:key stringValue="givenErrorCode"/>
                                    <L7p:value stringValue="E.GW.INVALID_SIGNDATE"/>
                                    </L7p:entry>
                                    <L7p:entry>
                                    <L7p:key stringValue="givenStatus"/>
                                    <L7p:value stringValue=""/>
                                    </L7p:entry>
                                    <L7p:entry>
                                    <L7p:key stringValue="prefix"/>
                                    <L7p:value stringValue="SIGN"/>
                                    </L7p:entry>
                                </L7p:Parameters>
                            </L7p:Encapsulated>
                            <L7p:FalseAssertion/>
                        </wsp:All>
                        <L7p:assertionComment>
                            <L7p:Properties mapValue="included">
                                <L7p:entry>
                                    <L7p:key stringValue="RIGHT.COMMENT"/>
                                    <L7p:value stringValue="// check x-spay-date"/>
                                </L7p:entry>
                            </L7p:Properties>
                        </L7p:assertionComment>
                    </wsp:OneOrMore>
                    <wsp:OneOrMore wsp:Usage="Required">
                        <wsp:All wsp:Usage="Required">
                            <L7p:ComparisonAssertion>
                                <L7p:CaseSensitive booleanValue="false"/>
                                <L7p:Expression1 stringValue="${request.shared.portal.analytics.authType}"/>
                                <L7p:Expression2 stringValue="API_KEY"/>
                                <L7p:Predicates predicates="included">
                                    <L7p:item binary="included">
                                    <L7p:CaseSensitive booleanValue="false"/>
                                    <L7p:RightValue stringValue="API_KEY"/>
                                    </L7p:item>
                                </L7p:Predicates>
                            </L7p:ComparisonAssertion>
                            <L7p:ComparisonAssertion>
                                <L7p:CaseSensitive booleanValue="false"/>
                                <L7p:Expression1 stringValue="${apiKey}"/>
                                <L7p:Expression2 stringValue=""/>
                                <L7p:Negate booleanValue="true"/>
                                <L7p:Operator operator="EMPTY"/>
                                <L7p:Predicates predicates="included">
                                    <L7p:item binary="included">
                                    <L7p:CaseSensitive booleanValue="false"/>
                                    <L7p:Negated booleanValue="true"/>
                                    <L7p:Operator operator="EMPTY"/>
                                    <L7p:RightValue stringValue=""/>
                                    </L7p:item>
                                </L7p:Predicates>
                            </L7p:ComparisonAssertion>
                            <L7p:ComparisonAssertion>
                                <L7p:CaseSensitive booleanValue="false"/>
                                <L7p:Expression1 stringValue="${apiKeyRecord.secret}"/>
                                <L7p:Operator operatorNull="null"/>
                                <L7p:Predicates predicates="included">
                                    <L7p:item dataType="included">
                                    <L7p:Type variableDataType="string"/>
                                    </L7p:item>
                                    <L7p:item binary="included">
                                    <L7p:CaseSensitive booleanValue="false"/>
                                    <L7p:Negated booleanValue="true"/>
                                    <L7p:Operator operator="EMPTY"/>
                                    <L7p:RightValue stringValue="false"/>
                                    </L7p:item>
                                </L7p:Predicates>
                            </L7p:ComparisonAssertion>
                            <L7p:SetVariable>
                                <L7p:Base64Expression stringValue="JHthcGlLZXl9"/>
                                <L7p:VariableToSet stringValue="auth_value"/>
                            </L7p:SetVariable>
                            <L7p:assertionComment>
                                <L7p:Properties mapValue="included">
                                    <L7p:entry>
                                    <L7p:key stringValue="RIGHT.COMMENT"/>
                                    <L7p:value stringValue="// API_KEY"/>
                                    </L7p:entry>
                                </L7p:Properties>
                            </L7p:assertionComment>
                        </wsp:All>
                        <wsp:All wsp:Usage="Required">
                            <L7p:ComparisonAssertion>
                                <L7p:CaseSensitive booleanValue="false"/>
                                <L7p:Expression1 stringValue="${request.shared.portal.analytics.authType}"/>
                                <L7p:Expression2 stringValue="OAUTH_2"/>
                                <L7p:Predicates predicates="included">
                                    <L7p:item binary="included">
                                    <L7p:CaseSensitive booleanValue="false"/>
                                    <L7p:RightValue stringValue="OAUTH_2"/>
                                    </L7p:item>
                                </L7p:Predicates>
                            </L7p:ComparisonAssertion>
                            <L7p:ComparisonAssertion>
                                <L7p:CaseSensitive booleanValue="false"/>
                                <L7p:Expression1 stringValue="${access_token}"/>
                                <L7p:Expression2 stringValue=""/>
                                <L7p:Negate booleanValue="true"/>
                                <L7p:Operator operator="EMPTY"/>
                                <L7p:Predicates predicates="included">
                                    <L7p:item binary="included">
                                    <L7p:CaseSensitive booleanValue="false"/>
                                    <L7p:Negated booleanValue="true"/>
                                    <L7p:Operator operator="EMPTY"/>
                                    <L7p:RightValue stringValue=""/>
                                    </L7p:item>
                                </L7p:Predicates>
                            </L7p:ComparisonAssertion>
                            <L7p:ComparisonAssertion>
                                <L7p:CaseSensitive booleanValue="false"/>
                                <L7p:Expression1 stringValue="${apiKeyRecord.secret}"/>
                                <L7p:Operator operatorNull="null"/>
                                <L7p:Predicates predicates="included">
                                    <L7p:item dataType="included">
                                    <L7p:Type variableDataType="string"/>
                                    </L7p:item>
                                    <L7p:item binary="included">
                                    <L7p:CaseSensitive booleanValue="false"/>
                                    <L7p:Negated booleanValue="true"/>
                                    <L7p:Operator operator="EMPTY"/>
                                    <L7p:RightValue stringValue="false"/>
                                    </L7p:item>
                                </L7p:Predicates>
                            </L7p:ComparisonAssertion>
                            <L7p:SetVariable>
                                <L7p:Base64Expression stringValue="JHthY2Nlc3NfdG9rZW59"/>
                                <L7p:VariableToSet stringValue="auth_value"/>
                            </L7p:SetVariable>
                            <L7p:assertionComment>
                                <L7p:Properties mapValue="included">
                                    <L7p:entry>
                                    <L7p:key stringValue="RIGHT.COMMENT"/>
                                    <L7p:value stringValue="// OAUTH_2"/>
                                    </L7p:entry>
                                </L7p:Properties>
                            </L7p:assertionComment>
                        </wsp:All>
                        <wsp:All wsp:Usage="Required">
                            <L7p:Encapsulated>
                                <L7p:EncapsulatedAssertionConfigGuid stringValue="1409a84b-fc4d-44bb-ab68-09828d556bad"/>
                                <L7p:EncapsulatedAssertionConfigName stringValue="SPAY Error Message"/>
                                <L7p:Parameters mapValue="included">
                                    <L7p:entry>
                                    <L7p:key stringValue="errorDetails"/>
                                    <L7p:value stringValue="Needs API Authorization to validate signature. Please contact admin."/>
                                    </L7p:entry>
                                    <L7p:entry>
                                    <L7p:key stringValue="errorLogs"/>
                                    <L7p:value stringValue=""/>
                                    </L7p:entry>
                                    <L7p:entry>
                                    <L7p:key stringValue="givenErrorCode"/>
                                    <L7p:value stringValue="E.GW.INVALID_CONFIG"/>
                                    </L7p:entry>
                                    <L7p:entry>
                                    <L7p:key stringValue="givenStatus"/>
                                    <L7p:value stringValue=""/>
                                    </L7p:entry>
                                    <L7p:entry>
                                    <L7p:key stringValue="prefix"/>
                                    <L7p:value stringValue=""/>
                                    </L7p:entry>
                                </L7p:Parameters>
                            </L7p:Encapsulated>
                            <L7p:FalseAssertion/>
                        </wsp:All>
                        <L7p:assertionComment>
                            <L7p:Properties mapValue="included">
                                <L7p:entry>
                                    <L7p:key stringValue="RIGHT.COMMENT"/>
                                    <L7p:value stringValue="// check auth (apikey / access token)"/>
                                </L7p:entry>
                            </L7p:Properties>
                        </L7p:assertionComment>
                    </wsp:OneOrMore>
                    <wsp:OneOrMore wsp:Usage="Required">
                        <wsp:All wsp:Usage="Required">
                            <L7p:SetVariable>
                                <L7p:Base64Expression stringValue="JHtyZXF1ZXN0Lmh0dHAuaGVhZGVyLngtc3BheS1zaWduYXR1cmV9"/>
                                <L7p:VariableToSet stringValue="x-spay-signature"/>
                            </L7p:SetVariable>
                            <L7p:ComparisonAssertion>
                                <L7p:CaseSensitive booleanValue="false"/>
                                <L7p:Expression1 stringValue="${x-spay-signature}"/>
                                <L7p:Operator operatorNull="null"/>
                                <L7p:Predicates predicates="included">
                                    <L7p:item dataType="included">
                                    <L7p:Type variableDataType="string"/>
                                    </L7p:item>
                                    <L7p:item binary="included">
                                    <L7p:CaseSensitive booleanValue="false"/>
                                    <L7p:Negated booleanValue="true"/>
                                    <L7p:Operator operator="EMPTY"/>
                                    <L7p:RightValue stringValue="false"/>
                                    </L7p:item>
                                </L7p:Predicates>
                            </L7p:ComparisonAssertion>
                            <L7p:GenerateSecurityHash>
                                <L7p:Algorithm stringValue="SHA-256"/>
                                <L7p:AssertionComment assertionComment="included">
                                    <L7p:Properties mapValue="included">
                                    <L7p:entry>
                                    <L7p:key stringValue="RIGHT.COMMENT"/>
                                    <L7p:value stringValue="// bodyhash"/>
                                    </L7p:entry>
                                    </L7p:Properties>
                                </L7p:AssertionComment>
                                <L7p:Base64Data stringValue="JHtyZXF1ZXN0Lm1haW5wYXJ0fQ=="/>
                                <L7p:LineBreak lineBreak="CR-LF"/>
                                <L7p:TargetOutputVariable stringValue="bodyhash"/>
                            </L7p:GenerateSecurityHash>
                            <L7p:SetVariable>
                                <L7p:Base64Expression stringValue="JHtyZXF1ZXN0Lmh0dHAubWV0aG9kfSYke3JlcXVlc3QuaHR0cC51cml9JHtyZXF1ZXN0LnVybC5xdWVyeX0mJHt4LXNwYXktZGF0ZX0mJHthdXRoX3ZhbHVlfSYke2JvZHloYXNofQ=="/>
                                <L7p:VariableToSet stringValue="sign.target"/>
                            </L7p:SetVariable>
                            <L7p:GenerateSecurityHash>
                                <L7p:Algorithm stringValue="HMAC-SHA256"/>
                                <L7p:AssertionComment assertionComment="included">
                                    <L7p:Properties mapValue="included">
                                    <L7p:entry>
                                    <L7p:key stringValue="RIGHT.COMMENT"/>
                                    <L7p:value stringValue="// sign all"/>
                                    </L7p:entry>
                                    </L7p:Properties>
                                </L7p:AssertionComment>
                                <L7p:Base64Data stringValue="JHtzaWduLnRhcmdldH0="/>
                                <L7p:KeyText stringValue="${apiKeyRecord.secret}"/>
                                <L7p:LineBreak lineBreak="CR-LF"/>
                                <L7p:TargetOutputVariable stringValue="signed.result"/>
                            </L7p:GenerateSecurityHash>
                            <L7p:AuditDetailAssertion>
                                <L7p:Detail stringValueReference="inline"><![CDATA[[DEBUG][${requestId}][${policy.name}] x-spay-signature=${x-spay-signature}, apiKeyRecord.secret=${apiKeyRecord.secret},sign.target=${sign.target},signed.result=${signed.result}
${request.mainpart}]]></L7p:Detail>
                            </L7p:AuditDetailAssertion>
                            <L7p:ComparisonAssertion>
                                <L7p:CaseSensitive booleanValue="false"/>
                                <L7p:Expression1 stringValue="${signed.result}"/>
                                <L7p:Operator operatorNull="null"/>
                                <L7p:Predicates predicates="included">
                                    <L7p:item dataType="included">
                                    <L7p:Type variableDataType="string"/>
                                    </L7p:item>
                                    <L7p:item binary="included">
                                    <L7p:CaseSensitive booleanValue="false"/>
                                    <L7p:RightValue stringValue="${request.http.header.x-spay-signature}"/>
                                    </L7p:item>
                                </L7p:Predicates>
                            </L7p:ComparisonAssertion>
                        </wsp:All>
                        <wsp:All wsp:Usage="Required">
                            <L7p:Encapsulated>
                                <L7p:EncapsulatedAssertionConfigGuid stringValue="1409a84b-fc4d-44bb-ab68-09828d556bad"/>
                                <L7p:EncapsulatedAssertionConfigName stringValue="SPAY Error Message"/>
                                <L7p:Parameters mapValue="included">
                                    <L7p:entry>
                                    <L7p:key stringValue="errorDetails"/>
                                    <L7p:value stringValue="Please check signature x-spay-signature"/>
                                    </L7p:entry>
                                    <L7p:entry>
                                    <L7p:key stringValue="errorLogs"/>
                                    <L7p:value stringValue=""/>
                                    </L7p:entry>
                                    <L7p:entry>
                                    <L7p:key stringValue="givenErrorCode"/>
                                    <L7p:value stringValue="E.GW.INVALID_SIGNATURE"/>
                                    </L7p:entry>
                                    <L7p:entry>
                                    <L7p:key stringValue="givenStatus"/>
                                    <L7p:value stringValue=""/>
                                    </L7p:entry>
                                    <L7p:entry>
                                    <L7p:key stringValue="prefix"/>
                                    <L7p:value stringValue="SIGN"/>
                                    </L7p:entry>
                                </L7p:Parameters>
                            </L7p:Encapsulated>
                            <L7p:FalseAssertion/>
                        </wsp:All>
                        <L7p:assertionComment>
                            <L7p:Properties mapValue="included">
                                <L7p:entry>
                                    <L7p:key stringValue="RIGHT.COMMENT"/>
                                    <L7p:value stringValue="// check signature"/>
                                </L7p:entry>
                            </L7p:Properties>
                        </L7p:assertionComment>
                    </wsp:OneOrMore>
                </wsp:All>
            </wsp:OneOrMore>
        </wsp:All>
    </wsp:Policy>
    <enc:EncapsulatedAssertion
        guid="fe9e9efc-2ae0-4910-9008-b01de9e77f3d"
        xmlns:L7="http://ns.l7tech.com/secureSpan/1.0/core"
        xmlns:enc="http://ns.l7tech.com/secureSpan/1.0/encass"
        xmlns:xs="http://www.w3.org/2001/XMLSchema" xmlns:xsi="http://www.w3.org/2001/XMLSchema-instance">
        <L7:name>SPAY Template [02] - Signature (Request)</L7:name>
        <enc:Policy guid="5dc0d863-a29b-4048-8667-b80e8d3147af" name="SPAY Template [02] - Signature (Request)"/>
        <enc:EncapsulatedAssertionArguments>
            <enc:EncapsulatedAssertionArgument
                id="f1351e33673f845927c520d2a92b963e" version="0">
                <enc:ArgumentName>checkDate</enc:ArgumentName>
                <enc:ArgumentType>boolean</enc:ArgumentType>
                <enc:GuiLabel>Check Date - header x-spay-date</enc:GuiLabel>
                <enc:GuiPrompt>true</enc:GuiPrompt>
                <enc:Ordinal>5</enc:Ordinal>
            </enc:EncapsulatedAssertionArgument>
            <enc:EncapsulatedAssertionArgument
                id="f1351e33673f845927c520d2a92b9640" version="0">
                <enc:ArgumentName>apiKey</enc:ArgumentName>
                <enc:ArgumentType>string</enc:ArgumentType>
                <enc:GuiPrompt>false</enc:GuiPrompt>
                <enc:Ordinal>2</enc:Ordinal>
            </enc:EncapsulatedAssertionArgument>
            <enc:EncapsulatedAssertionArgument
                id="f1351e33673f845927c520d2a92b963c" version="0">
                <enc:ArgumentName>apiKeyRecord.secret</enc:ArgumentName>
                <enc:ArgumentType>string</enc:ArgumentType>
                <enc:GuiPrompt>false</enc:GuiPrompt>
                <enc:Ordinal>3</enc:Ordinal>
            </enc:EncapsulatedAssertionArgument>
            <enc:EncapsulatedAssertionArgument
                id="f1351e33673f845927c520d2a92b9644" version="0">
                <enc:ArgumentName>counterName</enc:ArgumentName>
                <enc:ArgumentType>string</enc:ArgumentType>
                <enc:GuiPrompt>false</enc:GuiPrompt>
                <enc:Ordinal>4</enc:Ordinal>
            </enc:EncapsulatedAssertionArgument>
            <enc:EncapsulatedAssertionArgument
                id="f1351e33673f845927c520d2a92b9642" version="0">
                <enc:ArgumentName>access_token</enc:ArgumentName>
                <enc:ArgumentType>string</enc:ArgumentType>
                <enc:GuiPrompt>false</enc:GuiPrompt>
                <enc:Ordinal>1</enc:Ordinal>
            </enc:EncapsulatedAssertionArgument>
        </enc:EncapsulatedAssertionArguments>
        <enc:EncapsulatedAssertionResults>
            <enc:EncapsulatedAssertionResult
                id="f1351e33673f845927c520d2a92b9646" version="0">
                <enc:ResultName>error.msg</enc:ResultName>
                <enc:ResultType>string</enc:ResultType>
            </enc:EncapsulatedAssertionResult>
            <enc:EncapsulatedAssertionResult
                id="f1351e33673f845927c520d2a92b964a" version="0">
                <enc:ResultName>portal.analytics.response.code</enc:ResultName>
                <enc:ResultType>string</enc:ResultType>
            </enc:EncapsulatedAssertionResult>
            <enc:EncapsulatedAssertionResult
                id="f1351e33673f845927c520d2a92b9648" version="0">
                <enc:ResultName>error.code</enc:ResultName>
                <enc:ResultType>string</enc:ResultType>
            </enc:EncapsulatedAssertionResult>
            <enc:EncapsulatedAssertionResult
                id="f1351e33673f845927c520d2a92b964c" version="0">
                <enc:ResultName>status</enc:ResultName>
                <enc:ResultType>string</enc:ResultType>
            </enc:EncapsulatedAssertionResult>
        </enc:EncapsulatedAssertionResults>
        <enc:Properties>
            <entry>
                <key xsi:type="xs:string">paletteFolder</key>
                <value xsi:type="xs:string">customAssertions</value>
            </entry>
            <entry>
                <key xsi:type="xs:string">allowTracing</key>
                <value xsi:type="xs:string">true</value>
            </entry>
            <entry>
                <key xsi:type="xs:string">artifactVersion</key>
                <value xsi:type="xs:string">638a02d8d8e935b1ffe86c0fa2287a8759cf18d7</value>
            </entry>
            <entry>
                <key xsi:type="xs:string">description</key>
                <value xsi:type="xs:string">Check Signature (HTTP Header x-spay-signature)</value>
            </entry>
            <entry>
                <key xsi:type="xs:string">policyGuid</key>
                <value xsi:type="xs:string">5dc0d863-a29b-4048-8667-b80e8d3147af</value>
            </entry>
            <entry>
                <key xsi:type="xs:string">passMetricsToParent</key>
                <value xsi:type="xs:string">false</value>
            </entry>
        </enc:Properties>
    </enc:EncapsulatedAssertion>
</exp:Export>
