<?xml version="1.0" encoding="UTF-8"?>
<exp:Export Version="3.0"
    xmlns:L7p="http://www.layer7tech.com/ws/policy"
    xmlns:exp="http://www.layer7tech.com/ws/policy/export" xmlns:wsp="http://schemas.xmlsoap.org/ws/2002/12/policy">
    <exp:References>
        <EncapsulatedAssertionReference RefType="com.l7tech.console.policy.exporter.EncapsulatedAssertionReference">
            <Name>SPAY Error Message</Name>
            <Guid>1409a84b-fc4d-44bb-ab68-09828d556bad</Guid>
        </EncapsulatedAssertionReference>
    </exp:References>
    <wsp:Policy xmlns:L7p="http://www.layer7tech.com/ws/policy" xmlns:wsp="http://schemas.xmlsoap.org/ws/2002/12/policy">
        <wsp:All wsp:Usage="Required">
            <L7p:CommentAssertion>
                <L7p:Comment stringValue="Policy Fragment: SPAY Template [02] - Message Size Limit"/>
            </L7p:CommentAssertion>
            <L7p:ApiPortalEncassIntegration/>
            <wsp:OneOrMore wsp:Usage="Required">
                <L7p:ComparisonAssertion>
                    <L7p:CaseSensitive booleanValue="false"/>
                    <L7p:Expression1 stringValue="${request.shared.cors.isPreflight}"/>
                    <L7p:Operator operatorNull="null"/>
                    <L7p:Predicates predicates="included">
                        <L7p:item dataType="included">
                            <L7p:Type variableDataType="boolean"/>
                        </L7p:item>
                        <L7p:item binary="included">
                            <L7p:CaseSensitive booleanValue="false"/>
                            <L7p:RightValue stringValue="true"/>
                        </L7p:item>
                    </L7p:Predicates>
                </L7p:ComparisonAssertion>
                <wsp:All wsp:Usage="Required">
                    <L7p:AuditDetailAssertion>
                        <L7p:Detail stringValue="[DEBUG][${requestId}][${policy.name}] maxSize=${maxSize}"/>
                    </L7p:AuditDetailAssertion>
                    <wsp:OneOrMore wsp:Usage="Required">
                        <L7p:ComparisonAssertion>
                            <L7p:CaseSensitive booleanValue="false"/>
                            <L7p:Expression1 stringValue="${maxSize}"/>
                            <L7p:Operator operatorNull="null"/>
                            <L7p:Predicates predicates="included">
                                <L7p:item dataType="included">
                                    <L7p:Type variableDataType="int"/>
                                </L7p:item>
                                <L7p:item binary="included">
                                    <L7p:Operator operator="GT"/>
                                    <L7p:RightValue stringValue="0"/>
                                </L7p:item>
                            </L7p:Predicates>
                        </L7p:ComparisonAssertion>
                        <L7p:SetVariable>
                            <L7p:Base64Expression stringValue="JHtnYXRld2F5LnNzZ3BheS5tc2dzaXplLmRlZmF1bHR9"/>
                            <L7p:VariableToSet stringValue="maxSize"/>
                        </L7p:SetVariable>
                    </wsp:OneOrMore>
                    <wsp:OneOrMore wsp:Usage="Required">
                        <L7p:ComparisonAssertion>
                            <L7p:CaseSensitive booleanValue="false"/>
                            <L7p:Expression1 stringValue="${request.http.method}"/>
                            <L7p:Operator operatorNull="null"/>
                            <L7p:Predicates predicates="included">
                                <L7p:item dataType="included">
                                    <L7p:Type variableDataType="string"/>
                                </L7p:item>
                                <L7p:item binary="included">
                                    <L7p:Negated booleanValue="true"/>
                                    <L7p:RightValue stringValue="POST"/>
                                </L7p:item>
                                <L7p:item binary="included">
                                    <L7p:Negated booleanValue="true"/>
                                    <L7p:RightValue stringValue="PUT"/>
                                </L7p:item>
                            </L7p:Predicates>
                        </L7p:ComparisonAssertion>
                        <wsp:All wsp:Usage="Required">
                            <L7p:ComparisonAssertion>
                                <L7p:CaseSensitive booleanValue="false"/>
                                <L7p:Enabled booleanValue="false"/>
                                <L7p:Expression1 stringValue="${request.http.method}"/>
                                <L7p:Operator operatorNull="null"/>
                                <L7p:Predicates predicates="included">
                                    <L7p:item dataType="included">
                                    <L7p:Type variableDataType="string"/>
                                    </L7p:item>
                                    <L7p:item regex="included">
                                    <L7p:Pattern stringValue="POST|PUT"/>
                                    </L7p:item>
                                </L7p:Predicates>
                            </L7p:ComparisonAssertion>
                            <L7p:RequestSizeLimit>
                                <L7p:Limit stringValue="${maxSize}"/>
                            </L7p:RequestSizeLimit>
                            <L7p:assertionComment>
                                <L7p:Properties mapValue="included">
                                    <L7p:entry>
                                    <L7p:key stringValue="RIGHT.COMMENT"/>
                                    <L7p:value stringValue="// Request msg check"/>
                                    </L7p:entry>
                                </L7p:Properties>
                            </L7p:assertionComment>
                        </wsp:All>
                        <wsp:All wsp:Usage="Required">
                            <L7p:Encapsulated>
                                <L7p:EncapsulatedAssertionConfigGuid stringValue="1409a84b-fc4d-44bb-ab68-09828d556bad"/>
                                <L7p:EncapsulatedAssertionConfigName stringValue="SPAY Error Message"/>
                                <L7p:Parameters mapValue="included">
                                    <L7p:entry>
                                    <L7p:key stringValue="errorDetails"/>
                                    <L7p:value stringValue="request message max size (${maxSize})"/>
                                    </L7p:entry>
                                    <L7p:entry>
                                    <L7p:key stringValue="errorLogs"/>
                                    <L7p:value stringValue=""/>
                                    </L7p:entry>
                                    <L7p:entry>
                                    <L7p:key stringValue="givenErrorCode"/>
                                    <L7p:value stringValue="E.GW.MESSAGE_SIZE_EXCEEDED_LIMIT"/>
                                    </L7p:entry>
                                    <L7p:entry>
                                    <L7p:key stringValue="givenStatus"/>
                                    <L7p:value stringValue=""/>
                                    </L7p:entry>
                                    <L7p:entry>
                                    <L7p:key stringValue="prefix"/>
                                    <L7p:value stringValue=""/>
                                    </L7p:entry>
                                </L7p:Parameters>
                            </L7p:Encapsulated>
                            <L7p:FalseAssertion/>
                            <L7p:assertionComment>
                                <L7p:Properties mapValue="included">
                                    <L7p:entry>
                                    <L7p:key stringValue="RIGHT.COMMENT"/>
                                    <L7p:value stringValue="// 에러처리"/>
                                    </L7p:entry>
                                </L7p:Properties>
                            </L7p:assertionComment>
                        </wsp:All>
                    </wsp:OneOrMore>
                </wsp:All>
            </wsp:OneOrMore>
        </wsp:All>
    </wsp:Policy>
    <enc:EncapsulatedAssertion
        guid="ef69752f-1f8a-4e06-813b-0ca06bde3287"
        xmlns:L7="http://ns.l7tech.com/secureSpan/1.0/core"
        xmlns:enc="http://ns.l7tech.com/secureSpan/1.0/encass"
        xmlns:xs="http://www.w3.org/2001/XMLSchema" xmlns:xsi="http://www.w3.org/2001/XMLSchema-instance">
        <L7:name>SPAY Template [02] - Message Size Limit (Request)</L7:name>
        <enc:Policy guid="0a485ae2-9a3a-4f9c-bbd3-3eefa8a77d88" name="SPAY Template [02] - Message Size Limit (Request)"/>
        <enc:EncapsulatedAssertionArguments>
            <enc:EncapsulatedAssertionArgument
                id="2d514721c5ed2de6772310d92cc295ff" version="0">
                <enc:ArgumentName>counterName</enc:ArgumentName>
                <enc:ArgumentType>string</enc:ArgumentType>
                <enc:GuiPrompt>false</enc:GuiPrompt>
                <enc:Ordinal>1</enc:Ordinal>
            </enc:EncapsulatedAssertionArgument>
            <enc:EncapsulatedAssertionArgument
                id="2d514721c5ed2de6772310d92cc295fd" version="0">
                <enc:ArgumentName>maxSize</enc:ArgumentName>
                <enc:ArgumentType>string</enc:ArgumentType>
                <enc:GuiLabel>요청메시지 최대 사이즈 (in KBytes)</enc:GuiLabel>
                <enc:GuiPrompt>true</enc:GuiPrompt>
                <enc:Ordinal>2</enc:Ordinal>
            </enc:EncapsulatedAssertionArgument>
        </enc:EncapsulatedAssertionArguments>
        <enc:EncapsulatedAssertionResults>
            <enc:EncapsulatedAssertionResult
                id="2d514721c5ed2de6772310d92cc29601" version="0">
                <enc:ResultName>portal.analytics.response.code</enc:ResultName>
                <enc:ResultType>string</enc:ResultType>
            </enc:EncapsulatedAssertionResult>
        </enc:EncapsulatedAssertionResults>
        <enc:Properties>
            <entry>
                <key xsi:type="xs:string">paletteFolder</key>
                <value xsi:type="xs:string">customAssertions</value>
            </entry>
            <entry>
                <key xsi:type="xs:string">allowTracing</key>
                <value xsi:type="xs:string">true</value>
            </entry>
            <entry>
                <key xsi:type="xs:string">artifactVersion</key>
                <value xsi:type="xs:string">dfe989edb265effcfc0ec1a4c62d86b191324ca6</value>
            </entry>
            <entry>
                <key xsi:type="xs:string">description</key>
                <value xsi:type="xs:string">Message Size Limit - 요청 메시지. 입력값 없을 경우 Default 값 사용 (ssgpay.msgsize.default property 참고)</value>
            </entry>
            <entry>
                <key xsi:type="xs:string">policyGuid</key>
                <value xsi:type="xs:string">0a485ae2-9a3a-4f9c-bbd3-3eefa8a77d88</value>
            </entry>
            <entry>
                <key xsi:type="xs:string">passMetricsToParent</key>
                <value xsi:type="xs:string">false</value>
            </entry>
        </enc:Properties>
    </enc:EncapsulatedAssertion>
</exp:Export>
