<?xml version="1.0" encoding="UTF-8"?>
<exp:Export Version="3.0"
    xmlns:L7p="http://www.layer7tech.com/ws/policy"
    xmlns:exp="http://www.layer7tech.com/ws/policy/export" xmlns:wsp="http://schemas.xmlsoap.org/ws/2002/12/policy">
    <exp:References>
        <IncludedPolicyReference
            RefType="com.l7tech.console.policy.exporter.IncludedPolicyReference"
            guid="573ea0e6-49f4-496f-b3af-899936eded2a" included="true"
            name="SPAY Process API Key" soap="false" type="INCLUDE_FRAGMENT">
            <wsp:Policy xmlns:L7p="http://www.layer7tech.com/ws/policy" xmlns:wsp="http://schemas.xmlsoap.org/ws/2002/12/policy">
                <wsp:All wsp:Usage="Required">
                    <L7p:CommentAssertion>
                        <L7p:Comment stringValue="============================"/>
                    </L7p:CommentAssertion>
                    <L7p:CommentAssertion>
                        <L7p:Comment stringValue="=  API Key 검증 및 Account Plan 체크 ="/>
                    </L7p:CommentAssertion>
                    <L7p:CommentAssertion>
                        <L7p:Comment stringValue="============================"/>
                    </L7p:CommentAssertion>
                    <wsp:All wsp:Usage="Required">
                        <L7p:SetVariable>
                            <L7p:AssertionComment assertionComment="included">
                                <L7p:Properties mapValue="included">
                                    <L7p:entry>
                                    <L7p:key stringValue="LEFT.COMMENT"/>
                                    <L7p:value stringValue="getRequestedApiResource()"/>
                                    </L7p:entry>
                                    <L7p:entry>
                                    <L7p:key stringValue="RIGHT.COMMENT"/>
                                    <L7p:value stringValue="// capture the API resource requested"/>
                                    </L7p:entry>
                                </L7p:Properties>
                            </L7p:AssertionComment>
                            <L7p:Base64Expression stringValue="JHtyZXF1ZXN0Lmh0dHAudXJpfQ=="/>
                            <L7p:Enabled booleanValue="false"/>
                            <L7p:VariableToSet stringValue="apiResource"/>
                        </L7p:SetVariable>
                        <wsp:OneOrMore wsp:Usage="Required">
                            <wsp:All wsp:Usage="Required">
                                <L7p:ComparisonAssertion>
                                    <L7p:CaseSensitive booleanValue="false"/>
                                    <L7p:Expression1 stringValue="${request.http.parameter.apikey}"/>
                                    <L7p:Expression2 stringValue=""/>
                                    <L7p:Negate booleanValue="true"/>
                                    <L7p:Operator operator="EMPTY"/>
                                    <L7p:Predicates predicates="included">
                                    <L7p:item binary="included">
                                    <L7p:CaseSensitive booleanValue="false"/>
                                    <L7p:Negated booleanValue="true"/>
                                    <L7p:Operator operator="EMPTY"/>
                                    <L7p:RightValue stringValue=""/>
                                    </L7p:item>
                                    </L7p:Predicates>
                                </L7p:ComparisonAssertion>
                                <L7p:SetVariable>
                                    <L7p:AssertionComment assertionComment="included">
                                    <L7p:Properties mapValue="included">
                                    <L7p:entry>
                                    <L7p:key stringValue="LEFT.COMMENT"/>
                                    <L7p:value stringValue="getRequestApiKey()"/>
                                    </L7p:entry>
                                    <L7p:entry>
                                    <L7p:key stringValue="RIGHT.COMMENT"/>
                                    <L7p:value stringValue="// parse API key from request"/>
                                    </L7p:entry>
                                    </L7p:Properties>
                                    </L7p:AssertionComment>
                                    <L7p:Base64Expression stringValue="JHtyZXF1ZXN0Lmh0dHAucGFyYW1ldGVyLmFwaWtleX0="/>
                                    <L7p:VariableToSet stringValue="lookupApiKey"/>
                                </L7p:SetVariable>
                                <L7p:assertionComment>
                                    <L7p:Properties mapValue="included">
                                    <L7p:entry>
                                    <L7p:key stringValue="RIGHT.COMMENT"/>
                                    <L7p:value stringValue="// query apikey"/>
                                    </L7p:entry>
                                    </L7p:Properties>
                                </L7p:assertionComment>
                            </wsp:All>
                            <wsp:All wsp:Usage="Required">
                                <L7p:ComparisonAssertion>
                                    <L7p:CaseSensitive booleanValue="false"/>
                                    <L7p:Expression1 stringValue="${request.http.header.apikey}"/>
                                    <L7p:Expression2 stringValue=""/>
                                    <L7p:Negate booleanValue="true"/>
                                    <L7p:Operator operator="EMPTY"/>
                                    <L7p:Predicates predicates="included">
                                    <L7p:item binary="included">
                                    <L7p:CaseSensitive booleanValue="false"/>
                                    <L7p:Negated booleanValue="true"/>
                                    <L7p:Operator operator="EMPTY"/>
                                    <L7p:RightValue stringValue=""/>
                                    </L7p:item>
                                    </L7p:Predicates>
                                </L7p:ComparisonAssertion>
                                <L7p:SetVariable>
                                    <L7p:AssertionComment assertionComment="included">
                                    <L7p:Properties mapValue="included">
                                    <L7p:entry>
                                    <L7p:key stringValue="LEFT.COMMENT"/>
                                    <L7p:value stringValue="getRequestApiKey()"/>
                                    </L7p:entry>
                                    <L7p:entry>
                                    <L7p:key stringValue="RIGHT.COMMENT"/>
                                    <L7p:value stringValue="// parse API key from request"/>
                                    </L7p:entry>
                                    </L7p:Properties>
                                    </L7p:AssertionComment>
                                    <L7p:Base64Expression stringValue="JHtyZXF1ZXN0Lmh0dHAuaGVhZGVyLmFwaWtleX0="/>
                                    <L7p:VariableToSet stringValue="lookupApiKey"/>
                                </L7p:SetVariable>
                                <L7p:assertionComment>
                                    <L7p:Properties mapValue="included">
                                    <L7p:entry>
                                    <L7p:key stringValue="RIGHT.COMMENT"/>
                                    <L7p:value stringValue="// header apikey"/>
                                    </L7p:entry>
                                    </L7p:Properties>
                                </L7p:assertionComment>
                            </wsp:All>
                            <wsp:All wsp:Usage="Required">
                                <L7p:ComparisonAssertion>
                                    <L7p:CaseSensitive booleanValue="false"/>
                                    <L7p:Expression1 stringValue="${session.client_id}"/>
                                    <L7p:Expression2 stringValue=""/>
                                    <L7p:Negate booleanValue="true"/>
                                    <L7p:Operator operator="EMPTY"/>
                                    <L7p:Predicates predicates="included">
                                    <L7p:item binary="included">
                                    <L7p:CaseSensitive booleanValue="false"/>
                                    <L7p:Negated booleanValue="true"/>
                                    <L7p:Operator operator="EMPTY"/>
                                    <L7p:RightValue stringValue=""/>
                                    </L7p:item>
                                    </L7p:Predicates>
                                </L7p:ComparisonAssertion>
                                <L7p:SetVariable>
                                    <L7p:AssertionComment assertionComment="included">
                                    <L7p:Properties mapValue="included">
                                    <L7p:entry>
                                    <L7p:key stringValue="LEFT.COMMENT"/>
                                    <L7p:value stringValue="getRequestApiKey()"/>
                                    </L7p:entry>
                                    <L7p:entry>
                                    <L7p:key stringValue="RIGHT.COMMENT"/>
                                    <L7p:value stringValue="// parse API key from request"/>
                                    </L7p:entry>
                                    </L7p:Properties>
                                    </L7p:AssertionComment>
                                    <L7p:Base64Expression stringValue="JHtzZXNzaW9uLmNsaWVudF9pZH0="/>
                                    <L7p:VariableToSet stringValue="lookupApiKey"/>
                                </L7p:SetVariable>
                                <L7p:assertionComment>
                                    <L7p:Properties mapValue="included">
                                    <L7p:entry>
                                    <L7p:key stringValue="RIGHT.COMMENT"/>
                                    <L7p:value stringValue="// OAuth access token"/>
                                    </L7p:entry>
                                    </L7p:Properties>
                                </L7p:assertionComment>
                            </wsp:All>
                            <wsp:All wsp:Usage="Required">
                                <L7p:SetVariable>
                                    <L7p:AssertionComment assertionComment="included">
                                    <L7p:Properties mapValue="included">
                                    <L7p:entry>
                                    <L7p:key stringValue="LEFT.COMMENT"/>
                                    <L7p:value stringValue="getRequestApiKey()"/>
                                    </L7p:entry>
                                    <L7p:entry>
                                    <L7p:key stringValue="RIGHT.COMMENT"/>
                                    <L7p:value stringValue="// parse API key from request"/>
                                    </L7p:entry>
                                    </L7p:Properties>
                                    </L7p:AssertionComment>
                                    <L7p:Base64Expression stringValue=""/>
                                    <L7p:Enabled booleanValue="false"/>
                                    <L7p:VariableToSet stringValue="lookupApiKey"/>
                                </L7p:SetVariable>
                                <L7p:Encapsulated>
                                    <L7p:EncapsulatedAssertionConfigGuid stringValue="1409a84b-fc4d-44bb-ab68-09828d556bad"/>
                                    <L7p:EncapsulatedAssertionConfigName stringValue="SPAY Error Message"/>
                                    <L7p:Parameters mapValue="included">
                                    <L7p:entry>
                                    <L7p:key stringValue="errorDetails"/>
                                    <L7p:value stringValue=""/>
                                    </L7p:entry>
                                    <L7p:entry>
                                    <L7p:key stringValue="errorLogs"/>
                                    <L7p:value stringValue=""/>
                                    </L7p:entry>
                                    <L7p:entry>
                                    <L7p:key stringValue="givenErrorCode"/>
                                    <L7p:value stringValue="E.GW.INVALID_APIKEY"/>
                                    </L7p:entry>
                                    <L7p:entry>
                                    <L7p:key stringValue="givenStatus"/>
                                    <L7p:value stringValue=""/>
                                    </L7p:entry>
                                    <L7p:entry>
                                    <L7p:key stringValue="prefix"/>
                                    <L7p:value stringValue=""/>
                                    </L7p:entry>
                                    </L7p:Parameters>
                                </L7p:Encapsulated>
                                <L7p:FalseAssertion/>
                            </wsp:All>
                        </wsp:OneOrMore>
                        <L7p:SetVariable>
                            <L7p:AssertionComment assertionComment="included">
                                <L7p:Properties mapValue="included">
                                    <L7p:entry>
                                    <L7p:key stringValue="LEFT.COMMENT"/>
                                    <L7p:value stringValue="getRequestKeySecret()"/>
                                    </L7p:entry>
                                    <L7p:entry>
                                    <L7p:key stringValue="RIGHT.COMMENT"/>
                                    <L7p:value stringValue="// parse Key Secret from request"/>
                                    </L7p:entry>
                                </L7p:Properties>
                            </L7p:AssertionComment>
                            <L7p:Base64Expression stringValue="JHtyZXF1ZXN0Lmh0dHAucGFyYW1ldGVyLmtleVNlY3JldH0="/>
                            <L7p:VariableToSet stringValue="keySecret"/>
                        </L7p:SetVariable>
                        <wsp:All wsp:Usage="Required">
                            <L7p:Encapsulated>
                                <L7p:EncapsulatedAssertionConfigGuid stringValue="d6b48093-4288-44b3-977e-712fdac328e6"/>
                                <L7p:EncapsulatedAssertionConfigName stringValue="Portal Look Up API Key"/>
                                <L7p:Parameters mapValue="included">
                                    <L7p:entry>
                                    <L7p:key stringValue="apikey"/>
                                    <L7p:value stringValue="${lookupApiKey}"/>
                                    </L7p:entry>
                                    <L7p:entry>
                                    <L7p:key stringValue="serviceid"/>
                                    <L7p:value stringValue="${portal.managed.service.apiId}"/>
                                    </L7p:entry>
                                </L7p:Parameters>
                            </L7p:Encapsulated>
                            <L7p:AuditDetailAssertion>
                                <L7p:Detail stringValueReference="inline"><![CDATA[apiKeyRecord.xml=========
apiKeyRecord.accountPlanMappingName=${apiKeyRecord.accountPlanMappingName}
apiKeyRecord.accountPlanMappingId=${apiKeyRecord.accountPlanMappingId}
apiKeyRecord.found=${apiKeyRecord.found}
apiKeyRecord.id=${apiKeyRecord.id}
apiKeyRecord.key=${apiKeyRecord.key}
apiKeyRecord.label=${apiKeyRecord.label}
apiKeyRecord.oauthCallbackUrl=${apiKeyRecord.oauthCallbackUrl}
apiKeyRecord.oauthScope=${apiKeyRecord.oauthScope}
apiKeyRecord.oauthType=${apiKeyRecord.oauthType}
apiKeyRecord.plan=${apiKeyRecord.plan}
apiKeyRecord.secret=${apiKeyRecord.secret}
apiKeyRecord.status=${apiKeyRecord.status}
apiKeyRecord.service=${apiKeyRecord.service}
apiKeyRecord.version=${apiKeyRecord.version}
apiKeyRecord.xml=${apiKeyRecord.xml}
error.code=${error.code}]]></L7p:Detail>
                            </L7p:AuditDetailAssertion>
                            <wsp:OneOrMore wsp:Usage="Required">
                                <wsp:All wsp:Usage="Required">
                                    <L7p:ComparisonAssertion>
                                    <L7p:CaseSensitive booleanValue="false"/>
                                    <L7p:Expression1 stringValue="${apiKeyRecord.found}"/>
                                    <L7p:Operator operatorNull="null"/>
                                    <L7p:Predicates predicates="included">
                                    <L7p:item dataType="included">
                                    <L7p:Type variableDataType="string"/>
                                    </L7p:item>
                                    <L7p:item binary="included">
                                    <L7p:RightValue stringValue="true"/>
                                    </L7p:item>
                                    </L7p:Predicates>
                                    </L7p:ComparisonAssertion>
                                    <L7p:ComparisonAssertion>
                                    <L7p:CaseSensitive booleanValue="false"/>
                                    <L7p:Expression1 stringValue="${apiKeyRecord.service}"/>
                                    <L7p:Operator operatorNull="null"/>
                                    <L7p:Predicates predicates="included">
                                    <L7p:item dataType="included">
                                    <L7p:Type variableDataType="string"/>
                                    </L7p:item>
                                    <L7p:item binary="included">
                                    <L7p:RightValue stringValue="${portal.managed.service.apiId}"/>
                                    </L7p:item>
                                    </L7p:Predicates>
                                    </L7p:ComparisonAssertion>
                                    <wsp:OneOrMore wsp:Usage="Required">
                                    <L7p:ComparisonAssertion>
                                    <L7p:CaseSensitive booleanValue="false"/>
                                    <L7p:Expression1 stringValue="${apiKeyRecord.status}"/>
                                    <L7p:Operator operatorNull="null"/>
                                    <L7p:Predicates predicates="included">
                                    <L7p:item dataType="included">
                                    <L7p:Type variableDataType="string"/>
                                    </L7p:item>
                                    <L7p:item binary="included">
                                    <L7p:RightValue stringValue="active"/>
                                    </L7p:item>
                                    </L7p:Predicates>
                                    </L7p:ComparisonAssertion>
                                    <wsp:All wsp:Usage="Required">
                                    <L7p:Encapsulated>

                                    <L7p:EncapsulatedAssertionConfigGuid stringValue="1409a84b-fc4d-44bb-ab68-09828d556bad"/>

                                    <L7p:EncapsulatedAssertionConfigName stringValue="SPAY Error Message"/>
                                    <L7p:Parameters mapValue="included">
                                    <L7p:entry>
                                    <L7p:key stringValue="errorDetails"/>
                                    <L7p:value stringValue=""/>
                                    </L7p:entry>
                                    <L7p:entry>
                                    <L7p:key stringValue="errorLogs"/>
                                    <L7p:value stringValue=""/>
                                    </L7p:entry>
                                    <L7p:entry>
                                    <L7p:key stringValue="givenErrorCode"/>
                                    <L7p:value stringValue="E.GW.SSL_REQUIRED"/>
                                    </L7p:entry>
                                    <L7p:entry>
                                    <L7p:key stringValue="givenStatus"/>
                                    <L7p:value stringValue=""/>
                                    </L7p:entry>
                                    <L7p:entry>
                                    <L7p:key stringValue="prefix"/>
                                    <L7p:value stringValue=""/>
                                    </L7p:entry>
                                    </L7p:Parameters>
                                    </L7p:Encapsulated>
                                    <L7p:FalseAssertion/>
                                    </wsp:All>
                                    <L7p:assertionComment>
                                    <L7p:Properties mapValue="included">
                                    <L7p:entry>
                                    <L7p:key stringValue="RIGHT.COMMENT"/>
                                    <L7p:value stringValue="// check api key status"/>
                                    </L7p:entry>
                                    </L7p:Properties>
                                    </L7p:assertionComment>
                                    </wsp:OneOrMore>
                                    <wsp:OneOrMore wsp:Usage="Required">
                                    <L7p:ComparisonAssertion>
                                    <L7p:Expression1 stringValue="${keySecret}"/>
                                    <L7p:Expression2 stringValue=""/>
                                    <L7p:Operator operator="EMPTY"/>
                                    <L7p:Predicates predicates="included">
                                    <L7p:item binary="included">
                                    <L7p:Operator operator="EMPTY"/>
                                    <L7p:RightValue stringValue=""/>
                                    </L7p:item>
                                    </L7p:Predicates>
                                    </L7p:ComparisonAssertion>
                                    <wsp:All wsp:Usage="Required">
                                    <L7p:ComparisonAssertion>
                                    <L7p:Expression1 stringValue="${keySecret}"/>
                                    <L7p:Expression2 stringValue=""/>
                                    <L7p:Negate booleanValue="true"/>
                                    <L7p:Operator operator="EMPTY"/>
                                    <L7p:Predicates predicates="included">
                                    <L7p:item binary="included">
                                    <L7p:Negated booleanValue="true"/>
                                    <L7p:Operator operator="EMPTY"/>
                                    <L7p:RightValue stringValue=""/>
                                    </L7p:item>
                                    </L7p:Predicates>
                                    </L7p:ComparisonAssertion>
                                    <wsp:OneOrMore wsp:Usage="Required">
                                    <L7p:ComparisonAssertion>
                                    <L7p:CaseSensitive booleanValue="false"/>
                                    <L7p:Expression1 stringValue="${apiKeyRecord.secret}"/>
                                    <L7p:Operator operatorNull="null"/>
                                    <L7p:Predicates predicates="included">
                                    <L7p:item dataType="included">
                                    <L7p:Type variableDataType="string"/>
                                    </L7p:item>
                                    <L7p:item binary="included">

                                    <L7p:RightValue stringValue="${keySecret}"/>
                                    </L7p:item>
                                    </L7p:Predicates>
                                    </L7p:ComparisonAssertion>
                                    <wsp:All wsp:Usage="Required">
                                    <L7p:Encapsulated>

                                    <L7p:EncapsulatedAssertionConfigGuid stringValue="1409a84b-fc4d-44bb-ab68-09828d556bad"/>

                                    <L7p:EncapsulatedAssertionConfigName stringValue="SPAY Error Message"/>
                                    <L7p:Parameters mapValue="included">
                                    <L7p:entry>
                                    <L7p:key stringValue="errorDetails"/>

                                    <L7p:value stringValue=""/>
                                    </L7p:entry>
                                    <L7p:entry>
                                    <L7p:key stringValue="errorLogs"/>

                                    <L7p:value stringValue=""/>
                                    </L7p:entry>
                                    <L7p:entry>
                                    <L7p:key stringValue="givenErrorCode"/>

                                    <L7p:value stringValue="E.GW.INVALID_APIKEY_SECRET"/>
                                    </L7p:entry>
                                    <L7p:entry>
                                    <L7p:key stringValue="givenStatus"/>

                                    <L7p:value stringValue=""/>
                                    </L7p:entry>
                                    <L7p:entry>
                                    <L7p:key stringValue="prefix"/>

                                    <L7p:value stringValue=""/>
                                    </L7p:entry>
                                    </L7p:Parameters>
                                    </L7p:Encapsulated>
                                    <L7p:FalseAssertion/>
                                    </wsp:All>
                                    </wsp:OneOrMore>
                                    </wsp:All>
                                    <L7p:assertionComment>
                                    <L7p:Properties mapValue="included">
                                    <L7p:entry>
                                    <L7p:key stringValue="RIGHT.COMMENT"/>
                                    <L7p:value stringValue="// key secret"/>
                                    </L7p:entry>
                                    </L7p:Properties>
                                    </L7p:assertionComment>
                                    </wsp:OneOrMore>
                                    <L7p:SetVariable>
                                    <L7p:Base64Expression stringValue="dHJ1ZQ=="/>
                                    <L7p:VariableToSet stringValue="apiAuthz"/>
                                    </L7p:SetVariable>
                                    <L7p:SetVariable>
                                    <L7p:Base64Expression stringValue="JHthcGlrZXlSZWNvcmQueG1sfQ=="/>
                                    <L7p:ContentType stringValue="text/xml; charset=utf-8"/>
                                    <L7p:DataType variableDataType="message"/>
                                    <L7p:VariableToSet stringValue="recordXml"/>
                                    </L7p:SetVariable>
                                    <L7p:ResponseXpathAssertion>
                                    <L7p:VariablePrefix stringValue="customFieldsMetadata"/>
                                    <L7p:XmlMsgSrc stringValue="recordXml"/>
                                    <L7p:XpathExpression xpathExpressionValue="included">
                                    <L7p:Expression stringValue="/l7:ApiKey/l7:CustomMetaData"/>
                                    <L7p:Namespaces mapValue="included">
                                    <L7p:entry>
                                    <L7p:key stringValue="s"/>
                                    <L7p:value stringValue="http://schemas.xmlsoap.org/soap/envelope/"/>
                                    </L7p:entry>
                                    <L7p:entry>
                                    <L7p:key stringValue="l7"/>
                                    <L7p:value stringValue="http://ns.l7tech.com/2012/04/api-management"/>
                                    </L7p:entry>
                                    </L7p:Namespaces>
                                    <L7p:XpathVersion xpathVersion="XPATH_1_0"/>
                                    </L7p:XpathExpression>
                                    </L7p:ResponseXpathAssertion>
                                    <L7p:SetVariable>
                                    <L7p:Base64Expression stringValue="JHtjdXN0b21GaWVsZHNNZXRhZGF0YS5yZXN1bHR9"/>
                                    <L7p:VariableToSet stringValue="customFieldsMetadata"/>
                                    </L7p:SetVariable>
                                    <L7p:assertionComment>
                                    <L7p:Properties mapValue="included">
                                    <L7p:entry>
                                    <L7p:key stringValue="RIGHT.COMMENT"/>
                                    <L7p:value stringValue="// success - API key found"/>
                                    </L7p:entry>
                                    </L7p:Properties>
                                    </L7p:assertionComment>
                                </wsp:All>
                                <wsp:All wsp:Usage="Required">
                                    <wsp:OneOrMore wsp:Usage="Required">
                                    <L7p:ComparisonAssertion>
                                    <L7p:CaseSensitive booleanValue="false"/>
                                    <L7p:Expression1 stringValue="${error.code}"/>
                                    <L7p:Operator operatorNull="null"/>
                                    <L7p:Predicates predicates="included">
                                    <L7p:item dataType="included">
                                    <L7p:Type variableDataType="string"/>
                                    </L7p:item>
                                    <L7p:item binary="included">
                                    <L7p:Negated booleanValue="true"/>
                                    <L7p:Operator operator="EMPTY"/>
                                    <L7p:RightValue stringValue=""/>
                                    </L7p:item>
                                    </L7p:Predicates>
                                    </L7p:ComparisonAssertion>
                                    <L7p:Encapsulated>

                                    <L7p:EncapsulatedAssertionConfigGuid stringValue="1409a84b-fc4d-44bb-ab68-09828d556bad"/>

                                    <L7p:EncapsulatedAssertionConfigName stringValue="SPAY Error Message"/>
                                    <L7p:Parameters mapValue="included">
                                    <L7p:entry>
                                    <L7p:key stringValue="errorDetails"/>
                                    <L7p:value stringValue=""/>
                                    </L7p:entry>
                                    <L7p:entry>
                                    <L7p:key stringValue="errorLogs"/>
                                    <L7p:value stringValue=""/>
                                    </L7p:entry>
                                    <L7p:entry>
                                    <L7p:key stringValue="givenErrorCode"/>
                                    <L7p:value stringValue="E.GW.INVALID_APIKEY"/>
                                    </L7p:entry>
                                    <L7p:entry>
                                    <L7p:key stringValue="givenStatus"/>
                                    <L7p:value stringValue=""/>
                                    </L7p:entry>
                                    <L7p:entry>
                                    <L7p:key stringValue="prefix"/>
                                    <L7p:value stringValue=""/>
                                    </L7p:entry>
                                    </L7p:Parameters>
                                    </L7p:Encapsulated>
                                    </wsp:OneOrMore>
                                    <L7p:FalseAssertion/>
                                    <L7p:assertionComment>
                                    <L7p:Properties mapValue="included">
                                    <L7p:entry>
                                    <L7p:key stringValue="RIGHT.COMMENT"/>
                                    <L7p:value stringValue="// error - API key not found"/>
                                    </L7p:entry>
                                    </L7p:Properties>
                                    </L7p:assertionComment>
                                </wsp:All>
                            </wsp:OneOrMore>
                            <L7p:assertionComment>
                                <L7p:Properties mapValue="included">
                                    <L7p:entry>
                                    <L7p:key stringValue="LEFT.COMMENT"/>
                                    <L7p:value stringValue="Step 1 --"/>
                                    </L7p:entry>
                                    <L7p:entry>
                                    <L7p:key stringValue="RIGHT.COMMENT"/>
                                    <L7p:value stringValue="Lookup API Key"/>
                                    </L7p:entry>
                                </L7p:Properties>
                            </L7p:assertionComment>
                        </wsp:All>
                        <wsp:All wsp:Usage="Required">
                            <L7p:SetVariable>
                                <L7p:Base64Expression stringValue="JHthcGlLZXlSZWNvcmQua2V5fQ=="/>
                                <L7p:VariableToSet stringValue="apiKey"/>
                            </L7p:SetVariable>
                            <L7p:SetVariable>
                                <L7p:Base64Expression stringValue="JHthcGlLZXlSZWNvcmQucGxhbn0="/>
                                <L7p:VariableToSet stringValue="apiPlan"/>
                            </L7p:SetVariable>
                            <L7p:SetVariable>
                                <L7p:Base64Expression stringValue="JHthcGlLZXlSZWNvcmQuYWNjb3VudFBsYW5NYXBwaW5nSWR9"/>
                                <L7p:VariableToSet stringValue="accountPlanMappingId"/>
                            </L7p:SetVariable>
                            <L7p:SetVariable>
                                <L7p:Base64Expression stringValue="JHthcGlLZXlSZWNvcmQuaWR9"/>
                                <L7p:VariableToSet stringValue="portal.analytics.application.uuid"/>
                            </L7p:SetVariable>
                            <L7p:SetVariable>
                                <L7p:Base64Expression stringValue="JHthcGlLZXlSZWNvcmQubGFiZWx9"/>
                                <L7p:VariableToSet stringValue="portal.analytics.application.name"/>
                            </L7p:SetVariable>
                            <L7p:SetVariable>
                                <L7p:Base64Expression stringValue="JHthY2NvdW50UGxhbk1hcHBpbmdJZH0="/>
                                <L7p:VariableToSet stringValue="portal.analytics.organization.uuid"/>
                            </L7p:SetVariable>
                            <L7p:SetVariable>
                                <L7p:Base64Expression stringValue="JHthcGlLZXlSZWNvcmQuYWNjb3VudFBsYW5NYXBwaW5nTmFtZX0="/>
                                <L7p:VariableToSet stringValue="portal.analytics.organization.name"/>
                            </L7p:SetVariable>
                            <L7p:SetVariable>
                                <L7p:Base64Expression stringValue="JHtwb3J0YWwubWFuYWdlZC5zZXJ2aWNlLmFwaUlkfS0ke2FwaUtleX0="/>
                                <L7p:VariableToSet stringValue="counterName"/>
                            </L7p:SetVariable>
                            <L7p:ExportVariables>
                                <L7p:ExportedVars stringArrayValue="included">
                                    <L7p:item stringValue="apiKey"/>
                                    <L7p:item stringValue="apiKeyRecord.secret"/>
                                    <L7p:item stringValue="counterName"/>
                                    <L7p:item stringValue="customFieldsMetadata"/>
                                    <L7p:item stringValue="error.code"/>
                                    <L7p:item stringValue="error.msg"/>
                                    <L7p:item stringValue="keySecret"/>
                                    <L7p:item stringValue="portal.analytics.application.name"/>
                                    <L7p:item stringValue="portal.analytics.application.uuid"/>
                                    <L7p:item stringValue="portal.analytics.organization.name"/>
                                    <L7p:item stringValue="portal.analytics.organization.uuid"/>
                                    <L7p:item stringValue="status"/>
                                </L7p:ExportedVars>
                            </L7p:ExportVariables>
                            <L7p:assertionComment>
                                <L7p:Properties mapValue="included">
                                    <L7p:entry>
                                    <L7p:key stringValue="LEFT.COMMENT"/>
                                    <L7p:value stringValue="Step 2 --"/>
                                    </L7p:entry>
                                    <L7p:entry>
                                    <L7p:key stringValue="RIGHT.COMMENT"/>
                                    <L7p:value stringValue="// Capture API key and API method for metrics"/>
                                    </L7p:entry>
                                </L7p:Properties>
                            </L7p:assertionComment>
                        </wsp:All>
                        <wsp:All wsp:Usage="Required">
                            <L7p:CommentAssertion>
                                <L7p:Comment stringValue="The Account Plans Fragment must be manually added here"/>
                            </L7p:CommentAssertion>
                            <L7p:Include>
                                <L7p:PolicyGuid stringValue="f8a5669d-831e-4417-9225-f52527f90323"/>
                            </L7p:Include>
                            <wsp:OneOrMore wsp:Usage="Required">
                                <L7p:ComparisonAssertion>
                                    <L7p:CaseSensitive booleanValue="false"/>
                                    <L7p:Expression1 stringValue="${apiAuthz}"/>
                                    <L7p:Operator operatorNull="null"/>
                                    <L7p:Predicates predicates="included">
                                    <L7p:item dataType="included">
                                    <L7p:Type variableDataType="string"/>
                                    </L7p:item>
                                    <L7p:item binary="included">
                                    <L7p:RightValue stringValue="true"/>
                                    </L7p:item>
                                    </L7p:Predicates>
                                </L7p:ComparisonAssertion>
                                <wsp:All wsp:Usage="Required">
                                    <L7p:Encapsulated>

                                    <L7p:EncapsulatedAssertionConfigGuid stringValue="1409a84b-fc4d-44bb-ab68-09828d556bad"/>

                                    <L7p:EncapsulatedAssertionConfigName stringValue="SPAY Error Message"/>
                                    <L7p:Parameters mapValue="included">
                                    <L7p:entry>
                                    <L7p:key stringValue="errorDetails"/>
                                    <L7p:value stringValue="${apiAuthzDetails}"/>
                                    </L7p:entry>
                                    <L7p:entry>
                                    <L7p:key stringValue="errorLogs"/>
                                    <L7p:value stringValue=""/>
                                    </L7p:entry>
                                    <L7p:entry>
                                    <L7p:key stringValue="givenErrorCode"/>
                                    <L7p:value stringValue="E.GW.ACCOUNT_PLAN_EXCEEDED_LIMIT"/>
                                    </L7p:entry>
                                    <L7p:entry>
                                    <L7p:key stringValue="givenStatus"/>
                                    <L7p:value stringValue=""/>
                                    </L7p:entry>
                                    <L7p:entry>
                                    <L7p:key stringValue="prefix"/>
                                    <L7p:value stringValue=""/>
                                    </L7p:entry>
                                    </L7p:Parameters>
                                    </L7p:Encapsulated>
                                    <L7p:FalseAssertion/>
                                </wsp:All>
                            </wsp:OneOrMore>
                            <L7p:assertionComment>
                                <L7p:Properties mapValue="included">
                                    <L7p:entry>
                                    <L7p:key stringValue="LEFT.COMMENT"/>
                                    <L7p:value stringValue="Step 3 --"/>
                                    </L7p:entry>
                                    <L7p:entry>
                                    <L7p:key stringValue="RIGHT.COMMENT"/>
                                    <L7p:value stringValue="// Enforce Account Plan restriction"/>
                                    </L7p:entry>
                                </L7p:Properties>
                            </L7p:assertionComment>
                        </wsp:All>
                        <wsp:All L7p:Enabled="false" wsp:Usage="Required">
                            <L7p:CommentAssertion>
                                <L7p:Comment stringValue="The API Plans Fragment must be manually added here"/>
                            </L7p:CommentAssertion>
                            <wsp:OneOrMore wsp:Usage="Required">
                                <L7p:ComparisonAssertion>
                                    <L7p:CaseSensitive booleanValue="false"/>
                                    <L7p:Expression1 stringValue="${apiAuthz}"/>
                                    <L7p:Operator operatorNull="null"/>
                                    <L7p:Predicates predicates="included">
                                    <L7p:item dataType="included">
                                    <L7p:Type variableDataType="string"/>
                                    </L7p:item>
                                    <L7p:item binary="included">
                                    <L7p:RightValue stringValue="true"/>
                                    </L7p:item>
                                    </L7p:Predicates>
                                </L7p:ComparisonAssertion>
                                <wsp:All wsp:Usage="Required">
                                    <L7p:Encapsulated>

                                    <L7p:EncapsulatedAssertionConfigGuid stringValue="1409a84b-fc4d-44bb-ab68-09828d556bad"/>

                                    <L7p:EncapsulatedAssertionConfigName stringValue="SPAY Error Message"/>
                                    <L7p:Parameters mapValue="included">
                                    <L7p:entry>
                                    <L7p:key stringValue="errorDetails"/>
                                    <L7p:value stringValue="${apiAuthzDetails}"/>
                                    </L7p:entry>
                                    <L7p:entry>
                                    <L7p:key stringValue="errorLogs"/>
                                    <L7p:value stringValue=""/>
                                    </L7p:entry>
                                    <L7p:entry>
                                    <L7p:key stringValue="givenErrorCode"/>
                                    <L7p:value stringValue="E.GW.API_PLAN_EXCEEDED_LIMIT"/>
                                    </L7p:entry>
                                    <L7p:entry>
                                    <L7p:key stringValue="givenStatus"/>
                                    <L7p:value stringValue=""/>
                                    </L7p:entry>
                                    <L7p:entry>
                                    <L7p:key stringValue="prefix"/>
                                    <L7p:value stringValue=""/>
                                    </L7p:entry>
                                    </L7p:Parameters>
                                    </L7p:Encapsulated>
                                    <L7p:FalseAssertion/>
                                </wsp:All>
                            </wsp:OneOrMore>
                            <L7p:assertionComment>
                                <L7p:Properties mapValue="included">
                                    <L7p:entry>
                                    <L7p:key stringValue="LEFT.COMMENT"/>
                                    <L7p:value stringValue="Step 4 --"/>
                                    </L7p:entry>
                                    <L7p:entry>
                                    <L7p:key stringValue="RIGHT.COMMENT"/>
                                    <L7p:value stringValue="// Enforce API Plan restriction"/>
                                    </L7p:entry>
                                </L7p:Properties>
                            </L7p:assertionComment>
                        </wsp:All>
                    </wsp:All>
                    <L7p:CommentAssertion>
                        <L7p:Comment stringValue="==========================="/>
                    </L7p:CommentAssertion>
                    <L7p:CommentAssertion>
                        <L7p:Comment stringValue="= The rest of the service policy follows ... ="/>
                    </L7p:CommentAssertion>
                    <L7p:CommentAssertion>
                        <L7p:Comment stringValue="==========================="/>
                    </L7p:CommentAssertion>
                </wsp:All>
            </wsp:Policy>
        </IncludedPolicyReference>
        <EncapsulatedAssertionReference RefType="com.l7tech.console.policy.exporter.EncapsulatedAssertionReference">
            <Name>SPAY Error Message</Name>
            <Guid>1409a84b-fc4d-44bb-ab68-09828d556bad</Guid>
        </EncapsulatedAssertionReference>
        <EncapsulatedAssertionReference RefType="com.l7tech.console.policy.exporter.EncapsulatedAssertionReference">
            <Name>Portal Look Up API Key</Name>
            <Guid>d6b48093-4288-44b3-977e-712fdac328e6</Guid>
        </EncapsulatedAssertionReference>
        <IncludedPolicyReference
            RefType="com.l7tech.console.policy.exporter.IncludedPolicyReference"
            guid="f8a5669d-831e-4417-9225-f52527f90323" included="true"
            name="Account Plans Fragment" soap="false" type="INCLUDE_FRAGMENT">
            <wsp:Policy xmlns:L7p="http://www.layer7tech.com/ws/policy"
                xmlns:l7="http://ns.l7tech.com/2012/04/api-management" xmlns:wsp="http://schemas.xmlsoap.org/ws/2002/12/policy">
                <wsp:All wsp:Usage="Required">
                    <L7p:AuditDetailAssertion>
                        <L7p:Detail stringValue="Policy Fragment: Account Plans Fragment"/>
                        <L7p:LoggingOnly booleanValue="true"/>
                    </L7p:AuditDetailAssertion>
                    <L7p:CommentAssertion>
                        <L7p:Comment stringValue="// This fragment is auto generated by the gateway. DO NOT MODIFY"/>
                    </L7p:CommentAssertion>
                    <L7p:SetVariable>
                        <L7p:Base64Expression stringValue="JHthcGlLZXl9"/>
                        <L7p:VariableToSet stringValue="apiKey"/>
                    </L7p:SetVariable>
                    <L7p:SetVariable>
                        <L7p:Base64Expression stringValue="JHthY2NvdW50UGxhbk1hcHBpbmdJZH0="/>
                        <L7p:VariableToSet stringValue="accountPlanMappingId"/>
                    </L7p:SetVariable>
                    <L7p:SetVariable>
                        <L7p:Base64Expression stringValue="ZmFsc2U="/>
                        <L7p:VariableToSet stringValue="apiAuthz"/>
                    </L7p:SetVariable>
                    <L7p:SetVariable>
                        <L7p:Base64Expression stringValue="Tm90IFNldA=="/>
                        <L7p:VariableToSet stringValue="apiAuthzDetails"/>
                    </L7p:SetVariable>
                    <wsp:OneOrMore wsp:Usage="Required">
                        <wsp:All wsp:Usage="Required">
                            <L7p:ComparisonAssertion>
                                <L7p:CaseSensitive booleanValue="false"/>
                                <L7p:Expression1 stringValue="${accountPlanMappingId}"/>
                                <L7p:Operator operatorNull="null"/>
                                <L7p:Predicates predicates="included">
                                    <L7p:item dataType="included">
                                    <L7p:Type variableDataType="string"/>
                                    </L7p:item>
                                    <L7p:item binary="included">
                                    <L7p:CaseSensitive booleanValue="false"/>
                                    <L7p:Negated booleanValue="true"/>
                                    <L7p:Operator operator="EMPTY"/>
                                    <L7p:RightValue stringValue=""/>
                                    </L7p:item>
                                </L7p:Predicates>
                            </L7p:ComparisonAssertion>
                            <L7p:ComparisonAssertion>
                                <L7p:CaseSensitive booleanValue="false"/>
                                <L7p:Expression1 stringValue="${apiAuthzDetails}"/>
                                <L7p:Operator operatorNull="null"/>
                                <L7p:Predicates predicates="included">
                                    <L7p:item dataType="included">
                                    <L7p:Type variableDataType="string"/>
                                    </L7p:item>
                                    <L7p:item binary="included">
                                    <L7p:RightValue stringValue="Not Set"/>
                                    </L7p:item>
                                </L7p:Predicates>
                            </L7p:ComparisonAssertion>
                            <wsp:OneOrMore
                                    wsp:Usage="Required">2018-12-14T05:26:53.765Z<wsp:All wsp:Usage="Required">
                                    <L7p:SetVariable>
                                    <L7p:Expression stringValue="f97ebde0-ea21-4564-a0c3-3a79d47aee7a"/>
                                    <L7p:VariableToSet stringValue="orgIds"/>
                                    </L7p:SetVariable>
                                    <L7p:Split>
                                    <L7p:IgnoreEmptyValues booleanValue="true"/>
                                    <L7p:InputVariable stringValue="orgIds"/>
                                    <L7p:OutputVariable stringValue="orgIdsSplit"/>
                                    </L7p:Split>
                                    <L7p:IndexLookupByItem>
                                    <L7p:MultivaluedVariableName stringValue="orgIdsSplit"/>
                                    <L7p:OutputVariableName stringValue="matchIndex"/>

                                    <L7p:ValueToSearchForVariableName stringValue="accountPlanMappingId"/>
                                    </L7p:IndexLookupByItem>
                                </wsp:All>
                            </wsp:OneOrMore>
                            <L7p:SetVariable>
                                <L7p:Expression stringValue="71ec8a37-9362-11e3-b742-000c2911a4db"/>
                                <L7p:VariableToSet stringValue="accountPlanId"/>
                            </L7p:SetVariable>
                            <L7p:SetVariable>
                                <L7p:Expression stringValue="Internal Plan"/>
                                <L7p:VariableToSet stringValue="accountPlanName"/>
                            </L7p:SetVariable>
                            <wsp:OneOrMore wsp:Usage="Required">
                                <wsp:All wsp:Usage="Required">
                                    <L7p:SetVariable>
                                    <L7p:Base64Expression stringValue="JHthcGlBdXRoekRldGFpbHN9fCR7YXBpS2V5fXwke2FjY291bnRQbGFuTWFwcGluZ0lkfXxxdW90YT8="/>
                                    <L7p:VariableToSet stringValue="apiAuthzDetails"/>
                                    </L7p:SetVariable>
                                    <L7p:SetVariable>
                                    <L7p:Expression stringValue="0"/>
                                    <L7p:VariableToSet stringValue="quota"/>
                                    </L7p:SetVariable>
                                    <L7p:SetVariable>
                                    <L7p:Expression stringValue=""/>
                                    <L7p:VariableToSet stringValue="timeUnit"/>
                                    </L7p:SetVariable>
                                    <L7p:HalfAsyncThroughputQuota>
                                    <L7p:CounterName stringValue="${accountPlanMappingId}"/>
                                    <L7p:Enabled booleanValue="false"/>
                                    <L7p:Global booleanValue="true"/>
                                    <L7p:ReadSynchronous booleanValue="false"/>
                                    <L7p:Synchronous booleanValue="false"/>
                                    <L7p:Quota stringValue="${quota}"/>
                                    <L7p:TimeUnit intValue="4"/>
                                    <L7p:CounterStrategy intValue="0"/>
                                    </L7p:HalfAsyncThroughputQuota>
                                    <L7p:RateLimit>
                                    <L7p:CounterName stringValue="${accountPlanMappingId}"/>
                                    <L7p:Enabled booleanValue="false"/>
                                    <L7p:MaxRequestsPerSecond stringValue="0"/>
                                    <L7p:HardLimit booleanValue="false"/>
                                    <L7p:WindowSizeInSeconds stringValue="0"/>
                                    </L7p:RateLimit>
                                    <L7p:SetVariable>
                                    <L7p:Base64Expression stringValue="JHthcGlBdXRoekRldGFpbHN9b2t8cmF0ZT8="/>
                                    <L7p:VariableToSet stringValue="apiAuthzDetails"/>
                                    </L7p:SetVariable>
                                    <L7p:SetVariable>
                                    <L7p:Base64Expression stringValue="dHJ1ZQ=="/>
                                    <L7p:VariableToSet stringValue="apiAuthz"/>
                                    </L7p:SetVariable>
                                </wsp:All>
                                <wsp:All wsp:Usage="Required">
                                    <L7p:SetVariable>
                                    <L7p:Base64Expression stringValue="JHthcGlBdXRoekRldGFpbHN9ZmFpbGVk"/>
                                    <L7p:VariableToSet stringValue="apiAuthzDetails"/>
                                    </L7p:SetVariable>
                                </wsp:All>
                            </wsp:OneOrMore>
                            <L7p:assertionComment>
                                <L7p:Properties mapValue="included">
                                    <L7p:entry>
                                    <L7p:key stringValue="RIGHT.COMMENT"/>
                                    <L7p:value stringValue="Internal Plan:71ec8a37-9362-11e3-b742-000c2911a4db"/>
                                    </L7p:entry>
                                </L7p:Properties>
                            </L7p:assertionComment>
                        </wsp:All>
                        <wsp:All wsp:Usage="Required">
                            <L7p:ComparisonAssertion>
                                <L7p:CaseSensitive booleanValue="false"/>
                                <L7p:Expression1 stringValue="${accountPlanMappingId}"/>
                                <L7p:Operator operatorNull="null"/>
                                <L7p:Predicates predicates="included">
                                    <L7p:item dataType="included">
                                    <L7p:Type variableDataType="string"/>
                                    </L7p:item>
                                    <L7p:item binary="included">
                                    <L7p:CaseSensitive booleanValue="false"/>
                                    <L7p:Negated booleanValue="true"/>
                                    <L7p:Operator operator="EMPTY"/>
                                    <L7p:RightValue stringValue=""/>
                                    </L7p:item>
                                </L7p:Predicates>
                            </L7p:ComparisonAssertion>
                            <L7p:ComparisonAssertion>
                                <L7p:CaseSensitive booleanValue="false"/>
                                <L7p:Expression1 stringValue="${apiAuthzDetails}"/>
                                <L7p:Operator operatorNull="null"/>
                                <L7p:Predicates predicates="included">
                                    <L7p:item dataType="included">
                                    <L7p:Type variableDataType="string"/>
                                    </L7p:item>
                                    <L7p:item binary="included">
                                    <L7p:RightValue stringValue="Not Set"/>
                                    </L7p:item>
                                </L7p:Predicates>
                            </L7p:ComparisonAssertion>
                            <wsp:OneOrMore wsp:Usage="Required">
                                <L7p:TrueAssertion/>
                            </wsp:OneOrMore>
                            <L7p:SetVariable>
                                <L7p:Expression stringValue="5d39b8ce-ef6c-4dcc-b0f9-fbe093a69690"/>
                                <L7p:VariableToSet stringValue="accountPlanId"/>
                            </L7p:SetVariable>
                            <L7p:SetVariable>
                                <L7p:Expression stringValue="Bronze Account Plan"/>
                                <L7p:VariableToSet stringValue="accountPlanName"/>
                            </L7p:SetVariable>
                            <wsp:OneOrMore wsp:Usage="Required">
                                <wsp:All wsp:Usage="Required">
                                    <L7p:SetVariable>
                                    <L7p:Base64Expression stringValue="JHthcGlBdXRoekRldGFpbHN9fCR7YXBpS2V5fXwke2FjY291bnRQbGFuTWFwcGluZ0lkfXxxdW90YT8="/>
                                    <L7p:VariableToSet stringValue="apiAuthzDetails"/>
                                    </L7p:SetVariable>
                                    <L7p:SetVariable>
                                    <L7p:Expression stringValue="100"/>
                                    <L7p:VariableToSet stringValue="quota"/>
                                    </L7p:SetVariable>
                                    <L7p:SetVariable>
                                    <L7p:Expression stringValue="4"/>
                                    <L7p:VariableToSet stringValue="timeUnit"/>
                                    </L7p:SetVariable>
                                    <L7p:HalfAsyncThroughputQuota>
                                    <L7p:CounterName stringValue="${accountPlanMappingId}"/>
                                    <L7p:Global booleanValue="true"/>
                                    <L7p:ReadSynchronous booleanValue="false"/>
                                    <L7p:Synchronous booleanValue="false"/>
                                    <L7p:Quota stringValue="${quota}"/>
                                    <L7p:TimeUnit intValue="4"/>
                                    <L7p:CounterStrategy intValue="2"/>
                                    </L7p:HalfAsyncThroughputQuota>
                                    <L7p:RateLimit>
                                    <L7p:CounterName stringValue="${accountPlanMappingId}"/>
                                    <L7p:MaxRequestsPerSecond stringValue="1"/>
                                    <L7p:HardLimit booleanValue="true"/>
                                    <L7p:WindowSizeInSeconds stringValue="60"/>
                                    </L7p:RateLimit>
                                    <L7p:SetVariable>
                                    <L7p:Base64Expression stringValue="JHthcGlBdXRoekRldGFpbHN9b2t8cmF0ZT8="/>
                                    <L7p:VariableToSet stringValue="apiAuthzDetails"/>
                                    </L7p:SetVariable>
                                    <L7p:SetVariable>
                                    <L7p:Base64Expression stringValue="dHJ1ZQ=="/>
                                    <L7p:VariableToSet stringValue="apiAuthz"/>
                                    </L7p:SetVariable>
                                </wsp:All>
                                <wsp:All wsp:Usage="Required">
                                    <L7p:SetVariable>
                                    <L7p:Base64Expression stringValue="JHthcGlBdXRoekRldGFpbHN9ZmFpbGVk"/>
                                    <L7p:VariableToSet stringValue="apiAuthzDetails"/>
                                    </L7p:SetVariable>
                                </wsp:All>
                            </wsp:OneOrMore>
                            <L7p:assertionComment>
                                <L7p:Properties mapValue="included">
                                    <L7p:entry>
                                    <L7p:key stringValue="RIGHT.COMMENT"/>
                                    <L7p:value stringValue="Bronze Account Plan:5d39b8ce-ef6c-4dcc-b0f9-fbe093a69690(Default)"/>
                                    </L7p:entry>
                                </L7p:Properties>
                            </L7p:assertionComment>
                        </wsp:All>
                        <wsp:All wsp:Usage="Required">
                            <L7p:ComparisonAssertion>
                                <L7p:CaseSensitive booleanValue="false"/>
                                <L7p:Expression1 stringValue="${apiAuthzDetails}"/>
                                <L7p:Operator operatorNull="null"/>
                                <L7p:Predicates predicates="included">
                                    <L7p:item dataType="included">
                                    <L7p:Type variableDataType="string"/>
                                    </L7p:item>
                                    <L7p:item binary="included">
                                    <L7p:RightValue stringValue="Not Set"/>
                                    </L7p:item>
                                </L7p:Predicates>
                            </L7p:ComparisonAssertion>
                            <L7p:SetVariable>
                                <L7p:Base64Expression stringValue="ZmFsc2U="/>
                                <L7p:VariableToSet stringValue="apiAuthz"/>
                            </L7p:SetVariable>
                            <L7p:SetVariable>
                                <L7p:Base64Expression stringValue="JHthcGlLZXl9fCR7YWNjb3VudFBsYW5NYXBwaW5nSWR9IEFjY291bnRQbGFuTWFwcGluZ0lkIG5vdCBmb3VuZA=="/>
                                <L7p:VariableToSet stringValue="apiAuthzDetails"/>
                            </L7p:SetVariable>
                            <L7p:assertionComment>
                                <L7p:Properties mapValue="included">
                                    <L7p:entry>
                                    <L7p:key stringValue="RIGHT.COMMENT"/>
                                    <L7p:value stringValue="//accountPlanMappingId not found"/>
                                    </L7p:entry>
                                </L7p:Properties>
                            </L7p:assertionComment>
                        </wsp:All>
                    </wsp:OneOrMore>
                    <L7p:CommentAssertion>
                        <L7p:Comment stringValue="Updated on Fri Dec 14 05:26:53 UTC 2018"/>
                    </L7p:CommentAssertion>
                    <L7p:ExportVariables>
                        <L7p:ExportedVars stringArrayValue="included">
                            <L7p:item stringValue="apiAuthz"/>
                            <L7p:item stringValue="apiAuthzDetails"/>
                            <L7p:item stringValue="accountPlanId"/>
                            <L7p:item stringValue="accountPlanName"/>
                            <L7p:item stringValue="quota"/>
                            <L7p:item stringValue="timeUnit"/>
                        </L7p:ExportedVars>
                    </L7p:ExportVariables>
                </wsp:All>
            </wsp:Policy>
        </IncludedPolicyReference>
    </exp:References>
    <wsp:Policy xmlns:L7p="http://www.layer7tech.com/ws/policy" xmlns:wsp="http://schemas.xmlsoap.org/ws/2002/12/policy">
        <wsp:All wsp:Usage="Required">
            <L7p:AuditAssertion>
                <L7p:Enabled booleanValue="false"/>
            </L7p:AuditAssertion>
            <L7p:ApiPortalEncassIntegration/>
            <wsp:OneOrMore wsp:Usage="Required">
                <L7p:ComparisonAssertion>
                    <L7p:CaseSensitive booleanValue="false"/>
                    <L7p:Expression1 stringValue="${request.shared.cors.isPreflight}"/>
                    <L7p:Operator operatorNull="null"/>
                    <L7p:Predicates predicates="included">
                        <L7p:item dataType="included">
                            <L7p:Type variableDataType="boolean"/>
                        </L7p:item>
                        <L7p:item binary="included">
                            <L7p:CaseSensitive booleanValue="false"/>
                            <L7p:RightValue stringValue="true"/>
                        </L7p:item>
                    </L7p:Predicates>
                </L7p:ComparisonAssertion>
                <wsp:All wsp:Usage="Required">
                    <L7p:AuditDetailAssertion>
                        <L7p:Detail stringValue="[DEBUG][${requestId}][${policy.name}]"/>
                    </L7p:AuditDetailAssertion>
                    <L7p:SetVariable>
                        <L7p:Base64Expression stringValue="QVBJX0tFWQ=="/>
                        <L7p:VariableToSet stringValue="portal.analytics.authType"/>
                    </L7p:SetVariable>
                    <L7p:SetVariable>
                        <L7p:Base64Expression stringValue="JHtwb3J0YWwubWFuYWdlZC5zZXJ2aWNlLmFwaUlkfQ=="/>
                        <L7p:VariableToSet stringValue="portal.analytics.api.uuid"/>
                    </L7p:SetVariable>
                    <L7p:SetVariable>
                        <L7p:Base64Expression stringValue="MA=="/>
                        <L7p:VariableToSet stringValue="portal.analytics.routingTotalTime"/>
                    </L7p:SetVariable>
                    <L7p:SetVariable>
                        <L7p:Base64Expression stringValue=""/>
                        <L7p:VariableToSet stringValue="portal.analytics.organization.name"/>
                    </L7p:SetVariable>
                    <L7p:SetVariable>
                        <L7p:Base64Expression stringValue="JHtwb3J0YWwubWFuYWdlZC5zZXJ2aWNlLmFwaUlkfQ=="/>
                        <L7p:VariableToSet stringValue="counterName"/>
                    </L7p:SetVariable>
                    <wsp:OneOrMore wsp:Usage="Required">
                        <wsp:All wsp:Usage="Required">
                            <L7p:CommentAssertion>
                                <L7p:Comment stringValue="For SOAP service, set action as SOAP action header."/>
                            </L7p:CommentAssertion>
                            <L7p:ComparisonAssertion>
                                <L7p:CaseSensitive booleanValue="false"/>
                                <L7p:Expression1 stringValue="${request.http.header.soapaction}"/>
                                <L7p:Operator operatorNull="null"/>
                                <L7p:Predicates predicates="included">
                                    <L7p:item dataType="included">
                                    <L7p:Type variableDataType="string"/>
                                    </L7p:item>
                                    <L7p:item stringLength="included">
                                    <L7p:Max intValue="-1"/>
                                    <L7p:Min intValue="1"/>
                                    </L7p:item>
                                </L7p:Predicates>
                            </L7p:ComparisonAssertion>
                            <L7p:SetVariable>
                                <L7p:Base64Expression stringValue="JHtyZXF1ZXN0Lmh0dHAuaGVhZGVyLnNvYXBhY3Rpb259"/>
                                <L7p:VariableToSet stringValue="portal.analytics.action"/>
                            </L7p:SetVariable>
                            <L7p:assertionComment>
                                <L7p:Properties mapValue="included">
                                    <L7p:entry>
                                    <L7p:key stringValue="RIGHT.COMMENT"/>
                                    <L7p:value stringValue="// SOAP"/>
                                    </L7p:entry>
                                </L7p:Properties>
                            </L7p:assertionComment>
                        </wsp:All>
                        <wsp:All wsp:Usage="Required">
                            <L7p:CommentAssertion>
                                <L7p:Comment stringValue="For RESTful service, set action as request uri."/>
                            </L7p:CommentAssertion>
                            <L7p:SetVariable>
                                <L7p:Base64Expression stringValue="JHtyZXF1ZXN0Lmh0dHAudXJpfQ=="/>
                                <L7p:VariableToSet stringValue="portal.analytics.action"/>
                            </L7p:SetVariable>
                            <L7p:assertionComment>
                                <L7p:Properties mapValue="included">
                                    <L7p:entry>
                                    <L7p:key stringValue="RIGHT.COMMENT"/>
                                    <L7p:value stringValue="// RESTful"/>
                                    </L7p:entry>
                                </L7p:Properties>
                            </L7p:assertionComment>
                        </wsp:All>
                        <L7p:assertionComment>
                            <L7p:Properties mapValue="included">
                                <L7p:entry>
                                    <L7p:key stringValue="RIGHT.COMMENT"/>
                                    <L7p:value stringValue="// get request action"/>
                                </L7p:entry>
                            </L7p:Properties>
                        </L7p:assertionComment>
                    </wsp:OneOrMore>
                    <L7p:ExportVariables>
                        <L7p:ExportedVars stringArrayValue="included">
                            <L7p:item stringValue="counterName"/>
                            <L7p:item stringValue="portal.analytics.action"/>
                            <L7p:item stringValue="portal.analytics.api.uuid"/>
                            <L7p:item stringValue="portal.analytics.authType"/>
                            <L7p:item stringValue="portal.analytics.organization.name"/>
                            <L7p:item stringValue="portal.analytics.routingTotalTime"/>
                        </L7p:ExportedVars>
                    </L7p:ExportVariables>
                    <L7p:Include>
                        <L7p:PolicyGuid stringValue="573ea0e6-49f4-496f-b3af-899936eded2a"/>
                    </L7p:Include>
                </wsp:All>
            </wsp:OneOrMore>
        </wsp:All>
    </wsp:Policy>
    <enc:EncapsulatedAssertion
        guid="de7adec5-17a2-4903-b188-3ad5cf9317cc"
        xmlns:L7="http://ns.l7tech.com/secureSpan/1.0/core"
        xmlns:enc="http://ns.l7tech.com/secureSpan/1.0/encass"
        xmlns:xs="http://www.w3.org/2001/XMLSchema" xmlns:xsi="http://www.w3.org/2001/XMLSchema-instance">
        <L7:name>SPAY Template [01] - API Key</L7:name>
        <enc:Policy guid="1ef8a5b0-ec01-48e8-ad08-2da78ab74cc9" name="SPAY Template [01] - API Key"/>
        <enc:EncapsulatedAssertionArguments>
            <enc:EncapsulatedAssertionArgument
                id="2d514721c5ed2de6772310d92cc274aa" version="0">
                <enc:ArgumentName>portal.managed.service.apiId</enc:ArgumentName>
                <enc:ArgumentType>string</enc:ArgumentType>
                <enc:GuiPrompt>false</enc:GuiPrompt>
                <enc:Ordinal>1</enc:Ordinal>
            </enc:EncapsulatedAssertionArgument>
        </enc:EncapsulatedAssertionArguments>
        <enc:EncapsulatedAssertionResults>
            <enc:EncapsulatedAssertionResult
                id="2d514721c5ed2de6772310d92cc274b8" version="0">
                <enc:ResultName>status</enc:ResultName>
                <enc:ResultType>string</enc:ResultType>
            </enc:EncapsulatedAssertionResult>
            <enc:EncapsulatedAssertionResult
                id="2d514721c5ed2de6772310d92cc274b6" version="0">
                <enc:ResultName>apiKey</enc:ResultName>
                <enc:ResultType>string</enc:ResultType>
            </enc:EncapsulatedAssertionResult>
            <enc:EncapsulatedAssertionResult
                id="2d514721c5ed2de6772310d92cc274ac" version="0">
                <enc:ResultName>error.msg</enc:ResultName>
                <enc:ResultType>string</enc:ResultType>
            </enc:EncapsulatedAssertionResult>
            <enc:EncapsulatedAssertionResult
                id="2d514721c5ed2de6772310d92cc274b0" version="0">
                <enc:ResultName>apiKeyRecord.secret</enc:ResultName>
                <enc:ResultType>string</enc:ResultType>
            </enc:EncapsulatedAssertionResult>
            <enc:EncapsulatedAssertionResult
                id="2d514721c5ed2de6772310d92cc274ae" version="0">
                <enc:ResultName>error.code</enc:ResultName>
                <enc:ResultType>string</enc:ResultType>
            </enc:EncapsulatedAssertionResult>
            <enc:EncapsulatedAssertionResult
                id="2d514721c5ed2de6772310d92cc274b4" version="0">
                <enc:ResultName>customFieldsMetadata</enc:ResultName>
                <enc:ResultType>string</enc:ResultType>
            </enc:EncapsulatedAssertionResult>
            <enc:EncapsulatedAssertionResult
                id="2d514721c5ed2de6772310d92cc274b2" version="0">
                <enc:ResultName>counterName</enc:ResultName>
                <enc:ResultType>string</enc:ResultType>
            </enc:EncapsulatedAssertionResult>
        </enc:EncapsulatedAssertionResults>
        <enc:Properties>
            <entry>
                <key xsi:type="xs:string">paletteFolder</key>
                <value xsi:type="xs:string">customAssertions</value>
            </entry>
            <entry>
                <key xsi:type="xs:string">allowTracing</key>
                <value xsi:type="xs:string">true</value>
            </entry>
            <entry>
                <key xsi:type="xs:string">artifactVersion</key>
                <value xsi:type="xs:string">2f77b2da5015e12c1165058f06bf6fd52a40d55d</value>
            </entry>
            <entry>
                <key xsi:type="xs:string">description</key>
                <value xsi:type="xs:string">API Key 인증</value>
            </entry>
            <entry>
                <key xsi:type="xs:string">policyGuid</key>
                <value xsi:type="xs:string">1ef8a5b0-ec01-48e8-ad08-2da78ab74cc9</value>
            </entry>
            <entry>
                <key xsi:type="xs:string">passMetricsToParent</key>
                <value xsi:type="xs:string">false</value>
            </entry>
        </enc:Properties>
    </enc:EncapsulatedAssertion>
</exp:Export>
