<?xml version="1.0" encoding="UTF-8"?>
<exp:Export Version="3.0"
    xmlns:L7p="http://www.layer7tech.com/ws/policy"
    xmlns:exp="http://www.layer7tech.com/ws/policy/export" xmlns:wsp="http://schemas.xmlsoap.org/ws/2002/12/policy">
    <exp:References>
        <EncapsulatedAssertionReference RefType="com.l7tech.console.policy.exporter.EncapsulatedAssertionReference">
            <Name>SPAY Error Message</Name>
            <Guid>1409a84b-fc4d-44bb-ab68-09828d556bad</Guid>
        </EncapsulatedAssertionReference>
    </exp:References>
    <wsp:Policy xmlns:L7p="http://www.layer7tech.com/ws/policy" xmlns:wsp="http://schemas.xmlsoap.org/ws/2002/12/policy">
        <wsp:All wsp:Usage="Required">
            <L7p:CommentAssertion>
                <L7p:Comment stringValue="Policy Fragment: SPAY Template - Signature"/>
            </L7p:CommentAssertion>
            <L7p:ApiPortalEncassIntegration/>
            <wsp:OneOrMore wsp:Usage="Required">
                <L7p:ComparisonAssertion>
                    <L7p:CaseSensitive booleanValue="false"/>
                    <L7p:Expression1 stringValue="${request.shared.cors.isPreflight}"/>
                    <L7p:Operator operatorNull="null"/>
                    <L7p:Predicates predicates="included">
                        <L7p:item dataType="included">
                            <L7p:Type variableDataType="boolean"/>
                        </L7p:item>
                        <L7p:item binary="included">
                            <L7p:CaseSensitive booleanValue="false"/>
                            <L7p:RightValue stringValue="true"/>
                        </L7p:item>
                    </L7p:Predicates>
                </L7p:ComparisonAssertion>
                <wsp:All wsp:Usage="Required">
                    <L7p:AuditDetailAssertion>
                        <L7p:Detail stringValue="[DEBUG][${requestId}][${policy.name}]counterName=${counterName}, routingStatus=${response.http.status}, response.code=${request.shared.portal.analytics.response.code}"/>
                    </L7p:AuditDetailAssertion>
                    <wsp:OneOrMore wsp:Usage="Required">
                        <wsp:All wsp:Usage="Required">
                            <L7p:ComparisonAssertion>
                                <L7p:CaseSensitive booleanValue="false"/>
                                <L7p:Expression1 stringValue="${request.shared.portal.analytics.authType}"/>
                                <L7p:Expression2 stringValue="API_KEY"/>
                                <L7p:Predicates predicates="included">
                                    <L7p:item binary="included">
                                    <L7p:CaseSensitive booleanValue="false"/>
                                    <L7p:RightValue stringValue="API_KEY"/>
                                    </L7p:item>
                                </L7p:Predicates>
                            </L7p:ComparisonAssertion>
                            <L7p:ComparisonAssertion>
                                <L7p:CaseSensitive booleanValue="false"/>
                                <L7p:Expression1 stringValue="${apiKey}"/>
                                <L7p:Expression2 stringValue=""/>
                                <L7p:Negate booleanValue="true"/>
                                <L7p:Operator operator="EMPTY"/>
                                <L7p:Predicates predicates="included">
                                    <L7p:item binary="included">
                                    <L7p:CaseSensitive booleanValue="false"/>
                                    <L7p:Negated booleanValue="true"/>
                                    <L7p:Operator operator="EMPTY"/>
                                    <L7p:RightValue stringValue=""/>
                                    </L7p:item>
                                </L7p:Predicates>
                            </L7p:ComparisonAssertion>
                            <L7p:ComparisonAssertion>
                                <L7p:CaseSensitive booleanValue="false"/>
                                <L7p:Expression1 stringValue="${apiKeyRecord.secret}"/>
                                <L7p:Operator operatorNull="null"/>
                                <L7p:Predicates predicates="included">
                                    <L7p:item dataType="included">
                                    <L7p:Type variableDataType="string"/>
                                    </L7p:item>
                                    <L7p:item binary="included">
                                    <L7p:CaseSensitive booleanValue="false"/>
                                    <L7p:Negated booleanValue="true"/>
                                    <L7p:Operator operator="EMPTY"/>
                                    <L7p:RightValue stringValue="false"/>
                                    </L7p:item>
                                </L7p:Predicates>
                            </L7p:ComparisonAssertion>
                            <L7p:SetVariable>
                                <L7p:Base64Expression stringValue="JHthcGlLZXl9"/>
                                <L7p:VariableToSet stringValue="auth_value"/>
                            </L7p:SetVariable>
                            <L7p:assertionComment>
                                <L7p:Properties mapValue="included">
                                    <L7p:entry>
                                    <L7p:key stringValue="RIGHT.COMMENT"/>
                                    <L7p:value stringValue="// API_KEY"/>
                                    </L7p:entry>
                                </L7p:Properties>
                            </L7p:assertionComment>
                        </wsp:All>
                        <wsp:All wsp:Usage="Required">
                            <L7p:ComparisonAssertion>
                                <L7p:CaseSensitive booleanValue="false"/>
                                <L7p:Expression1 stringValue="${request.shared.portal.analytics.authType}"/>
                                <L7p:Expression2 stringValue="OAUTH_2"/>
                                <L7p:Predicates predicates="included">
                                    <L7p:item binary="included">
                                    <L7p:CaseSensitive booleanValue="false"/>
                                    <L7p:RightValue stringValue="OAUTH_2"/>
                                    </L7p:item>
                                </L7p:Predicates>
                            </L7p:ComparisonAssertion>
                            <L7p:ComparisonAssertion>
                                <L7p:CaseSensitive booleanValue="false"/>
                                <L7p:Expression1 stringValue="${access_token}"/>
                                <L7p:Expression2 stringValue=""/>
                                <L7p:Negate booleanValue="true"/>
                                <L7p:Operator operator="EMPTY"/>
                                <L7p:Predicates predicates="included">
                                    <L7p:item binary="included">
                                    <L7p:CaseSensitive booleanValue="false"/>
                                    <L7p:Negated booleanValue="true"/>
                                    <L7p:Operator operator="EMPTY"/>
                                    <L7p:RightValue stringValue=""/>
                                    </L7p:item>
                                </L7p:Predicates>
                            </L7p:ComparisonAssertion>
                            <L7p:ComparisonAssertion>
                                <L7p:CaseSensitive booleanValue="false"/>
                                <L7p:Expression1 stringValue="${apiKeyRecord.secret}"/>
                                <L7p:Operator operatorNull="null"/>
                                <L7p:Predicates predicates="included">
                                    <L7p:item dataType="included">
                                    <L7p:Type variableDataType="string"/>
                                    </L7p:item>
                                    <L7p:item binary="included">
                                    <L7p:CaseSensitive booleanValue="false"/>
                                    <L7p:Negated booleanValue="true"/>
                                    <L7p:Operator operator="EMPTY"/>
                                    <L7p:RightValue stringValue="false"/>
                                    </L7p:item>
                                </L7p:Predicates>
                            </L7p:ComparisonAssertion>
                            <L7p:SetVariable>
                                <L7p:Base64Expression stringValue="JHthY2Nlc3NfdG9rZW59"/>
                                <L7p:VariableToSet stringValue="auth_value"/>
                            </L7p:SetVariable>
                            <L7p:assertionComment>
                                <L7p:Properties mapValue="included">
                                    <L7p:entry>
                                    <L7p:key stringValue="RIGHT.COMMENT"/>
                                    <L7p:value stringValue="// OAUTH_2"/>
                                    </L7p:entry>
                                </L7p:Properties>
                            </L7p:assertionComment>
                        </wsp:All>
                        <wsp:All wsp:Usage="Required">
                            <L7p:Encapsulated>
                                <L7p:EncapsulatedAssertionConfigGuid stringValue="1409a84b-fc4d-44bb-ab68-09828d556bad"/>
                                <L7p:EncapsulatedAssertionConfigName stringValue="SPAY Error Message"/>
                                <L7p:Parameters mapValue="included">
                                    <L7p:entry>
                                    <L7p:key stringValue="errorDetails"/>
                                    <L7p:value stringValue="Needs API Authorization to validate signature. Please contact admin."/>
                                    </L7p:entry>
                                    <L7p:entry>
                                    <L7p:key stringValue="errorLogs"/>
                                    <L7p:value stringValue=""/>
                                    </L7p:entry>
                                    <L7p:entry>
                                    <L7p:key stringValue="givenErrorCode"/>
                                    <L7p:value stringValue="E.GW.INVALID_CONFIG"/>
                                    </L7p:entry>
                                    <L7p:entry>
                                    <L7p:key stringValue="givenStatus"/>
                                    <L7p:value stringValue=""/>
                                    </L7p:entry>
                                    <L7p:entry>
                                    <L7p:key stringValue="prefix"/>
                                    <L7p:value stringValue=""/>
                                    </L7p:entry>
                                </L7p:Parameters>
                            </L7p:Encapsulated>
                            <L7p:FalseAssertion/>
                        </wsp:All>
                        <L7p:assertionComment>
                            <L7p:Properties mapValue="included">
                                <L7p:entry>
                                    <L7p:key stringValue="RIGHT.COMMENT"/>
                                    <L7p:value stringValue="// check auth (apikey / access token)"/>
                                </L7p:entry>
                            </L7p:Properties>
                        </L7p:assertionComment>
                    </wsp:OneOrMore>
                    <wsp:OneOrMore wsp:Usage="Required">
                        <L7p:ComparisonAssertion>
                            <L7p:CaseSensitive booleanValue="false"/>
                            <L7p:Expression1 stringValue="${request.shared.portal.analytics.response.code}"/>
                            <L7p:Operator operatorNull="null"/>
                            <L7p:Predicates predicates="included">
                                <L7p:item dataType="included">
                                    <L7p:Type variableDataType="string"/>
                                </L7p:item>
                                <L7p:item binary="included">
                                    <L7p:CaseSensitive booleanValue="false"/>
                                    <L7p:Negated booleanValue="true"/>
                                    <L7p:RightValue stringValue="200"/>
                                </L7p:item>
                            </L7p:Predicates>
                        </L7p:ComparisonAssertion>
                        <wsp:All wsp:Usage="Required">
                            <L7p:GenerateSecurityHash>
                                <L7p:Algorithm stringValue="HMAC-SHA256"/>
                                <L7p:Base64Data stringValue="JHtyZXNwb25zZS5tYWlucGFydH0="/>
                                <L7p:KeyText stringValue="${apiKeyRecord.secret}"/>
                                <L7p:LineBreak lineBreak="CR-LF"/>
                                <L7p:TargetOutputVariable stringValue="signed.result"/>
                            </L7p:GenerateSecurityHash>
                            <L7p:AuditDetailAssertion>
                                <L7p:Detail stringValue="[DEBUG][${requestId}][${policy.name}] apiKeyRecord.secret=${apiKeyRecord.secret}, response.header=${response.http.allheadervalues}, signed.result=${signed.result}, sign.target=${response.mainpart}"/>
                            </L7p:AuditDetailAssertion>
                            <L7p:AddHeader>
                                <L7p:HeaderName stringValue="x-spay-signature"/>
                                <L7p:HeaderValue stringValue="${signed.result}"/>
                                <L7p:RemoveExisting booleanValue="true"/>
                                <L7p:Target target="RESPONSE"/>
                            </L7p:AddHeader>
                        </wsp:All>
                        <wsp:All wsp:Usage="Required">
                            <L7p:Encapsulated>
                                <L7p:EncapsulatedAssertionConfigGuid stringValue="1409a84b-fc4d-44bb-ab68-09828d556bad"/>
                                <L7p:EncapsulatedAssertionConfigName stringValue="SPAY Error Message"/>
                                <L7p:Parameters mapValue="included">
                                    <L7p:entry>
                                    <L7p:key stringValue="errorDetails"/>
                                    <L7p:value stringValue=""/>
                                    </L7p:entry>
                                    <L7p:entry>
                                    <L7p:key stringValue="errorLogs"/>
                                    <L7p:value stringValue=""/>
                                    </L7p:entry>
                                    <L7p:entry>
                                    <L7p:key stringValue="givenErrorCode"/>
                                    <L7p:value stringValue="E.GW.SIGNATURE_FAILED"/>
                                    </L7p:entry>
                                    <L7p:entry>
                                    <L7p:key stringValue="givenStatus"/>
                                    <L7p:value stringValue=""/>
                                    </L7p:entry>
                                    <L7p:entry>
                                    <L7p:key stringValue="prefix"/>
                                    <L7p:value stringValue="SIGN"/>
                                    </L7p:entry>
                                </L7p:Parameters>
                            </L7p:Encapsulated>
                            <L7p:FalseAssertion/>
                        </wsp:All>
                        <L7p:assertionComment>
                            <L7p:Properties mapValue="included">
                                <L7p:entry>
                                    <L7p:key stringValue="RIGHT.COMMENT"/>
                                    <L7p:value stringValue="// make signature with response body"/>
                                </L7p:entry>
                            </L7p:Properties>
                        </L7p:assertionComment>
                    </wsp:OneOrMore>
                </wsp:All>
            </wsp:OneOrMore>
        </wsp:All>
    </wsp:Policy>
    <enc:EncapsulatedAssertion
        guid="3524a21e-ba1a-48c7-8309-5baa8fa75220"
        xmlns:L7="http://ns.l7tech.com/secureSpan/1.0/core"
        xmlns:enc="http://ns.l7tech.com/secureSpan/1.0/encass"
        xmlns:xs="http://www.w3.org/2001/XMLSchema" xmlns:xsi="http://www.w3.org/2001/XMLSchema-instance">
        <L7:name>SPAY Template [04] - Signature (Response)</L7:name>
        <enc:Policy guid="7e85119f-2bae-4f92-bcf4-b50381ef4ec9" name="SPAY Template [04] - Signature (Response)"/>
        <enc:EncapsulatedAssertionArguments>
            <enc:EncapsulatedAssertionArgument
                id="f1351e33673f845927c520d2a92b9cc5" version="0">
                <enc:ArgumentName>apiKeyRecord.secret</enc:ArgumentName>
                <enc:ArgumentType>string</enc:ArgumentType>
                <enc:GuiPrompt>false</enc:GuiPrompt>
                <enc:Ordinal>3</enc:Ordinal>
            </enc:EncapsulatedAssertionArgument>
            <enc:EncapsulatedAssertionArgument
                id="f1351e33673f845927c520d2a92b9ccb" version="0">
                <enc:ArgumentName>counterName</enc:ArgumentName>
                <enc:ArgumentType>string</enc:ArgumentType>
                <enc:GuiPrompt>false</enc:GuiPrompt>
                <enc:Ordinal>4</enc:Ordinal>
            </enc:EncapsulatedAssertionArgument>
            <enc:EncapsulatedAssertionArgument
                id="f1351e33673f845927c520d2a92b9cc7" version="0">
                <enc:ArgumentName>apiKey</enc:ArgumentName>
                <enc:ArgumentType>string</enc:ArgumentType>
                <enc:GuiPrompt>false</enc:GuiPrompt>
                <enc:Ordinal>2</enc:Ordinal>
            </enc:EncapsulatedAssertionArgument>
            <enc:EncapsulatedAssertionArgument
                id="f1351e33673f845927c520d2a92b9cc9" version="0">
                <enc:ArgumentName>access_token</enc:ArgumentName>
                <enc:ArgumentType>string</enc:ArgumentType>
                <enc:GuiPrompt>false</enc:GuiPrompt>
                <enc:Ordinal>1</enc:Ordinal>
            </enc:EncapsulatedAssertionArgument>
        </enc:EncapsulatedAssertionArguments>
        <enc:EncapsulatedAssertionResults>
            <enc:EncapsulatedAssertionResult
                id="f1351e33673f845927c520d2a92b9ccf" version="0">
                <enc:ResultName>error.code</enc:ResultName>
                <enc:ResultType>string</enc:ResultType>
            </enc:EncapsulatedAssertionResult>
            <enc:EncapsulatedAssertionResult
                id="f1351e33673f845927c520d2a92b9ccd" version="0">
                <enc:ResultName>error.msg</enc:ResultName>
                <enc:ResultType>string</enc:ResultType>
            </enc:EncapsulatedAssertionResult>
            <enc:EncapsulatedAssertionResult
                id="f1351e33673f845927c520d2a92b9cd1" version="0">
                <enc:ResultName>portal.analytics.response.code</enc:ResultName>
                <enc:ResultType>string</enc:ResultType>
            </enc:EncapsulatedAssertionResult>
            <enc:EncapsulatedAssertionResult
                id="f1351e33673f845927c520d2a92b9cd3" version="0">
                <enc:ResultName>status</enc:ResultName>
                <enc:ResultType>string</enc:ResultType>
            </enc:EncapsulatedAssertionResult>
        </enc:EncapsulatedAssertionResults>
        <enc:Properties>
            <entry>
                <key xsi:type="xs:string">paletteFolder</key>
                <value xsi:type="xs:string">customAssertions</value>
            </entry>
            <entry>
                <key xsi:type="xs:string">allowTracing</key>
                <value xsi:type="xs:string">true</value>
            </entry>
            <entry>
                <key xsi:type="xs:string">artifactVersion</key>
                <value xsi:type="xs:string">a0d45882ea5ba0095d5d14c11e8359a549d24ee3</value>
            </entry>
            <entry>
                <key xsi:type="xs:string">description</key>
                <value xsi:type="xs:string">응답 바디에 대한 전자서명 추가</value>
            </entry>
            <entry>
                <key xsi:type="xs:string">policyGuid</key>
                <value xsi:type="xs:string">7e85119f-2bae-4f92-bcf4-b50381ef4ec9</value>
            </entry>
            <entry>
                <key xsi:type="xs:string">passMetricsToParent</key>
                <value xsi:type="xs:string">false</value>
            </entry>
        </enc:Properties>
    </enc:EncapsulatedAssertion>
</exp:Export>
