<?xml version="1.0" encoding="UTF-8"?>
<exp:Export Version="3.0"
    xmlns:L7p="http://www.layer7tech.com/ws/policy"
    xmlns:exp="http://www.layer7tech.com/ws/policy/export" xmlns:wsp="http://schemas.xmlsoap.org/ws/2002/12/policy">
    <exp:References>
        <EncapsulatedAssertionReference RefType="com.l7tech.console.policy.exporter.EncapsulatedAssertionReference">
            <Name>SPAY Error Message</Name>
            <Guid>1409a84b-fc4d-44bb-ab68-09828d556bad</Guid>
        </EncapsulatedAssertionReference>
    </exp:References>
    <wsp:Policy xmlns:L7p="http://www.layer7tech.com/ws/policy" xmlns:wsp="http://schemas.xmlsoap.org/ws/2002/12/policy">
        <wsp:All wsp:Usage="Required">
            <L7p:ApiPortalEncassIntegration/>
            <wsp:OneOrMore wsp:Usage="Required">
                <L7p:ComparisonAssertion>
                    <L7p:CaseSensitive booleanValue="false"/>
                    <L7p:Expression1 stringValue="${request.shared.cors.isPreflight}"/>
                    <L7p:Operator operatorNull="null"/>
                    <L7p:Predicates predicates="included">
                        <L7p:item dataType="included">
                            <L7p:Type variableDataType="boolean"/>
                        </L7p:item>
                        <L7p:item binary="included">
                            <L7p:CaseSensitive booleanValue="false"/>
                            <L7p:RightValue stringValue="true"/>
                        </L7p:item>
                    </L7p:Predicates>
                </L7p:ComparisonAssertion>
                <wsp:All L7p:Enabled="false" wsp:Usage="Required">
                    <L7p:AuditDetailAssertion>
                        <L7p:Detail stringValue="[DEBUG][${requestId}][${policy.name}] counterName=${counterName}, IP=${IPAllowed}, bits=${IPAllowedPrefix}, client.ip=${request.http.header.x-forwarded-for}"/>
                    </L7p:AuditDetailAssertion>
                    <L7p:SetVariable>
                        <L7p:Base64Expression stringValue="JHtyZXF1ZXN0Lmh0dHAuaGVhZGVyLngtZm9yd2FyZGVkLWZvcn0="/>
                        <L7p:VariableToSet stringValue="client.ip"/>
                    </L7p:SetVariable>
                    <L7p:SetVariable>
                        <L7p:AssertionComment assertionComment="included">
                            <L7p:Properties mapValue="included">
                                <L7p:entry>
                                    <L7p:key stringValue="RIGHT.COMMENT"/>
                                    <L7p:value stringValue="// default 32 - 개별 IP 체크"/>
                                </L7p:entry>
                            </L7p:Properties>
                        </L7p:AssertionComment>
                        <L7p:Base64Expression stringValue="MzI="/>
                        <L7p:DataType variableDataType="int"/>
                        <L7p:VariableToSet stringValue="ip.range.bits.default"/>
                    </L7p:SetVariable>
                    <wsp:OneOrMore wsp:Usage="Required">
                        <L7p:ComparisonAssertion>
                            <L7p:CaseSensitive booleanValue="false"/>
                            <L7p:Expression1 stringValue="${IPAllowed}"/>
                            <L7p:Operator operatorNull="null"/>
                            <L7p:Predicates predicates="included">
                                <L7p:item dataType="included">
                                    <L7p:Type variableDataType="string"/>
                                </L7p:item>
                                <L7p:item binary="included">
                                    <L7p:CaseSensitive booleanValue="false"/>
                                    <L7p:Negated booleanValue="true"/>
                                    <L7p:Operator operator="EMPTY"/>
                                    <L7p:RightValue stringValue=""/>
                                </L7p:item>
                            </L7p:Predicates>
                        </L7p:ComparisonAssertion>
                        <wsp:All wsp:Usage="Required">
                            <L7p:Encapsulated>
                                <L7p:EncapsulatedAssertionConfigGuid stringValue="1409a84b-fc4d-44bb-ab68-09828d556bad"/>
                                <L7p:EncapsulatedAssertionConfigName stringValue="SPAY Error Message"/>
                                <L7p:Parameters mapValue="included">
                                    <L7p:entry>
                                    <L7p:key stringValue="errorDetails"/>
                                    <L7p:value stringValue="IPAllowed should be an valid IP address"/>
                                    </L7p:entry>
                                    <L7p:entry>
                                    <L7p:key stringValue="errorLogs"/>
                                    <L7p:value stringValue="IPAllowed=${IPAllowed}"/>
                                    </L7p:entry>
                                    <L7p:entry>
                                    <L7p:key stringValue="givenErrorCode"/>
                                    <L7p:value stringValue="E.GW.INVALID_CONFIG"/>
                                    </L7p:entry>
                                    <L7p:entry>
                                    <L7p:key stringValue="givenStatus"/>
                                    <L7p:value stringValue=""/>
                                    </L7p:entry>
                                    <L7p:entry>
                                    <L7p:key stringValue="prefix"/>
                                    <L7p:value stringValue=""/>
                                    </L7p:entry>
                                </L7p:Parameters>
                            </L7p:Encapsulated>
                            <L7p:FalseAssertion/>
                        </wsp:All>
                        <L7p:assertionComment>
                            <L7p:Properties mapValue="included">
                                <L7p:entry>
                                    <L7p:key stringValue="RIGHT.COMMENT"/>
                                    <L7p:value stringValue="// check IP Allowed"/>
                                </L7p:entry>
                            </L7p:Properties>
                        </L7p:assertionComment>
                    </wsp:OneOrMore>
                    <wsp:OneOrMore wsp:Usage="Required">
                        <L7p:ComparisonAssertion>
                            <L7p:CaseSensitive booleanValue="false"/>
                            <L7p:Expression1 stringValue="${IPAllowedPrefix}"/>
                            <L7p:Operator operatorNull="null"/>
                            <L7p:Predicates predicates="included">
                                <L7p:item dataType="included">
                                    <L7p:Type variableDataType="int"/>
                                </L7p:item>
                                <L7p:item binary="included">
                                    <L7p:CaseSensitive booleanValue="false"/>
                                    <L7p:Operator operator="GT"/>
                                    <L7p:RightValue stringValue="0"/>
                                </L7p:item>
                            </L7p:Predicates>
                        </L7p:ComparisonAssertion>
                        <L7p:SetVariable>
                            <L7p:Base64Expression stringValue="JHtpcC5yYW5nZS5iaXRzLmRlZmF1bHR9"/>
                            <L7p:DataType variableDataType="int"/>
                            <L7p:VariableToSet stringValue="IPAllowedPrefix"/>
                        </L7p:SetVariable>
                        <L7p:assertionComment>
                            <L7p:Properties mapValue="included">
                                <L7p:entry>
                                    <L7p:key stringValue="RIGHT.COMMENT"/>
                                    <L7p:value stringValue="// check IPAllowedPrefix or set default"/>
                                </L7p:entry>
                            </L7p:Properties>
                        </L7p:assertionComment>
                    </wsp:OneOrMore>
                    <wsp:OneOrMore wsp:Usage="Required">
                        <L7p:ComparisonAssertion>
                            <L7p:Expression1 stringValue="${client.ip}"/>
                            <L7p:Expression2 stringValue=""/>
                            <L7p:Operator operator="EMPTY"/>
                            <L7p:Predicates predicates="included">
                                <L7p:item binary="included">
                                    <L7p:Operator operator="EMPTY"/>
                                    <L7p:RightValue stringValue=""/>
                                </L7p:item>
                            </L7p:Predicates>
                        </L7p:ComparisonAssertion>
                        <L7p:RemoteIpAddressRange>
                            <L7p:IpSourceContextVariable stringValue="client.ip"/>
                            <L7p:NetworkMask stringValue="${IPAllowedPrefix}"/>
                            <L7p:StartIp stringValue="${IPAllowed}"/>
                        </L7p:RemoteIpAddressRange>
                        <wsp:All wsp:Usage="Required">
                            <L7p:Encapsulated>
                                <L7p:EncapsulatedAssertionConfigGuid stringValue="1409a84b-fc4d-44bb-ab68-09828d556bad"/>
                                <L7p:EncapsulatedAssertionConfigName stringValue="SPAY Error Message"/>
                                <L7p:Parameters mapValue="included">
                                    <L7p:entry>
                                    <L7p:key stringValue="errorDetails"/>
                                    <L7p:value stringValue="Your IP is ${client.ip}"/>
                                    </L7p:entry>
                                    <L7p:entry>
                                    <L7p:key stringValue="errorLogs"/>
                                    <L7p:value stringValue="IPAllowed=${IPAllowed},IPAllowedPrefix=${IPAllowedPrefix}"/>
                                    </L7p:entry>
                                    <L7p:entry>
                                    <L7p:key stringValue="givenErrorCode"/>
                                    <L7p:value stringValue="E.GW.NOT_ALLOWED_IP"/>
                                    </L7p:entry>
                                    <L7p:entry>
                                    <L7p:key stringValue="givenStatus"/>
                                    <L7p:value stringValue=""/>
                                    </L7p:entry>
                                    <L7p:entry>
                                    <L7p:key stringValue="prefix"/>
                                    <L7p:value stringValue=""/>
                                    </L7p:entry>
                                </L7p:Parameters>
                            </L7p:Encapsulated>
                            <L7p:FalseAssertion/>
                        </wsp:All>
                        <L7p:assertionComment>
                            <L7p:Properties mapValue="included">
                                <L7p:entry>
                                    <L7p:key stringValue="RIGHT.COMMENT"/>
                                    <L7p:value stringValue="// do action"/>
                                </L7p:entry>
                            </L7p:Properties>
                        </L7p:assertionComment>
                    </wsp:OneOrMore>
                </wsp:All>
                <wsp:All wsp:Usage="Required">
                    <L7p:AuditDetailAssertion>
                        <L7p:Detail stringValue="[DEBUG][${requestId}][${policy.name}] IP=${AllowedIP}, client.ip=${request.http.header.x-forwarded-for}"/>
                    </L7p:AuditDetailAssertion>
                    <L7p:SetVariable>
                        <L7p:Base64Expression stringValue="JHtyZXF1ZXN0Lmh0dHAuaGVhZGVyLngtZm9yd2FyZGVkLWZvcn0="/>
                        <L7p:VariableToSet stringValue="client.ip"/>
                    </L7p:SetVariable>
                    <L7p:SetVariable>
                        <L7p:Base64Expression stringValue="JHtBbGxvd2VkSVB9"/>
                        <L7p:VariableToSet stringValue="allowed.ip"/>
                    </L7p:SetVariable>
                    <L7p:SetVariable>
                        <L7p:Base64Expression stringValue="ZmFsc2U="/>
                        <L7p:VariableToSet stringValue="allowed.ip.ok"/>
                    </L7p:SetVariable>
                    <wsp:OneOrMore wsp:Usage="Required">
                        <L7p:ComparisonAssertion>
                            <L7p:CaseSensitive booleanValue="false"/>
                            <L7p:Expression1 stringValue="${allowed.ip}"/>
                            <L7p:Operator operatorNull="null"/>
                            <L7p:Predicates predicates="included">
                                <L7p:item dataType="included">
                                    <L7p:Type variableDataType="string"/>
                                </L7p:item>
                                <L7p:item binary="included">
                                    <L7p:CaseSensitive booleanValue="false"/>
                                    <L7p:Negated booleanValue="true"/>
                                    <L7p:Operator operator="EMPTY"/>
                                    <L7p:RightValue stringValue=""/>
                                </L7p:item>
                            </L7p:Predicates>
                        </L7p:ComparisonAssertion>
                        <wsp:All wsp:Usage="Required">
                            <L7p:Encapsulated>
                                <L7p:EncapsulatedAssertionConfigGuid stringValue="1409a84b-fc4d-44bb-ab68-09828d556bad"/>
                                <L7p:EncapsulatedAssertionConfigName stringValue="SPAY Error Message"/>
                                <L7p:Parameters mapValue="included">
                                    <L7p:entry>
                                    <L7p:key stringValue="errorDetails"/>
                                    <L7p:value stringValue="The input should be an valid IP address"/>
                                    </L7p:entry>
                                    <L7p:entry>
                                    <L7p:key stringValue="errorLogs"/>
                                    <L7p:value stringValue="Check IP - allowed.ip=${allowed.ip}"/>
                                    </L7p:entry>
                                    <L7p:entry>
                                    <L7p:key stringValue="givenErrorCode"/>
                                    <L7p:value stringValue="E.GW.INVALID_CONFIG"/>
                                    </L7p:entry>
                                    <L7p:entry>
                                    <L7p:key stringValue="givenStatus"/>
                                    <L7p:value stringValue=""/>
                                    </L7p:entry>
                                    <L7p:entry>
                                    <L7p:key stringValue="prefix"/>
                                    <L7p:value stringValue=""/>
                                    </L7p:entry>
                                </L7p:Parameters>
                            </L7p:Encapsulated>
                            <L7p:FalseAssertion/>
                        </wsp:All>
                        <L7p:assertionComment>
                            <L7p:Properties mapValue="included">
                                <L7p:entry>
                                    <L7p:key stringValue="RIGHT.COMMENT"/>
                                    <L7p:value stringValue="// check input (AllowedIP)"/>
                                </L7p:entry>
                            </L7p:Properties>
                        </L7p:assertionComment>
                    </wsp:OneOrMore>
                    <wsp:OneOrMore wsp:Usage="Required">
                        <L7p:ComparisonAssertion>
                            <L7p:Expression1 stringValue="${client.ip}"/>
                            <L7p:Expression2 stringValue=""/>
                            <L7p:Operator operator="EMPTY"/>
                            <L7p:Predicates predicates="included">
                                <L7p:item binary="included">
                                    <L7p:Operator operator="EMPTY"/>
                                    <L7p:RightValue stringValue=""/>
                                </L7p:item>
                            </L7p:Predicates>
                        </L7p:ComparisonAssertion>
                        <wsp:All wsp:Usage="Required">
                            <L7p:Split>
                                <L7p:IgnoreEmptyValues booleanValue="true"/>
                                <L7p:InputVariable stringValue="allowed.ip"/>
                                <L7p:OutputVariable stringValue="allowed.ip.list"/>
                                <L7p:SplitPattern stringValue="[, ]"/>
                            </L7p:Split>
                            <L7p:ForEachLoop L7p:Usage="Required"
                                loopVariable="allowed.ip.list" variablePrefix="each.ip">
                                <L7p:AuditDetailAssertion>
                                    <L7p:Detail stringValue="[DEBUG][${requestId}][${policy.name}] each.ip.current=${each.ip.current}, client.ip=${client.ip}"/>
                                </L7p:AuditDetailAssertion>
                                <L7p:SetVariable>
                                    <L7p:Base64Expression stringValue="MzI="/>
                                    <L7p:VariableToSet stringValue="cidr.prefix"/>
                                </L7p:SetVariable>
                                <wsp:OneOrMore wsp:Usage="Required">
                                    <L7p:ComparisonAssertion>
                                    <L7p:Expression1 stringValue="${each.ip.current}"/>
                                    <L7p:Expression2 stringValue="/"/>
                                    <L7p:Negate booleanValue="true"/>
                                    <L7p:Operator operator="CONTAINS"/>
                                    <L7p:Predicates predicates="included">
                                    <L7p:item binary="included">
                                    <L7p:Negated booleanValue="true"/>
                                    <L7p:Operator operator="CONTAINS"/>
                                    <L7p:RightValue stringValue="/"/>
                                    </L7p:item>
                                    </L7p:Predicates>
                                    </L7p:ComparisonAssertion>
                                    <wsp:All wsp:Usage="Required">
                                    <L7p:Split>
                                    <L7p:IgnoreEmptyValues booleanValue="true"/>
                                    <L7p:InputVariable stringValue="each.ip.current"/>
                                    <L7p:OutputVariable stringValue="current.cidr"/>
                                    <L7p:SplitPattern stringValue="[\/ ]"/>
                                    </L7p:Split>
                                    <L7p:ComparisonAssertion>
                                    <L7p:Enabled booleanValue="false"/>
                                    <L7p:Expression1 stringValue="${current.cidr[1]}"/>
                                    <L7p:Expression2 stringValue=""/>
                                    <L7p:Operator operator="EMPTY"/>
                                    <L7p:Predicates predicates="included">
                                    <L7p:item binary="included">
                                    <L7p:Operator operator="EMPTY"/>
                                    <L7p:RightValue stringValue=""/>
                                    </L7p:item>
                                    </L7p:Predicates>
                                    </L7p:ComparisonAssertion>
                                    <L7p:SetVariable>
                                    <L7p:Base64Expression stringValue="JHtjdXJyZW50LmNpZHJbMF19"/>
                                    <L7p:VariableToSet stringValue="each.ip.current"/>
                                    </L7p:SetVariable>
                                    <L7p:SetVariable>
                                    <L7p:Base64Expression stringValue="JHtjdXJyZW50LmNpZHJbMV19"/>
                                    <L7p:DataType variableDataType="int"/>
                                    <L7p:VariableToSet stringValue="cidr.prefix"/>
                                    </L7p:SetVariable>
                                    </wsp:All>
                                </wsp:OneOrMore>
                                <wsp:OneOrMore wsp:Usage="Required">
                                    <wsp:All wsp:Usage="Required">
                                    <L7p:ComparisonAssertion>
                                    <L7p:CaseSensitive booleanValue="false"/>
                                    <L7p:Enabled booleanValue="false"/>
                                    <L7p:Expression1 stringValue="${each.ip.current}"/>
                                    <L7p:Operator operatorNull="null"/>
                                    <L7p:Predicates predicates="included">
                                    <L7p:item dataType="included">
                                    <L7p:Type variableDataType="string"/>
                                    </L7p:item>
                                    <L7p:item binary="included">
                                    <L7p:Negated booleanValue="true"/>
                                    <L7p:Operator operator="EMPTY"/>
                                    <L7p:RightValue stringValue=""/>
                                    </L7p:item>
                                    <L7p:item regex="included">
                                    <L7p:Pattern stringValue="/^(1|2)?\d?\d([.](1|2)?\d?\d){3}$/"/>
                                    </L7p:item>
                                    </L7p:Predicates>
                                    </L7p:ComparisonAssertion>
                                    <L7p:RemoteIpAddressRange>
                                    <L7p:IpSourceContextVariable stringValue="client.ip"/>
                                    <L7p:NetworkMask stringValue="${cidr.prefix}"/>
                                    <L7p:StartIp stringValue="${each.ip.current}"/>
                                    </L7p:RemoteIpAddressRange>
                                    <L7p:SetVariable>
                                    <L7p:Base64Expression stringValue="dHJ1ZQ=="/>
                                    <L7p:VariableToSet stringValue="allowed.ip.ok"/>
                                    </L7p:SetVariable>
                                    <L7p:SetVariable>
                                    <L7p:Base64Expression stringValue="dHJ1ZQ=="/>
                                    <L7p:VariableToSet stringValue="each.ip.break"/>
                                    </L7p:SetVariable>
                                    </wsp:All>
                                    <L7p:TrueAssertion/>
                                </wsp:OneOrMore>
                            </L7p:ForEachLoop>
                            <L7p:ComparisonAssertion>
                                <L7p:CaseSensitive booleanValue="false"/>
                                <L7p:Expression1 stringValue="${allowed.ip.ok}"/>
                                <L7p:Operator operatorNull="null"/>
                                <L7p:Predicates predicates="included">
                                    <L7p:item dataType="included">
                                    <L7p:Type variableDataType="string"/>
                                    </L7p:item>
                                    <L7p:item binary="included">
                                    <L7p:RightValue stringValue="true"/>
                                    </L7p:item>
                                </L7p:Predicates>
                            </L7p:ComparisonAssertion>
                        </wsp:All>
                        <wsp:All wsp:Usage="Required">
                            <L7p:ComparisonAssertion>
                                <L7p:CaseSensitive booleanValue="false"/>
                                <L7p:Expression1 stringValue="${allowed.ip.ok}"/>
                                <L7p:Operator operatorNull="null"/>
                                <L7p:Predicates predicates="included">
                                    <L7p:item dataType="included">
                                    <L7p:Type variableDataType="string"/>
                                    </L7p:item>
                                    <L7p:item binary="included">
                                    <L7p:RightValue stringValue="false"/>
                                    </L7p:item>
                                </L7p:Predicates>
                            </L7p:ComparisonAssertion>
                            <L7p:Encapsulated>
                                <L7p:EncapsulatedAssertionConfigGuid stringValue="1409a84b-fc4d-44bb-ab68-09828d556bad"/>
                                <L7p:EncapsulatedAssertionConfigName stringValue="SPAY Error Message"/>
                                <L7p:Parameters mapValue="included">
                                    <L7p:entry>
                                    <L7p:key stringValue="errorDetails"/>
                                    <L7p:value stringValue="Your IP is ${client.ip}"/>
                                    </L7p:entry>
                                    <L7p:entry>
                                    <L7p:key stringValue="errorLogs"/>
                                    <L7p:value stringValue="AllowedIP=${AllowedIP}"/>
                                    </L7p:entry>
                                    <L7p:entry>
                                    <L7p:key stringValue="givenErrorCode"/>
                                    <L7p:value stringValue="E.GW.NOT_ALLOWED_IP"/>
                                    </L7p:entry>
                                    <L7p:entry>
                                    <L7p:key stringValue="givenStatus"/>
                                    <L7p:value stringValue=""/>
                                    </L7p:entry>
                                    <L7p:entry>
                                    <L7p:key stringValue="prefix"/>
                                    <L7p:value stringValue=""/>
                                    </L7p:entry>
                                </L7p:Parameters>
                            </L7p:Encapsulated>
                            <L7p:FalseAssertion/>
                        </wsp:All>
                    </wsp:OneOrMore>
                </wsp:All>
            </wsp:OneOrMore>
        </wsp:All>
    </wsp:Policy>
    <enc:EncapsulatedAssertion
        guid="75ffc115-efab-4d4a-904c-ae0d658d448e"
        xmlns:L7="http://ns.l7tech.com/secureSpan/1.0/core"
        xmlns:enc="http://ns.l7tech.com/secureSpan/1.0/encass"
        xmlns:xs="http://www.w3.org/2001/XMLSchema" xmlns:xsi="http://www.w3.org/2001/XMLSchema-instance">
        <L7:name>SPAY Template [02] - Check IP</L7:name>
        <enc:Policy guid="8ef78dbe-8e4a-40c7-9eed-eca143eb01ab" name="SPAY Template [02] - Check IP"/>
        <enc:EncapsulatedAssertionArguments>
            <enc:EncapsulatedAssertionArgument
                id="2d514721c5ed2de6772310d92cc29400" version="0">
                <enc:ArgumentName>AllowedIP</enc:ArgumentName>
                <enc:ArgumentType>string</enc:ArgumentType>
                <enc:GuiLabel>허용IP - CIDR 표기식 (ex,192.168.01/32)</enc:GuiLabel>
                <enc:GuiPrompt>true</enc:GuiPrompt>
                <enc:Ordinal>1</enc:Ordinal>
            </enc:EncapsulatedAssertionArgument>
            <enc:EncapsulatedAssertionArgument
                id="2d514721c5ed2de6772310d92cc293fe" version="0">
                <enc:ArgumentName>counterName</enc:ArgumentName>
                <enc:ArgumentType>string</enc:ArgumentType>
                <enc:GuiPrompt>false</enc:GuiPrompt>
                <enc:Ordinal>2</enc:Ordinal>
            </enc:EncapsulatedAssertionArgument>
        </enc:EncapsulatedAssertionArguments>
        <enc:EncapsulatedAssertionResults>
            <enc:EncapsulatedAssertionResult
                id="2d514721c5ed2de6772310d92cc29402" version="0">
                <enc:ResultName>portal.analytics.response.code</enc:ResultName>
                <enc:ResultType>string</enc:ResultType>
            </enc:EncapsulatedAssertionResult>
        </enc:EncapsulatedAssertionResults>
        <enc:Properties>
            <entry>
                <key xsi:type="xs:string">paletteFolder</key>
                <value xsi:type="xs:string">customAssertions</value>
            </entry>
            <entry>
                <key xsi:type="xs:string">allowTracing</key>
                <value xsi:type="xs:string">true</value>
            </entry>
            <entry>
                <key xsi:type="xs:string">artifactVersion</key>
                <value xsi:type="xs:string">258ce1a7321d51641f06ffd295e7f54dded4223d</value>
            </entry>
            <entry>
                <key xsi:type="xs:string">description</key>
                <value xsi:type="xs:string">IP Range Check. CIDR 표기법 기준으로 IP와 bitwise prefix bit 값으로 range check. 예 - xxx.xxx.xxx.0/24 (C class 모두 허용) xxx.xxx.xxx.xxx/32 (개별 IP 허용)</value>
            </entry>
            <entry>
                <key xsi:type="xs:string">policyGuid</key>
                <value xsi:type="xs:string">8ef78dbe-8e4a-40c7-9eed-eca143eb01ab</value>
            </entry>
            <entry>
                <key xsi:type="xs:string">passMetricsToParent</key>
                <value xsi:type="xs:string">false</value>
            </entry>
        </enc:Properties>
    </enc:EncapsulatedAssertion>
</exp:Export>
