<?xml version="1.0" encoding="UTF-8"?>
<databaseChangeLog
        xmlns="http://www.liquibase.org/xml/ns/dbchangelog"
        xmlns:xsi="http://www.w3.org/2001/XMLSchema-instance"
        xsi:schemaLocation="http://www.liquibase.org/xml/ns/dbchangelog
                      http://www.liquibase.org/xml/ns/dbchangelog/dbchangelog-3.1.xsd"
        logicalFilePath="doesntmatter">
  <include file="org-api/portaldb-10.0-sprint1-ddl-org-api-changelog.xml" relativeToChangelogFile="true"/>
  <include file="org-api/portaldb-10.0-sprint1-ddl-api-view-changelog.xml" relativeToChangelogFile="true"/>
  <include file="org-api/portaldb-10.0-sprint1-ddl-organization-api-view-changelog.xml" relativeToChangelogFile="true"/>
  <include file="org-api/portaldb-10.0-sprint1-ddl-api-extended-view-changelog.xml" relativeToChangelogFile="true"/>
  <include file="org-api/portaldb-10.0-sprint1-ddl-api-catalog-view-changelog.xml" relativeToChangelogFile="true"/>
  <changeSet author="bagjo04" id="portaldb-10.0-api-org-uuid_tag">
      <tagDatabase tag="portaldb-10.0-api-org-uuid_tag"/>
  </changeSet>
  <include file="de287059-modified-oauth-scope-datatype/portaldb-10.0-sprint4-ddl-DE287059-changelog.xml" relativeToChangelogFile="true"/>
  <include file="policy-builder/portaldb-10.0_sprint1-DDL-API_POLICY_ENTITY_XREF-changelog.xml" relativeToChangelogFile="true"/>
  <include file="policy-builder/portaldb-10.0_sprint2-DDL-API_POLICY_ENTITY_XREF-changelog.xml" relativeToChangelogFile="true"/>
  <include file="policy-builder/portaldb-10.0_sprint3-DDL-API_EXTENDED_VIEW-changelog.xml" relativeToChangelogFile="true"/>
  <include file="policy-builder/portaldb-10.0_sprint3-DDL-API_POLICY_TEMPLATE_XREF-changelog.xml" relativeToChangelogFile="true"/>
  <include file="policy-builder/portaldb-10.0_sprint4-DDL-API_VIEW-orgid-merge-changelog.xml" relativeToChangelogFile="true"/>
  <include file="policy-builder/portaldb-10.0_sprint4-DDL-API_EXTENDED_VIEW-orgid-merge-changelog.xml" relativeToChangelogFile="true"/>
  <changeSet author="bagjo04" id="portaldb-10.0-policy-builder-v1-only_tag">
      <tagDatabase tag="portaldb-10.0-policy-builder-v1-only_tag"/>
  </changeSet>
  <include file="policy-builder/portaldb-10.0_sprint4-DDL-API_POLICY_TEMPLATE_XREF_VIEW-changelog.xml" relativeToChangelogFile="true"/>
  <include file="policy-builder/portaldb-10.0_sprint5-DDL-API_POLICY_TEMPLATE_XREF_VIEW-changelog.xml" relativeToChangelogFile="true"/>
  <include file="org-role/portaldb-10.0-sprint3-ddl-user-org-role-changelog.xml" relativeToChangelogFile="true"/>
</databaseChangeLog>
