<?xml version="1.0" encoding="UTF-8" standalone="no"?>
<databaseChangeLog
        xmlns:xsi="http://www.w3.org/2001/XMLSchema-instance"
        xmlns="http://www.liquibase.org/xml/ns/dbchangelog"
        xsi:schemaLocation="http://www.liquibase.org/xml/ns/dbchangelog
                      http://www.liquibase.org/xml/ns/dbchangelog/dbchangelog-3.1.xsd"
        logicalFilePath="doesntmatter">

    <changeSet author="cojal" id="redo-fk-api-group-api-xref-api-group-uuid">
        <dropForeignKeyConstraint baseTableName="API_GROUP_API_XREF" constraintName="FK_API_GROUP_API_XREF_API_GROUP_UUID"/>
		<addForeignKeyConstraint baseColumnNames="TENANT_ID, API_GROUP_UUID" baseTableName="API_GROUP_API_XREF" constraintName="FK_API_GROUP_API_XREF_API_GROUP_UUID" deferrable="false" initiallyDeferred="false" onDelete="CASCADE" onUpdate="NO ACTION" referencedColumnNames="TENANT_ID, UUID" referencedTableName="API_GROUP"/>
        <rollback>
            <dropForeignKeyConstraint baseTableName="API_GROUP_API_XREF" constraintName="FK_API_GROUP_API_XREF_API_GROUP_UUID"/>
            <addForeignKeyConstraint baseColumnNames="TENANT_ID, API_GROUP_UUID" baseTableName="API_GROUP_API_XREF" constraintName="FK_API_GROUP_API_XREF_API_GROUP_UUID" deferrable="false" initiallyDeferred="false" onDelete="NO ACTION" onUpdate="NO ACTION" referencedColumnNames="TENANT_ID, UUID" referencedTableName="API_GROUP"/>
        </rollback>
    </changeSet>

    <changeSet author="cojal" id="redo-fk-application-api-group-xref-application-uuid">
        <dropForeignKeyConstraint baseTableName="APPLICATION_API_GROUP_XREF" constraintName="FK_APPLICATION_API_GROUP_XREF_APPLICATION_UUID"/>
        <addForeignKeyConstraint baseColumnNames="TENANT_ID, APPLICATION_UUID" baseTableName="APPLICATION_API_GROUP_XREF" constraintName="FK_APPLICATION_API_GROUP_XREF_APPLICATION_UUID" deferrable="false" initiallyDeferred="false" onDelete="CASCADE" onUpdate="NO ACTION" referencedColumnNames="TENANT_ID, UUID" referencedTableName="APPLICATION"/>
        <rollback>
            <dropForeignKeyConstraint baseTableName="APPLICATION_API_GROUP_XREF" constraintName="FK_APPLICATION_API_GROUP_XREF_APPLICATION_UUID"/>
            <addForeignKeyConstraint baseColumnNames="TENANT_ID, APPLICATION_UUID" baseTableName="APPLICATION_API_GROUP_XREF" constraintName="FK_APPLICATION_API_GROUP_XREF_APPLICATION_UUID" deferrable="false" initiallyDeferred="false" onDelete="NO ACTION" onUpdate="NO ACTION" referencedColumnNames="TENANT_ID, UUID" referencedTableName="APPLICATION"/>
        </rollback>
    </changeSet>
</databaseChangeLog>
