<?xml version="1.0" encoding="UTF-8"?>
<databaseChangeLog logicalFilePath="doesntmatter" xmlns="http://www.liquibase.org/xml/ns/dbchangelog" xmlns:xsi="http://www.w3.org/2001/XMLSchema-instance" xsi:schemaLocation="http://www.liquibase.org/xml/ns/dbchangelog                       http://www.liquibase.org/xml/ns/dbchangelog/dbchangelog-3.1.xsd">
    <changeSet author="acheuk" id="create-user-org-role">
        <createTable tableName="USER_ORG_ROLE">
            <column name="UUID" type="CHAR(36)">
                <constraints nullable="false"/>
            </column>
            <column name="USER_UUID" type="CHAR(36)">
                <constraints nullable="false"/>
            </column>
            <column name="ORG_UUID" type="CHAR(36)">
                <constraints nullable="false"/>
            </column>
            <column name="ROLE_UUID" type="CHAR(36)">
                <constraints nullable="false"/>
            </column>
            <column name="CREATE_TS" type="BIGINT(19)">
                <constraints nullable="false"/>
            </column>
            <column name="MODIFY_TS" type="BIGINT(19)">
                <constraints nullable="false"/>
            </column>
            <column name="CREATED_BY" type="VARCHAR(100)"/>
            <column name="MODIFIED_BY" type="VARCHAR(100)"/>
            <column defaultValue="" name="TENANT_ID" type="VARCHAR(255)">
                <constraints nullable="false"/>
            </column>
        </createTable>
        <addPrimaryKey columnNames="UUID" constraintName="PRIMARY" tableName="USER_ORG_ROLE"/>
        <createIndex indexName="IX_USER_ORG_ROLE" tableName="USER_ORG_ROLE">
            <column name="TENANT_ID"/>
            <column name="USER_UUID"/>
            <column name="ORG_UUID"/>
            <column name="ROLE_UUID"/>
        </createIndex>
        <addForeignKeyConstraint baseColumnNames="TENANT_ID, USER_UUID" baseTableName="USER_ORG_ROLE"
                                 constraintName="FK_USER_ORG_ROLE_USER_UUID" deferrable="false"
                                 initiallyDeferred="false" onDelete="CASCADE" onUpdate="NO ACTION"
                                 referencedColumnNames="TENANT_ID, UUID" referencedTableName="USER"/>
        <addForeignKeyConstraint baseColumnNames="TENANT_ID, ORG_UUID" baseTableName="USER_ORG_ROLE"
                                 constraintName="FK_USER_ORG_ROLE_ORG_UUID" deferrable="false"
                                 initiallyDeferred="false" onDelete="CASCADE" onUpdate="NO ACTION"
                                 referencedColumnNames="TENANT_ID, UUID" referencedTableName="ORGANIZATION"/>
        <addForeignKeyConstraint baseColumnNames="TENANT_ID, ROLE_UUID" baseTableName="USER_ORG_ROLE"
                                 constraintName="FK_USER_ORG_ROLE_ROLE_UUID" deferrable="false"
                                 initiallyDeferred="false" onDelete="CASCADE" onUpdate="NO ACTION"
                                 referencedColumnNames="TENANT_ID, UUID" referencedTableName="USER_ROLE"/>
        <!-- rollback is unnecessary since auto rollback is supported for the above operations -->
    </changeSet>

</databaseChangeLog>
