<?xml version="1.0" encoding="UTF-8"?>
<databaseChangeLog logicalFilePath="doesntmatter" xmlns="http://www.liquibase.org/xml/ns/dbchangelog" xmlns:xsi="http://www.w3.org/2001/XMLSchema-instance" xsi:schemaLocation="http://www.liquibase.org/xml/ns/dbchangelog                       http://www.liquibase.org/xml/ns/dbchangelog/dbchangelog-3.1.xsd">
    <changeSet author="chemi11" id="update-papi-apis-spec-content">
        <validCheckSum>7:8d57881502f05d1ce9cf482bdaac5f2a</validCheckSum>
        <update tableName="API">
            <column name="SPEC_CONTENT" value="http://tenant-provisioner:9000/tenants/{tenant_id}/swagger/portal-api" />
            <column name="SPEC_FILESIZE" />
            <column name="SPEC_FILENAME" value="url" />
            <where>TENANT_ID="${apim_tenant_id}" AND NAME LIKE "Portal API%"</where>
        </update>
        <update tableName="API">
            <column name="SPEC_CONTENT" value="http://tenant-provisioner:9000/tenants/{tenant_id}/swagger/portal-metrics-api" />
            <column name="SPEC_FILESIZE" />
            <column name="SPEC_FILENAME" value="url" />
            <where>TENANT_ID="${apim_tenant_id}" AND NAME LIKE "Portal Metrics API%"</where>
        </update>
        <update tableName="API">
            <column name="SPEC_CONTENT" value="http://tenant-provisioner:9000/tenants/${apim_tenant_id}/swagger/login-api" />
            <column name="SPEC_FILESIZE" />
            <column name="SPEC_FILENAME" value="url" />
            <where>TENANT_ID="${apim_tenant_id}" AND NAME LIKE "Login API%"</where>
        </update>
    </changeSet>
</databaseChangeLog>
