<?xml version="1.0" encoding="UTF-8" standalone="no"?>
<databaseChangeLog xmlns="http://www.liquibase.org/xml/ns/dbchangelog"
                   xmlns:ext="http://www.liquibase.org/xml/ns/dbchangelog-ext"
                   xmlns:xsi="http://www.w3.org/2001/XMLSchema-instance"
                   xsi:schemaLocation="http://www.liquibase.org/xml/ns/dbchangelog http://www.liquibase.org/xml/ns/dbchangelog/dbchangelog-3.2.xsd http://www.liquibase.org/xml/ns/dbchangelog-ext http://www.liquibase.org/xml/ns/dbchangelog/dbchangelog-ext.xsd"
				   logicalFilePath="doesntmatter">
  <changeSet author="wlui" id="otkdb-3.5.01-DDL1" >
    <!--ALTER TABLE oauth_client DROP index uk_oc_name;-->
    <dropUniqueConstraint constraintName="uk_oc_name" tableName="oauth_client"/>
    <rollback>
        <addUniqueConstraint columnNames="name" constraintName="uk_oc_name" deferrable="false" disabled="false" initiallyDeferred="false" tableName="oauth_client"/>
    </rollback>
  </changeSet>

  <changeSet author="wlui" id="otkdb-3.5.01-DDL2" >
    <!--CREATE INDEX oc_idx_clientname ON oauth_client(name);-->
    <createIndex indexName="oc_idx_clientname" tableName="oauth_client">
        <column name="name"/>
    </createIndex>
    <rollback>
      <dropIndex indexName="oc_idx_clientname" tableName="oauth_client"/>
  </rollback>
  </changeSet>
</databaseChangeLog>
