<?xml version="1.0" encoding="UTF-8"?>
<exp:Export Version="3.0"
    xmlns:L7p="http://www.layer7tech.com/ws/policy"
    xmlns:exp="http://www.layer7tech.com/ws/policy/export" xmlns:wsp="http://schemas.xmlsoap.org/ws/2002/12/policy">
    <exp:References/>
    <wsp:Policy xmlns:L7p="http://www.layer7tech.com/ws/policy" xmlns:wsp="http://schemas.xmlsoap.org/ws/2002/12/policy">
        <wsp:All wsp:Usage="Required">
            <L7p:AuditDetailAssertion>
                <L7p:Detail stringValue="Policy Fragment: custom-message-completed"/>
                <L7p:Enabled booleanValue="false"/>
            </L7p:AuditDetailAssertion>
            <L7p:CommentAssertion>
                <L7p:Comment stringValue="custom assertions for message completed policy"/>
            </L7p:CommentAssertion>
            <wsp:OneOrMore wsp:Usage="Required">
                <wsp:All wsp:Usage="Required">
                    <L7p:ComparisonAssertion>
                        <L7p:CaseSensitive booleanValue="false"/>
                        <L7p:Expression1 stringValue="${request.url.path}"/>
                        <L7p:Expression2 stringValue="/favicon.ico"/>
                        <L7p:Predicates predicates="included">
                            <L7p:item binary="included">
                                <L7p:CaseSensitive booleanValue="false"/>
                                <L7p:RightValue stringValue="/favicon.ico"/>
                            </L7p:item>
                        </L7p:Predicates>
                    </L7p:ComparisonAssertion>
                </wsp:All>
                <wsp:All wsp:Usage="Required">
                    <L7p:AddHeader>
                        <L7p:HeaderName stringValue="x-spay-txid"/>
                        <L7p:HeaderValue stringValue="${request.http.header.x-spay-txid}"/>
                        <L7p:RemoveExisting booleanValue="true"/>
                        <L7p:Target target="RESPONSE"/>
                    </L7p:AddHeader>
                    <L7p:AuditDetailAssertion>
                        <L7p:Detail stringValueReference="inline"><![CDATA[[IN_RES][${request.http.header.x-spay-txid}][${requestId}] ${request.http.uri}
${response.http.allheadervalues}
${response.mainpart}]]></L7p:Detail>
                        <L7p:Level stringValue="WARNING"/>
                    </L7p:AuditDetailAssertion>
                </wsp:All>
            </wsp:OneOrMore>
        </wsp:All>
    </wsp:Policy>
</exp:Export>
