<?xml version="1.0" encoding="UTF-8"?>
<exp:Export Version="3.0"
    xmlns:L7p="http://www.layer7tech.com/ws/policy"
    xmlns:exp="http://www.layer7tech.com/ws/policy/export" xmlns:wsp="http://schemas.xmlsoap.org/ws/2002/12/policy">
    <exp:References>
        <EncapsulatedAssertionReference RefType="com.l7tech.console.policy.exporter.EncapsulatedAssertionReference">
            <Name>SPAY Error Message</Name>
            <Guid>1409a84b-fc4d-44bb-ab68-09828d556bad</Guid>
        </EncapsulatedAssertionReference>
    </exp:References>
    <wsp:Policy xmlns:L7p="http://www.layer7tech.com/ws/policy" xmlns:wsp="http://schemas.xmlsoap.org/ws/2002/12/policy">
        <wsp:All wsp:Usage="Required">
            <L7p:AuditAssertion>
                <L7p:Enabled booleanValue="false"/>
                <L7p:SaveRequest booleanValue="true"/>
                <L7p:SaveResponse booleanValue="true"/>
            </L7p:AuditAssertion>
            <L7p:AuditDetailAssertion>
                <L7p:Detail stringValue="Policy Fragment: custom-message-received"/>
                <L7p:Enabled booleanValue="false"/>
                <L7p:Level stringValue="WARNING"/>
            </L7p:AuditDetailAssertion>
            <L7p:CommentAssertion>
                <L7p:Comment stringValue="custom assertions for message received policy"/>
            </L7p:CommentAssertion>
            <L7p:SetVariable>
                <L7p:Base64Expression stringValue="YXBwbGljYXRpb24vanNvbjsgY2hhcnNldD1VVEYtOA=="/>
                <L7p:VariableToSet stringValue="content-type"/>
            </L7p:SetVariable>
            <L7p:SetVariable>
                <L7p:Base64Expression stringValue=""/>
                <L7p:VariableToSet stringValue="status"/>
            </L7p:SetVariable>
            <L7p:SetVariable>
                <L7p:Base64Expression stringValue="JHtyZXF1ZXN0Lmh0dHAuYWxsaGVhZGVydmFsdWVzfQ=="/>
                <L7p:VariableToSet stringValue="req.header.all"/>
            </L7p:SetVariable>
            <L7p:ExportVariables>
                <L7p:ExportedVars stringArrayValue="included">
                    <L7p:item stringValue="content-type"/>
                    <L7p:item stringValue="error.msg"/>
                    <L7p:item stringValue="status"/>
                    <L7p:item stringValue="x-spay-txid"/>
                </L7p:ExportedVars>
            </L7p:ExportVariables>
            <wsp:OneOrMore wsp:Usage="Required">
                <wsp:All wsp:Usage="Required">
                    <L7p:SetVariable>
                        <L7p:Base64Expression stringValue="JHtyZXF1ZXN0Lmh0dHAuaGVhZGVyLngtc3BheS10eGlkfQ=="/>
                        <L7p:VariableToSet stringValue="x-spay-txid"/>
                    </L7p:SetVariable>
                    <L7p:ComparisonAssertion>
                        <L7p:CaseSensitive booleanValue="false"/>
                        <L7p:Expression1 stringValue="${x-spay-txid}"/>
                        <L7p:Operator operatorNull="null"/>
                        <L7p:Predicates predicates="included">
                            <L7p:item dataType="included">
                                <L7p:Type variableDataType="string"/>
                            </L7p:item>
                            <L7p:item binary="included">
                                <L7p:Operator operator="EMPTY"/>
                                <L7p:RightValue stringValue=""/>
                            </L7p:item>
                        </L7p:Predicates>
                    </L7p:ComparisonAssertion>
                    <L7p:SetVariable>
                        <L7p:Base64Expression stringValue="JHtnYXRld2F5LnNzZ3BheS5lbnZ9XyR7cmVxdWVzdElkfQ=="/>
                        <L7p:VariableToSet stringValue="x-spay-txid"/>
                    </L7p:SetVariable>
                    <L7p:AddHeader>
                        <L7p:HeaderName stringValue="x-spay-txid"/>
                        <L7p:HeaderValue stringValue="${x-spay-txid}"/>
                    </L7p:AddHeader>
                </wsp:All>
                <L7p:TrueAssertion/>
            </wsp:OneOrMore>
            <L7p:CustomizeErrorResponse>
                <L7p:AssertionComment assertionComment="included">
                    <L7p:Properties mapValue="included">
                        <L7p:entry>
                            <L7p:key stringValue="RIGHT.COMMENT"/>
                            <L7p:value stringValue="기본 에러 메시지"/>
                        </L7p:entry>
                    </L7p:Properties>
                </L7p:AssertionComment>
                <L7p:Content stringValueReference="inline"><![CDATA[{
    "error" : "unknown_error",
    "error_description" : "SSGPAY API 운영관리시스템 관리자에게 문의해 주십시오."
}]]></L7p:Content>
                <L7p:ContentType stringValue="${request.shared.content-type}"/>
                <L7p:ExtraHeaders nameValuePairArray="included">
                    <L7p:item nameValuePair="included">
                        <L7p:Key stringValue="Cache-Control"/>
                        <L7p:Value stringValue="no-store"/>
                    </L7p:item>
                    <L7p:item nameValuePair="included">
                        <L7p:Key stringValue="Pragma"/>
                        <L7p:Value stringValue="no-cache"/>
                    </L7p:item>
                    <L7p:item nameValuePair="included">
                        <L7p:Key stringValue="x-spay-txid"/>
                        <L7p:Value stringValue="${request.http.header.x-spay-txid}"/>
                    </L7p:item>
                </L7p:ExtraHeaders>
            </L7p:CustomizeErrorResponse>
            <wsp:OneOrMore wsp:Usage="Required">
                <wsp:All wsp:Usage="Required">
                    <L7p:ComparisonAssertion>
                        <L7p:CaseSensitive booleanValue="false"/>
                        <L7p:Expression1 stringValue="${request.url.path}"/>
                        <L7p:Expression2 stringValue="/favicon.ico"/>
                        <L7p:Predicates predicates="included">
                            <L7p:item binary="included">
                                <L7p:CaseSensitive booleanValue="false"/>
                                <L7p:RightValue stringValue="/favicon.ico"/>
                            </L7p:item>
                        </L7p:Predicates>
                    </L7p:ComparisonAssertion>
                </wsp:All>
                <wsp:All wsp:Usage="Required">
                    <L7p:ResolveService>
                        <L7p:Uri stringValue="${request.http.uri}"/>
                    </L7p:ResolveService>
                    <L7p:AuditDetailAssertion>
                        <L7p:Detail stringValueReference="inline"><![CDATA[[IN_REQ][${x-spay-txid}][${requestId}][${resolvedService.name}][${request.tcp.remoteAddress}] ${request.http.method} ${request.http.uri}${request.url.query}
${req.header.all}
${request.mainpart}]]></L7p:Detail>
                        <L7p:Level stringValue="WARNING"/>
                    </L7p:AuditDetailAssertion>
                </wsp:All>
                <wsp:All wsp:Usage="Required">
                    <L7p:AuditDetailAssertion>
                        <L7p:Detail stringValueReference="inline"><![CDATA[[IN_REQ][${x-spay-txid}][${requestId}][${request.tcp.remoteAddress}] ${request.http.method} ${request.http.uri}${request.url.query}
${req.header.all}
${request.mainpart}]]></L7p:Detail>
                        <L7p:Level stringValue="WARNING"/>
                    </L7p:AuditDetailAssertion>
                    <L7p:CustomizeErrorResponse>
                        <L7p:Content stringValue="${request.shared.error.msg}"/>
                        <L7p:ContentType stringValue="${request.shared.content-type}"/>
                        <L7p:ExtraHeaders nameValuePairArray="included">
                            <L7p:item nameValuePair="included">
                                <L7p:Key stringValue="Cache-Control"/>
                                <L7p:Value stringValue="no-store"/>
                            </L7p:item>
                            <L7p:item nameValuePair="included">
                                <L7p:Key stringValue="Pragma"/>
                                <L7p:Value stringValue="no-cache"/>
                            </L7p:item>
                            <L7p:item nameValuePair="included">
                                <L7p:Key stringValue="x-spay-txid"/>
                                <L7p:Value stringValue="${request.shared.x-spay-txid}"/>
                            </L7p:item>
                        </L7p:ExtraHeaders>
                        <L7p:HttpStatus stringValue="${request.shared.status}"/>
                    </L7p:CustomizeErrorResponse>
                    <L7p:Encapsulated>
                        <L7p:EncapsulatedAssertionConfigGuid stringValue="1409a84b-fc4d-44bb-ab68-09828d556bad"/>
                        <L7p:EncapsulatedAssertionConfigName stringValue="SPAY Error Message"/>
                        <L7p:Parameters mapValue="included">
                            <L7p:entry>
                                <L7p:key stringValue="errorDetails"/>
                                <L7p:value stringValue=": ${request.http.uri}"/>
                            </L7p:entry>
                            <L7p:entry>
                                <L7p:key stringValue="errorLogs"/>
                                <L7p:value stringValue=""/>
                            </L7p:entry>
                            <L7p:entry>
                                <L7p:key stringValue="givenErrorCode"/>
                                <L7p:value stringValue="404"/>
                            </L7p:entry>
                            <L7p:entry>
                                <L7p:key stringValue="givenStatus"/>
                                <L7p:value stringValue="404"/>
                            </L7p:entry>
                            <L7p:entry>
                                <L7p:key stringValue="prefix"/>
                                <L7p:value stringValue="GW"/>
                            </L7p:entry>
                        </L7p:Parameters>
                    </L7p:Encapsulated>
                    <L7p:ExportVariables>
                        <L7p:ExportedVars stringArrayValue="included">
                            <L7p:item stringValue="content-type"/>
                            <L7p:item stringValue="error.msg"/>
                            <L7p:item stringValue="status"/>
                            <L7p:item stringValue="x-spay-txid"/>
                        </L7p:ExportedVars>
                    </L7p:ExportVariables>
                    <L7p:FalseAssertion/>
                </wsp:All>
            </wsp:OneOrMore>
            <L7p:CommentAssertion>
                <L7p:Comment stringValue="custom assertions for message received policy"/>
            </L7p:CommentAssertion>
        </wsp:All>
    </wsp:Policy>
</exp:Export>
