<?xml version="1.0" encoding="UTF-8"?>
<databaseChangeLog
        xmlns="http://www.liquibase.org/xml/ns/dbchangelog"
        xmlns:xsi="http://www.w3.org/2001/XMLSchema-instance"
        xsi:schemaLocation="http://www.liquibase.org/xml/ns/dbchangelog
                      http://www.liquibase.org/xml/ns/dbchangelog/dbchangelog-3.1.xsd"
        logicalFilePath="doesntmatter">

  <changeSet author="acheuk" id="portaldb-2_2_hybrid_sprint1.4-DDL1">
    <addColumn tableName="TENANT_GATEWAY">
      <column defaultValueNumeric="0" name="API_SYNC_TIME" type="BIGINT(19)">
        <constraints nullable="false"/>
      </column>
    </addColumn>
    <addColumn tableName="TENANT_GATEWAY">
      <column name="API_SYNC_LOG" type="MEDIUMTEXT"/>
    </addColumn>
    <addColumn tableName="TENANT_GATEWAY">
      <column defaultValueNumeric="0" name="APP_SYNC_TIME" type="BIGINT(19)">
        <constraints nullable="false"/>
      </column>
    </addColumn>
    <addColumn tableName="TENANT_GATEWAY">
      <column name="APP_SYNC_LOG" type="MEDIUMTEXT"/>
    </addColumn>
    <addColumn tableName="TENANT_GATEWAY">
      <column defaultValueNumeric="0" name="ACCOUNT_PLAN_SYNC_TIME" type="BIGINT(19)">
        <constraints nullable="false"/>
      </column>
    </addColumn>
    <addColumn tableName="TENANT_GATEWAY">
      <column name="ACCOUNT_PLAN_SYNC_LOG" type="MEDIUMTEXT"/>
    </addColumn>
    <rollback>
      <dropColumn columnName="API_SYNC_TIME" tableName="TENANT_GATEWAY"/>
      <dropColumn columnName="API_SYNC_LOG" tableName="TENANT_GATEWAY"/>
      <dropColumn columnName="APP_SYNC_TIME" tableName="TENANT_GATEWAY"/>
      <dropColumn columnName="APP_SYNC_LOG" tableName="TENANT_GATEWAY"/>
      <dropColumn columnName="ACCOUNT_PLAN_SYNC_TIME" tableName="TENANT_GATEWAY"/>
      <dropColumn columnName="ACCOUNT_PLAN_SYNC_LOG" tableName="TENANT_GATEWAY"/>
    </rollback>
  </changeSet>

</databaseChangeLog>

