<?xml version="1.0" encoding="UTF-8" standalone="no"?>
<databaseChangeLog xmlns="http://www.liquibase.org/xml/ns/dbchangelog" xmlns:ext="http://www.liquibase.org/xml/ns/dbchangelog-ext" xmlns:xsi="http://www.w3.org/2001/XMLSchema-instance" xsi:schemaLocation="http://www.liquibase.org/xml/ns/dbchangelog-ext http://www.liquibase.org/xml/ns/dbchangelog/dbchangelog-ext.xsd http://www.liquibase.org/xml/ns/dbchangelog http://www.liquibase.org/xml/ns/dbchangelog/dbchangelog-3.2.xsd" logicalFilePath="doesntmatter">
    <changeSet author="vmelandri" id="dospp-ephemeral-pssg-new-schema-1">
        <createTable tableName="ACCOUNT_PLAN">
            <column name="UUID" type="CHAR(36)">
                <constraints nullable="false"/>
            </column>
            <column name="NAME" type="VARCHAR(255)">
                <constraints nullable="false"/>
            </column>
            <column name="DESCRIPTION" type="TEXT"/>
            <column name="QUOTA" type="INT(10)"/>
            <column name="QUOTA_INTERVAL" type="VARCHAR(8)"/>
            <column name="RATE_LIMIT" type="INT(10)"/>
            <column defaultValueNumeric="0" name="DEFAULT_PLAN" type="BIT(1)">
                <constraints nullable="false"/>
            </column>
            <column name="TRANSACTION_PHASE" type="VARCHAR(50)"/>
            <column name="CREATE_TS" type="BIGINT(19)">
                <constraints nullable="false"/>
            </column>
            <column name="MODIFY_TS" type="BIGINT(19)">
                <constraints nullable="false"/>
            </column>
            <column name="CREATED_BY" type="VARCHAR(100)"/>
            <column name="MODIFIED_BY" type="VARCHAR(100)"/>
            <column defaultValue="" name="TENANT_ID" type="VARCHAR(255)">
                <constraints nullable="false"/>
            </column>
        </createTable>
    </changeSet>
    <changeSet author="vmelandri" id="dospp-ephemeral-pssgnew-schema-2">
        <createTable tableName="ACCOUNT_PLAN_API_XREF">
            <column name="UUID" type="CHAR(36)">
                <constraints nullable="false"/>
            </column>
            <column name="ACCOUNT_PLAN_UUID" type="CHAR(36)">
                <constraints nullable="false"/>
            </column>
            <column name="API_UUID" type="CHAR(36)">
                <constraints nullable="false"/>
            </column>
            <column defaultValue="" name="TENANT_ID" type="VARCHAR(255)">
                <constraints nullable="false"/>
            </column>
        </createTable>
    </changeSet>
    <changeSet author="vmelandri" id="dospp-ephemeral-pssgnew-schema-3">
        <createTable tableName="API">
            <column name="UUID" type="CHAR(36)">
                <constraints nullable="false"/>
            </column>
            <column name="NAME" type="VARCHAR(255)">
                <constraints nullable="false"/>
            </column>
            <column name="DESCRIPTION" type="TEXT"/>
            <column name="PRIVATE_DESCRIPTION" type="TEXT"/>
            <column name="PORTAL_STATUS" type="VARCHAR(50)">
                <constraints nullable="false"/>
            </column>
            <column defaultValue="PUBLIC" name="ACCESS_STATUS" type="VARCHAR(50)">
                <constraints nullable="false"/>
            </column>
            <column name="PUBLISHED_BY_PORTAL" type="BIT(1)">
                <constraints nullable="false"/>
            </column>
            <column name="API_EULA_UUID" type="CHAR(36)"/>
            <column name="VERSION" type="VARCHAR(50)">
                <constraints nullable="false"/>
            </column>
            <column name="SSG_URL" type="VARCHAR(255)">
                <constraints nullable="false"/>
            </column>
            <column name="POLICY_TEMPLATE_UUID" type="VARCHAR(36)"/>
            <column name="SPEC_FILENAME" type="VARCHAR(255)"/>
            <column name="SPEC_FILESIZE" type="BIGINT(19)"/>
            <column name="SPEC_CONTENT" type="LONGTEXT"/>
            <column name="TRANSACTION_PHASE" type="VARCHAR(50)"/>
            <column name="CREATE_TS" type="BIGINT(19)">
                <constraints nullable="false"/>
            </column>
            <column name="MODIFY_TS" type="BIGINT(19)">
                <constraints nullable="false"/>
            </column>
            <column name="CREATED_BY" type="VARCHAR(100)"/>
            <column name="MODIFIED_BY" type="VARCHAR(100)"/>
            <column defaultValueNumeric="0" name="MODIFY_VERSION_TS" type="BIGINT(19)"/>
            <column defaultValueNumeric="0" name="PUBLISHED_TS" type="BIGINT(19)"/>
            <column defaultValue="NONE" name="AUTHENTICATION_TYPE" type="VARCHAR(100)">
                <constraints nullable="false"/>
            </column>
            <column name="AUTHENTICATION_PARAMETERS" type="VARCHAR(2000)"/>
            <column defaultValue="" name="TENANT_ID" type="VARCHAR(255)">
                <constraints nullable="false"/>
            </column>
        </createTable>
    </changeSet>
    <changeSet author="vmelandri" id="dospp-ephemeral-pssgnew-schema-4">
        <createTable tableName="API_EULA">
            <column name="UUID" type="CHAR(36)">
                <constraints nullable="false"/>
            </column>
            <column name="NAME" type="VARCHAR(255)"/>
            <column name="CONTENT" type="LONGTEXT"/>
            <column name="CREATE_TS" type="BIGINT(19)">
                <constraints nullable="false"/>
            </column>
            <column name="MODIFY_TS" type="BIGINT(19)">
                <constraints nullable="false"/>
            </column>
            <column name="CREATED_BY" type="VARCHAR(100)"/>
            <column name="MODIFIED_BY" type="VARCHAR(100)"/>
            <column defaultValue="" name="TENANT_ID" type="VARCHAR(255)">
                <constraints nullable="false"/>
            </column>
        </createTable>
    </changeSet>
    <changeSet author="vmelandri" id="dospp-ephemeral-pssgnew-schema-5">
        <createTable tableName="API_POLICY_TEMPLATE_XREF">
            <column name="UUID" type="CHAR(36)">
                <constraints nullable="false"/>
            </column>
            <column name="API_UUID" type="CHAR(36)">
                <constraints nullable="false"/>
            </column>
            <column name="POLICY_TEMPLATE_UUID" type="CHAR(36)">
                <constraints nullable="false"/>
            </column>
            <column name="NAME" type="VARCHAR(255)">
                <constraints nullable="false"/>
            </column>
            <column name="VALUE" type="VARCHAR(255)">
                <constraints nullable="false"/>
            </column>
            <column defaultValue="" name="TENANT_ID" type="VARCHAR(255)">
                <constraints nullable="false"/>
            </column>
        </createTable>
    </changeSet>
    <changeSet author="vmelandri" id="dospp-ephemeral-pssgnew-schema-6">
        <createTable tableName="API_TENANT_GATEWAY">
            <column name="UUID" type="CHAR(36)">
                <constraints nullable="false"/>
            </column>
            <column name="TENANT_GATEWAY_UUID" type="CHAR(36)">
                <constraints nullable="false"/>
            </column>
            <column name="API_UUID" type="CHAR(36)">
                <constraints nullable="false"/>
            </column>
            <column name="SSG_NAME" type="VARCHAR(255)"/>
            <column name="SSG_VERSION" type="VARCHAR(10)"/>
            <column name="SSG_STATUS" type="VARCHAR(50)">
                <constraints nullable="false"/>
            </column>
            <column defaultValueNumeric="0" name="SYNC_TIME" type="BIGINT(19)">
                <constraints nullable="false"/>
            </column>
            <column name="SYNC_LOG" type="MEDIUMTEXT"/>
            <column name="API_LOCATION_URL" type="VARCHAR(255)"/>
            <column name="SSG_SERVICE_TYPE" type="VARCHAR(20)"/>
            <column name="SSG_URL" type="VARCHAR(255)">
                <constraints nullable="false"/>
            </column>
            <column defaultValue="" name="TENANT_ID" type="VARCHAR(255)">
                <constraints nullable="false"/>
            </column>
        </createTable>
    </changeSet>
    <changeSet author="vmelandri" id="dospp-ephemeral-pssgnew-schema-7">
        <createTable tableName="APPLICATION">
            <column name="UUID" type="CHAR(36)">
                <constraints nullable="false"/>
            </column>
            <column name="NAME" type="VARCHAR(255)">
                <constraints nullable="false"/>
            </column>
            <column name="API_KEY" type="VARCHAR(255)"/>
            <column name="KEY_SECRET" type="VARCHAR(255)"/>
            <column name="DESCRIPTION" type="TEXT"/>
            <column name="STATUS" type="VARCHAR(100)">
                <constraints nullable="false"/>
            </column>
            <column name="ORGANIZATION_UUID" type="VARCHAR(36)">
                <constraints nullable="false"/>
            </column>
            <column name="OAUTH_CALLBACK_URL" type="VARCHAR(255)"/>
            <column name="OAUTH_SCOPE" type="VARCHAR(255)"/>
            <column name="OAUTH_TYPE" type="VARCHAR(255)"/>
            <column name="DISABLED_BY_TYPE" type="VARCHAR(255)"/>
            <column name="TRANSACTION_PHASE" type="VARCHAR(50)"/>
            <column name="CREATE_TS" type="BIGINT(19)">
                <constraints nullable="false"/>
            </column>
            <column name="MODIFY_TS" type="BIGINT(19)">
                <constraints nullable="false"/>
            </column>
            <column name="CREATED_BY" type="VARCHAR(100)"/>
            <column name="MODIFIED_BY" type="VARCHAR(100)"/>
            <column name="MAG_MASTER_KEY" type="VARCHAR(128)"/>
            <column name="MAG_SCOPE" type="VARCHAR(1024)"/>
            <column defaultValue="" name="TENANT_ID" type="VARCHAR(255)">
                <constraints nullable="false"/>
            </column>
        </createTable>
    </changeSet>
    <changeSet author="vmelandri" id="dospp-ephemeral-pssgnew-schema-8">
        <createTable tableName="APPLICATION_API_XREF">
            <column name="UUID" type="CHAR(36)">
                <constraints nullable="false"/>
            </column>
            <column name="APPLICATION_UUID" type="CHAR(36)">
                <constraints nullable="false"/>
            </column>
            <column name="API_UUID" type="CHAR(36)">
                <constraints nullable="false"/>
            </column>
            <column defaultValue="" name="TENANT_ID" type="VARCHAR(255)">
                <constraints nullable="false"/>
            </column>
        </createTable>
    </changeSet>
    <changeSet author="vmelandri" id="dospp-ephemeral-pssgnew-schema-9">
        <createTable tableName="APPLICATION_TENANT_GATEWAY">
            <column name="UUID" type="CHAR(36)">
                <constraints nullable="false"/>
            </column>
            <column name="TENANT_GATEWAY_UUID" type="CHAR(36)">
                <constraints nullable="false"/>
            </column>
            <column name="APPLICATION_UUID" type="CHAR(36)">
                <constraints nullable="false"/>
            </column>
            <column defaultValueNumeric="0" name="SYNC_TIME" type="BIGINT(19)">
                <constraints nullable="false"/>
            </column>
            <column name="SYNC_LOG" type="MEDIUMTEXT"/>
            <column defaultValue="" name="TENANT_ID" type="VARCHAR(255)">
                <constraints nullable="false"/>
            </column>
        </createTable>
    </changeSet>
    <changeSet author="vmelandri" id="dospp-ephemeral-pssgnew-schema-10">
        <createTable tableName="CUSTOM_FIELD">
            <column name="UUID" type="CHAR(36)">
                <constraints nullable="false"/>
            </column>
            <column name="NAME" type="VARCHAR(255)">
                <constraints nullable="false"/>
            </column>
            <column name="TYPE" type="VARCHAR(255)">
                <constraints nullable="false"/>
            </column>
            <column name="ENTITY_TYPE" type="VARCHAR(255)">
                <constraints nullable="false"/>
            </column>
            <column defaultValueNumeric="0" name="REQUIRED" type="BIT(1)">
                <constraints nullable="false"/>
            </column>
            <column name="STATUS" type="VARCHAR(100)">
                <constraints nullable="false"/>
            </column>
            <column name="DESCRIPTION" type="TEXT"/>
            <column name="OPTIONS" type="LONGTEXT"/>
            <column name="CREATE_TS" type="BIGINT(19)">
                <constraints nullable="false"/>
            </column>
            <column name="MODIFY_TS" type="BIGINT(19)">
                <constraints nullable="false"/>
            </column>
            <column name="CREATED_BY" type="VARCHAR(100)">
                <constraints nullable="false"/>
            </column>
            <column name="MODIFIED_BY" type="VARCHAR(100)"/>
            <column defaultValue="system" name="SYSTEM_PROPERTY_NAME" type="VARCHAR(255)"/>
            <column defaultValue="" name="TENANT_ID" type="VARCHAR(255)">
                <constraints nullable="false"/>
            </column>
        </createTable>
    </changeSet>
    <changeSet author="vmelandri" id="dospp-ephemeral-pssgnew-schema-11">
        <createTable tableName="CUSTOM_FIELD_VALUE">
            <column name="UUID" type="CHAR(36)">
                <constraints nullable="false"/>
            </column>
            <column name="CUSTOM_FIELD_UUID" type="CHAR(36)">
                <constraints nullable="false"/>
            </column>
            <column name="ENTITY_UUID" type="CHAR(36)">
                <constraints nullable="false"/>
            </column>
            <column name="VALUE" type="TEXT"/>
            <column defaultValue="" name="TENANT_ID" type="VARCHAR(255)">
                <constraints nullable="false"/>
            </column>
        </createTable>
    </changeSet>
    <changeSet author="vmelandri" id="dospp-ephemeral-pssgnew-schema-12">
        <createTable tableName="DELETED_ENTITY">
            <column name="UUID" type="CHAR(36)">
                <constraints nullable="false"/>
            </column>
            <column name="TYPE" type="VARCHAR(255)">
                <constraints nullable="false"/>
            </column>
            <column name="ENTITY_UUID" type="CHAR(36)">
                <constraints nullable="false"/>
            </column>
            <column name="USER_UUID" type="CHAR(36)">
                <constraints nullable="false"/>
            </column>
            <column name="DELETED_TS" type="BIGINT(19)">
                <constraints nullable="false"/>
            </column>
            <column defaultValue="" name="TENANT_ID" type="VARCHAR(255)">
                <constraints nullable="false"/>
            </column>
        </createTable>
    </changeSet>
    <changeSet author="vmelandri" id="dospp-ephemeral-pssgnew-schema-13">
        <createTable tableName="EMAIL_TEMPLATE">
            <column name="UUID" type="CHAR(36)">
                <constraints nullable="false"/>
            </column>
            <column name="LANGUAGE" type="VARCHAR(10)">
                <constraints nullable="false"/>
            </column>
            <column name="TYPE" type="VARCHAR(33)"/>
            <column name="SUBJECT" type="VARCHAR(500)">
                <constraints nullable="false"/>
            </column>
            <column name="BODY" type="MEDIUMTEXT">
                <constraints nullable="false"/>
            </column>
            <column defaultValue="" name="TENANT_ID" type="VARCHAR(255)">
                <constraints nullable="false"/>
            </column>
        </createTable>
    </changeSet>
    <changeSet author="vmelandri" id="dospp-ephemeral-pssgnew-schema-14">
        <createTable tableName="FRAGMENT_ENTITY">
            <column name="UUID" type="CHAR(36)">
                <constraints nullable="false"/>
            </column>
            <column name="ID" type="CHAR(36)">
                <constraints nullable="false"/>
            </column>
            <column name="NAME" type="VARCHAR(255)">
                <constraints nullable="false"/>
            </column>
            <column name="DESCRIPTION" type="TEXT"/>
            <column name="POLICY_UUID" type="CHAR(36)">
                <constraints nullable="false"/>
            </column>
            <column name="HAS_ROUTING" type="VARCHAR(16)">
                <constraints nullable="false"/>
            </column>
            <column name="PARSED_POLICY_DETAILS" type="VARCHAR(255)">
                <constraints nullable="false"/>
            </column>
            <column defaultValue="" name="TENANT_ID" type="VARCHAR(255)">
                <constraints nullable="false"/>
            </column>
        </createTable>
    </changeSet>
    <changeSet author="vmelandri" id="dospp-ephemeral-pssgnew-schema-15">
        <createTable tableName="FRAGMENT_ENTITY_DETAILS">
            <column name="UUID" type="CHAR(36)">
                <constraints nullable="false"/>
            </column>
            <column name="ORDERING" type="INT(10)">
                <constraints nullable="false"/>
            </column>
            <column name="NAME" type="VARCHAR(255)">
                <constraints nullable="false"/>
            </column>
            <column name="TYPE" type="VARCHAR(36)">
                <constraints nullable="false"/>
            </column>
            <column name="LABEL" type="TEXT"/>
            <column defaultValue="" name="TENANT_ID" type="VARCHAR(255)">
                <constraints nullable="false"/>
            </column>
        </createTable>
    </changeSet>
    <changeSet author="vmelandri" id="dospp-ephemeral-pssgnew-schema-16">
        <createTable tableName="LANGUAGE">
            <column name="UUID" type="CHAR(36)">
                <constraints nullable="false"/>
            </column>
            <column name="NAME" type="VARCHAR(10)">
                <constraints nullable="false"/>
            </column>
            <column name="DESCRIPTION" type="VARCHAR(80)">
                <constraints nullable="false"/>
            </column>
            <column defaultValue="" name="TENANT_ID" type="VARCHAR(255)">
                <constraints nullable="false"/>
            </column>
        </createTable>
    </changeSet>
    <changeSet author="vmelandri" id="dospp-ephemeral-pssgnew-schema-17">
        <createTable tableName="ORGANIZATION">
            <column name="UUID" type="CHAR(36)">
                <constraints nullable="false"/>
            </column>
            <column name="NAME" type="VARCHAR(255)">
                <constraints nullable="false"/>
            </column>
            <column name="DESCRIPTION" type="VARCHAR(255)">
                <constraints nullable="false"/>
            </column>
            <column name="STATUS" type="VARCHAR(50)">
                <constraints nullable="false"/>
            </column>
            <column name="ACCOUNT_PLAN_UUID" type="CHAR(36)">
                <constraints nullable="false"/>
            </column>
            <column name="CREATE_TS" type="BIGINT(19)">
                <constraints nullable="false"/>
            </column>
            <column name="MODIFY_TS" type="BIGINT(19)">
                <constraints nullable="false"/>
            </column>
            <column name="CREATED_BY" type="VARCHAR(100)"/>
            <column name="MODIFIED_BY" type="VARCHAR(100)"/>
            <column defaultValue="" name="TENANT_ID" type="VARCHAR(255)">
                <constraints nullable="false"/>
            </column>
        </createTable>
    </changeSet>
    <changeSet author="vmelandri" id="dospp-ephemeral-pssgnew-schema-18">
        <createTable tableName="PASSWORD_RESET_TOKEN">
            <column name="UUID" type="CHAR(36)">
                <constraints nullable="false"/>
            </column>
            <column name="USER_UUID" type="CHAR(36)">
                <constraints nullable="false"/>
            </column>
            <column name="TOKEN" type="VARCHAR(80)">
                <constraints nullable="false"/>
            </column>
            <column name="EXPIRY_DATE" type="BIGINT(19)">
                <constraints nullable="false"/>
            </column>
            <column name="CREATE_TS" type="BIGINT(19)">
                <constraints nullable="false"/>
            </column>
            <column name="MODIFY_TS" type="BIGINT(19)">
                <constraints nullable="false"/>
            </column>
            <column name="CREATED_BY" type="VARCHAR(100)">
                <constraints nullable="false"/>
            </column>
            <column name="MODIFIED_BY" type="VARCHAR(100)"/>
            <column defaultValue="" name="TENANT_ID" type="VARCHAR(255)">
                <constraints nullable="false"/>
            </column>
        </createTable>
    </changeSet>
    <changeSet author="vmelandri" id="dospp-ephemeral-pssgnew-schema-19">
        <createTable tableName="REQUEST">
            <column name="UUID" type="VARCHAR(36)">
                <constraints nullable="false"/>
            </column>
            <column name="REQUEST_TYPE" type="CHAR(30)">
                <constraints nullable="false"/>
            </column>
            <column name="ENTITY_UUID" type="CHAR(36)"/>
            <column name="ORGANIZATION_UUID" type="CHAR(36)"/>
            <column name="CREATE_TS" type="BIGINT(19)">
                <constraints nullable="false"/>
            </column>
            <column name="MODIFY_TS" type="BIGINT(19)">
                <constraints nullable="false"/>
            </column>
            <column name="CREATED_BY" type="VARCHAR(100)">
                <constraints nullable="false"/>
            </column>
            <column name="MODIFIED_BY" type="VARCHAR(100)"/>
            <column name="REQUEST_STATUS" type="VARCHAR(255)">
                <constraints nullable="false"/>
            </column>
            <column name="REASON" type="VARCHAR(1000)"/>
            <column name="USER_UUID" type="VARCHAR(36)">
                <constraints nullable="false"/>
            </column>
            <column name="PAYLOAD" type="TEXT"/>
            <column defaultValue="ENABLED" name="PREVIOUS_STATE" type="VARCHAR(100)"/>
            <column defaultValue="" name="TENANT_ID" type="VARCHAR(255)">
                <constraints nullable="false"/>
            </column>
        </createTable>
    </changeSet>
    <changeSet author="vmelandri" id="dospp-ephemeral-pssgnew-schema-20">
        <createTable tableName="SETTING">
            <column name="UUID" type="CHAR(36)">
                <constraints nullable="false"/>
            </column>
            <column name="NAME" type="VARCHAR(80)">
                <constraints nullable="false"/>
            </column>
            <column name="VALUE" type="LONGTEXT"/>
            <column name="CREATE_TS" type="BIGINT(19)">
                <constraints nullable="false"/>
            </column>
            <column name="MODIFY_TS" type="BIGINT(19)">
                <constraints nullable="false"/>
            </column>
            <column name="CREATED_BY" type="VARCHAR(100)">
                <constraints nullable="false"/>
            </column>
            <column name="MODIFIED_BY" type="VARCHAR(100)"/>
            <column defaultValue="" name="TENANT_ID" type="VARCHAR(255)">
                <constraints nullable="false"/>
            </column>
        </createTable>
    </changeSet>
    <changeSet author="vmelandri" id="dospp-ephemeral-pssgnew-schema-21">
        <createTable tableName="SSO_CONFIG">
            <column name="UUID" type="CHAR(36)">
                <constraints nullable="false"/>
            </column>
            <column name="IDP_CONFIGURATION" type="LONGTEXT"/>
            <column name="CALLBACK_URL" type="VARCHAR(255)"/>
            <column name="CREATE_TS" type="BIGINT(19)">
                <constraints nullable="false"/>
            </column>
            <column name="MODIFY_TS" type="BIGINT(19)">
                <constraints nullable="false"/>
            </column>
            <column name="CREATED_BY" type="VARCHAR(100)">
                <constraints nullable="false"/>
            </column>
            <column name="MODIFIED_BY" type="VARCHAR(100)"/>
            <column defaultValueNumeric="0" name="SSO_ACTIVATED" type="BIT(1)">
                <constraints nullable="false"/>
            </column>
            <column name="CALLBACK_HOST" type="VARCHAR(255)"/>
            <column defaultValue="" name="TENANT_ID" type="VARCHAR(255)">
                <constraints nullable="false"/>
            </column>
        </createTable>
    </changeSet>
    <changeSet author="vmelandri" id="dospp-ephemeral-pssgnew-schema-22">
        <createTable tableName="TENANT_GATEWAY">
            <column name="UUID" type="CHAR(36)">
                <constraints nullable="false"/>
            </column>
            <column name="ENROLLMENT_TOKEN" type="CHAR(36)">
                <constraints nullable="false"/>
            </column>
            <column name="ENROLLMENT_STATUS" type="VARCHAR(80)">
                <constraints nullable="false"/>
            </column>
            <column name="NAME" type="VARCHAR(255)"/>
            <column name="LOGS" type="MEDIUMTEXT"/>
            <column name="CREATE_TS" type="BIGINT(19)">
                <constraints nullable="false"/>
            </column>
            <column defaultValueNumeric="0" name="CHECKPOINT_TS" type="BIGINT(19)">
                <constraints nullable="false"/>
            </column>
            <column defaultValueNumeric="0" name="MODIFY_TS" type="BIGINT(19)">
                <constraints nullable="false"/>
            </column>
            <column name="CREATED_BY" type="VARCHAR(100)"/>
            <column name="MODIFIED_BY" type="VARCHAR(100)"/>
            <column name="KEY_CERT_HASH" type="VARCHAR(80)"/>
            <column defaultValueNumeric="0" name="API_SYNC_TIME" type="BIGINT(19)">
                <constraints nullable="false"/>
            </column>
            <column name="API_SYNC_LOG" type="MEDIUMTEXT"/>
            <column defaultValueNumeric="0" name="APP_SYNC_TIME" type="BIGINT(19)">
                <constraints nullable="false"/>
            </column>
            <column name="APP_SYNC_LOG" type="MEDIUMTEXT"/>
            <column defaultValueNumeric="0" name="ACCOUNT_PLAN_SYNC_TIME" type="BIGINT(19)">
                <constraints nullable="false"/>
            </column>
            <column name="ACCOUNT_PLAN_SYNC_LOG" type="MEDIUMTEXT"/>
            <column defaultValueNumeric="0" name="SSO_SYNC_TIME" type="BIGINT(19)">
                <constraints nullable="false"/>
            </column>
            <column name="SSO_SYNC_LOG" type="MEDIUMTEXT"/>
            <column defaultValue="" name="TENANT_ID" type="VARCHAR(255)">
                <constraints nullable="false"/>
            </column>
        </createTable>
    </changeSet>
    <changeSet author="vmelandri" id="dospp-ephemeral-pssgnew-schema-23">
        <createTable tableName="TOKEN">
            <column autoIncrement="true" name="ID" type="INT(10)">
                <constraints primaryKey="true"/>
            </column>
            <column name="TOKEN" type="VARCHAR(80)">
                <constraints nullable="false"/>
            </column>
            <column name="USERNAME" type="VARCHAR(80)">
                <constraints nullable="false"/>
            </column>
            <column name="IP_ADDRESS" type="VARCHAR(80)"/>
            <column name="DOMAIN" type="VARCHAR(80)"/>
            <column name="USER_AGENT" type="VARCHAR(1000)"/>
            <column name="REQUEST_ID" type="VARCHAR(80)"/>
            <column name="SESSION_ID" type="VARCHAR(80)"/>
            <column name="DATE_CREATED" type="BIGINT(19)">
                <constraints nullable="false"/>
            </column>
            <column name="TOKEN_EXPIRY" type="BIGINT(19)">
                <constraints nullable="false"/>
            </column>
            <column defaultValue="" name="TENANT_ID" type="VARCHAR(255)">
                <constraints nullable="false"/>
            </column>
        </createTable>
    </changeSet>
    <changeSet author="vmelandri" id="dospp-ephemeral-pssgnew-schema-24">
        <createTable tableName="USER">
            <column name="UUID" type="CHAR(36)">
                <constraints nullable="false"/>
            </column>
            <column name="USERNAME" type="VARCHAR(100)">
                <constraints nullable="false"/>
            </column>
            <column name="PASSWORD_SALT" type="CHAR(36)">
                <constraints nullable="false"/>
            </column>
            <column name="PASSWORD_HASH" type="CHAR(88)">
                <constraints nullable="false"/>
            </column>
            <column name="LAST_NAME" type="VARCHAR(255)">
                <constraints nullable="false"/>
            </column>
            <column name="FIRST_NAME" type="VARCHAR(255)">
                <constraints nullable="false"/>
            </column>
            <column name="EMAIL" type="VARCHAR(255)">
                <constraints nullable="false"/>
            </column>
            <column name="LOCALE" type="VARCHAR(5)">
                <constraints nullable="false"/>
            </column>
            <column name="ORGANIZATION_UUID" type="CHAR(36)"/>
            <column name="STATUS" type="VARCHAR(50)">
                <constraints nullable="false"/>
            </column>
            <column name="CREATE_TS" type="BIGINT(19)">
                <constraints nullable="false"/>
            </column>
            <column name="MODIFY_TS" type="BIGINT(19)">
                <constraints nullable="false"/>
            </column>
            <column name="CREATED_BY" type="VARCHAR(100)"/>
            <column name="MODIFIED_BY" type="VARCHAR(100)"/>
            <column name="LOCK_TS" type="BIGINT(19)"/>
            <column defaultValueNumeric="0" name="INVALID_LOGIN_ATTEMPT" type="INT(10)"/>
            <column name="BUSINESS_REPORTS_OBJECT_ID" type="VARCHAR(255)"/>
            <column defaultValue="" name="TENANT_ID" type="VARCHAR(255)">
                <constraints nullable="false"/>
            </column>
        </createTable>
    </changeSet>
    <changeSet author="vmelandri" id="dospp-ephemeral-pssgnew-schema-25">
        <createTable tableName="USER_REGISTRATION_TOKEN">
            <column name="UUID" type="CHAR(36)">
                <constraints nullable="false"/>
            </column>
            <column name="USER_UUID" type="CHAR(36)">
                <constraints nullable="false"/>
            </column>
            <column name="TOKEN" type="VARCHAR(80)">
                <constraints nullable="false"/>
            </column>
            <column name="EXPIRY_DATE" type="BIGINT(19)">
                <constraints nullable="false"/>
            </column>
            <column name="CREATE_TS" type="BIGINT(19)">
                <constraints nullable="false"/>
            </column>
            <column name="MODIFY_TS" type="BIGINT(19)">
                <constraints nullable="false"/>
            </column>
            <column name="CREATED_BY" type="VARCHAR(100)">
                <constraints nullable="false"/>
            </column>
            <column name="MODIFIED_BY" type="VARCHAR(100)"/>
            <column defaultValue="" name="TENANT_ID" type="VARCHAR(255)">
                <constraints nullable="false"/>
            </column>
        </createTable>
    </changeSet>
    <changeSet author="vmelandri" id="dospp-ephemeral-pssgnew-schema-26">
        <createTable tableName="USER_ROLE">
            <column name="UUID" type="CHAR(36)">
                <constraints nullable="false"/>
            </column>
            <column name="NAME" type="VARCHAR(100)">
                <constraints nullable="false"/>
            </column>
            <column name="DESCRIPTION" type="VARCHAR(255)">
                <constraints nullable="false"/>
            </column>
            <column name="TYPE" type="VARCHAR(255)">
                <constraints nullable="false"/>
            </column>
            <column defaultValueNumeric="0" name="ACTIVE" type="BIT(1)">
                <constraints nullable="false"/>
            </column>
            <column name="CREATE_TS" type="BIGINT(19)">
                <constraints nullable="false"/>
            </column>
            <column name="MODIFY_TS" type="BIGINT(19)">
                <constraints nullable="false"/>
            </column>
            <column name="CREATED_BY" type="VARCHAR(100)"/>
            <column name="MODIFIED_BY" type="VARCHAR(100)"/>
            <column defaultValue="" name="TENANT_ID" type="VARCHAR(255)">
                <constraints nullable="false"/>
            </column>
        </createTable>
    </changeSet>
    <changeSet author="vmelandri" id="dospp-ephemeral-pssgnew-schema-27">
        <createTable tableName="USER_ROLE_XREF">
            <column name="UUID" type="CHAR(36)">
                <constraints nullable="false"/>
            </column>
            <column name="USER_UUID" type="CHAR(36)">
                <constraints nullable="false"/>
            </column>
            <column name="ROLE_UUID" type="CHAR(36)">
                <constraints nullable="false"/>
            </column>
            <column name="CREATE_TS" type="BIGINT(19)">
                <constraints nullable="false"/>
            </column>
            <column name="MODIFY_TS" type="BIGINT(19)">
                <constraints nullable="false"/>
            </column>
            <column name="CREATED_BY" type="VARCHAR(100)"/>
            <column name="MODIFIED_BY" type="VARCHAR(100)"/>
            <column defaultValue="" name="TENANT_ID" type="VARCHAR(255)">
                <constraints nullable="false"/>
            </column>
        </createTable>
    </changeSet>
    <changeSet author="vmelandri" id="dospp-ephemeral-pssgnew-schema-28">
        <addPrimaryKey columnNames="TENANT_ID, UUID" constraintName="PRIMARY" tableName="ACCOUNT_PLAN"/>
    </changeSet>
    <changeSet author="vmelandri" id="dospp-ephemeral-pssgnew-schema-29">
        <addPrimaryKey columnNames="TENANT_ID, UUID" constraintName="PRIMARY" tableName="ACCOUNT_PLAN_API_XREF"/>
    </changeSet>
    <changeSet author="vmelandri" id="dospp-ephemeral-pssgnew-schema-30">
        <addPrimaryKey columnNames="TENANT_ID, UUID" constraintName="PRIMARY" tableName="API"/>
    </changeSet>
    <changeSet author="vmelandri" id="dospp-ephemeral-pssgnew-schema-31">
        <addPrimaryKey columnNames="TENANT_ID, UUID" constraintName="PRIMARY" tableName="API_EULA"/>
    </changeSet>
    <changeSet author="vmelandri" id="dospp-ephemeral-pssgnew-schema-32">
        <addPrimaryKey columnNames="TENANT_ID, UUID" constraintName="PRIMARY" tableName="API_POLICY_TEMPLATE_XREF"/>
    </changeSet>
    <changeSet author="vmelandri" id="dospp-ephemeral-pssgnew-schema-33">
        <addPrimaryKey columnNames="TENANT_ID, UUID" constraintName="PRIMARY" tableName="API_TENANT_GATEWAY"/>
    </changeSet>
    <changeSet author="vmelandri" id="dospp-ephemeral-pssgnew-schema-34">
        <addPrimaryKey columnNames="TENANT_ID, UUID" constraintName="PRIMARY" tableName="APPLICATION"/>
    </changeSet>
    <changeSet author="vmelandri" id="dospp-ephemeral-pssgnew-schema-35">
        <addPrimaryKey columnNames="TENANT_ID, UUID" constraintName="PRIMARY" tableName="APPLICATION_API_XREF"/>
    </changeSet>
    <changeSet author="vmelandri" id="dospp-ephemeral-pssgnew-schema-36">
        <addPrimaryKey columnNames="TENANT_ID, UUID" constraintName="PRIMARY" tableName="APPLICATION_TENANT_GATEWAY"/>
    </changeSet>
    <changeSet author="vmelandri" id="dospp-ephemeral-pssgnew-schema-37">
        <addPrimaryKey columnNames="TENANT_ID, UUID" constraintName="PRIMARY" tableName="CUSTOM_FIELD"/>
    </changeSet>
    <changeSet author="vmelandri" id="dospp-ephemeral-pssgnew-schema-38">
        <addPrimaryKey columnNames="TENANT_ID, UUID" constraintName="PRIMARY" tableName="CUSTOM_FIELD_VALUE"/>
    </changeSet>
    <changeSet author="vmelandri" id="dospp-ephemeral-pssgnew-schema-39">
        <addPrimaryKey columnNames="TENANT_ID, UUID" constraintName="PRIMARY" tableName="DELETED_ENTITY"/>
    </changeSet>
    <changeSet author="vmelandri" id="dospp-ephemeral-pssgnew-schema-40">
        <addPrimaryKey columnNames="TENANT_ID, UUID" constraintName="PRIMARY" tableName="EMAIL_TEMPLATE"/>
    </changeSet>
    <changeSet author="vmelandri" id="dospp-ephemeral-pssgnew-schema-41">
        <addPrimaryKey columnNames="TENANT_ID, UUID" constraintName="PRIMARY" tableName="FRAGMENT_ENTITY"/>
    </changeSet>
    <changeSet author="vmelandri" id="dospp-ephemeral-pssgnew-schema-42">
        <addPrimaryKey columnNames="TENANT_ID, UUID, NAME" constraintName="PRIMARY" tableName="FRAGMENT_ENTITY_DETAILS"/>
    </changeSet>
    <changeSet author="vmelandri" id="dospp-ephemeral-pssgnew-schema-43">
        <addPrimaryKey columnNames="TENANT_ID, UUID" constraintName="PRIMARY" tableName="LANGUAGE"/>
    </changeSet>
    <changeSet author="vmelandri" id="dospp-ephemeral-pssgnew-schema-44">
        <addPrimaryKey columnNames="TENANT_ID, UUID" constraintName="PRIMARY" tableName="ORGANIZATION"/>
    </changeSet>
    <changeSet author="vmelandri" id="dospp-ephemeral-pssgnew-schema-45">
        <addPrimaryKey columnNames="TENANT_ID, UUID" constraintName="PRIMARY" tableName="PASSWORD_RESET_TOKEN"/>
    </changeSet>
    <changeSet author="vmelandri" id="dospp-ephemeral-pssgnew-schema-46">
        <addPrimaryKey columnNames="TENANT_ID, UUID" constraintName="PRIMARY" tableName="REQUEST"/>
    </changeSet>
    <changeSet author="vmelandri" id="dospp-ephemeral-pssgnew-schema-47">
        <addPrimaryKey columnNames="TENANT_ID, UUID" constraintName="PRIMARY" tableName="SETTING"/>
    </changeSet>
    <changeSet author="vmelandri" id="dospp-ephemeral-pssgnew-schema-48">
        <addPrimaryKey columnNames="TENANT_ID, UUID" constraintName="PRIMARY" tableName="SSO_CONFIG"/>
    </changeSet>
    <changeSet author="vmelandri" id="dospp-ephemeral-pssgnew-schema-49">
        <addPrimaryKey columnNames="TENANT_ID, UUID" constraintName="PRIMARY" tableName="TENANT_GATEWAY"/>
    </changeSet>
    <changeSet author="vmelandri" id="dospp-ephemeral-pssgnew-schema-50">
        <addPrimaryKey columnNames="TENANT_ID, UUID" constraintName="PRIMARY" tableName="USER"/>
    </changeSet>
    <changeSet author="vmelandri" id="dospp-ephemeral-pssgnew-schema-51">
        <addPrimaryKey columnNames="TENANT_ID, UUID" constraintName="PRIMARY" tableName="USER_REGISTRATION_TOKEN"/>
    </changeSet>
    <changeSet author="vmelandri" id="dospp-ephemeral-pssgnew-schema-52">
        <addPrimaryKey columnNames="TENANT_ID, UUID" constraintName="PRIMARY" tableName="USER_ROLE"/>
    </changeSet>
    <changeSet author="vmelandri" id="dospp-ephemeral-pssgnew-schema-53">
        <addPrimaryKey columnNames="TENANT_ID, UUID" constraintName="PRIMARY" tableName="USER_ROLE_XREF"/>
    </changeSet>
    <changeSet author="vmelandri" id="dospp-ephemeral-pssgnew-schema-54">
        <addUniqueConstraint columnNames="TENANT_ID, TENANT_GATEWAY_UUID, API_UUID" constraintName="API_GATEWAY_UUID_UNIQUE" deferrable="false" disabled="false" initiallyDeferred="false" tableName="API_TENANT_GATEWAY"/>
    </changeSet>
    <changeSet author="vmelandri" id="dospp-ephemeral-pssgnew-schema-55">
        <addUniqueConstraint columnNames="TENANT_ID, NAME" constraintName="LOCALE" deferrable="false" disabled="false" initiallyDeferred="false" tableName="LANGUAGE"/>
    </changeSet>
    <changeSet author="vmelandri" id="dospp-ephemeral-pssgnew-schema-56">
        <addUniqueConstraint columnNames="TENANT_ID, ACCOUNT_PLAN_UUID, API_UUID" constraintName="UK_ACCOUNT_PLAN_API_XREF_ACCOUNT_PLAN_UUID__API_UUID" deferrable="false" disabled="false" initiallyDeferred="false" tableName="ACCOUNT_PLAN_API_XREF"/>
    </changeSet>
    <changeSet author="vmelandri" id="dospp-ephemeral-pssgnew-schema-57">
        <addUniqueConstraint columnNames="TENANT_ID, NAME" constraintName="UK_ACCOUNT_PLAN_NAME" deferrable="false" disabled="false" initiallyDeferred="false" tableName="ACCOUNT_PLAN"/>
    </changeSet>
    <changeSet author="vmelandri" id="dospp-ephemeral-pssgnew-schema-58">
        <addUniqueConstraint columnNames="TENANT_ID, NAME" constraintName="UK_API_EULA_NAME" deferrable="false" disabled="false" initiallyDeferred="false" tableName="API_EULA"/>
    </changeSet>
    <changeSet author="vmelandri" id="dospp-ephemeral-pssgnew-schema-59">
        <addUniqueConstraint columnNames="TENANT_ID, API_UUID, POLICY_TEMPLATE_UUID, NAME" constraintName="UK_API_UUID_TEMPLATE_UUID_PARAM_NAME" deferrable="false" disabled="false" initiallyDeferred="false" tableName="API_POLICY_TEMPLATE_XREF"/>
    </changeSet>
    <changeSet author="vmelandri" id="dospp-ephemeral-pssgnew-schema-60">
        <addUniqueConstraint columnNames="TENANT_ID, API_KEY" constraintName="UK_APPLICATION_API_KEY" deferrable="false" disabled="false" initiallyDeferred="false" tableName="APPLICATION"/>
    </changeSet>
    <changeSet author="vmelandri" id="dospp-ephemeral-pssgnew-schema-61">
        <addUniqueConstraint columnNames="TENANT_ID, NAME, ORGANIZATION_UUID" constraintName="UK_APPLICATION_NAME_PER_ORGANIZATION" deferrable="false" disabled="false" initiallyDeferred="false" tableName="APPLICATION"/>
    </changeSet>
    <changeSet author="vmelandri" id="dospp-ephemeral-pssgnew-schema-62">
        <addUniqueConstraint columnNames="TENANT_ID, APPLICATION_UUID, API_UUID" constraintName="UK_APPLICATION_UUID_API_UUID" deferrable="false" disabled="false" initiallyDeferred="false" tableName="APPLICATION_API_XREF"/>
    </changeSet>
    <changeSet author="vmelandri" id="dospp-ephemeral-pssgnew-schema-63">
        <addUniqueConstraint columnNames="TENANT_ID, NAME" constraintName="UK_CUSTOM_FIELD_NAME" deferrable="false" disabled="false" initiallyDeferred="false" tableName="CUSTOM_FIELD"/>
    </changeSet>
    <changeSet author="vmelandri" id="dospp-ephemeral-pssgnew-schema-64">
        <sql>
            ALTER TABLE CUSTOM_FIELD_VALUE ADD CONSTRAINT UK_CUSTOM_FIELD_UUID_ENTITY_UUID_VALUE UNIQUE (TENANT_ID,CUSTOM_FIELD_UUID, ENTITY_UUID, VALUE(255))
        </sql>
    </changeSet>
    <changeSet author="vmelandri" id="dospp-ephemeral-pssgnew-schema-65">
        <addUniqueConstraint columnNames="TENANT_ID, TYPE, LANGUAGE" constraintName="UK_EMAIL_TYPE_LANGUAGE" deferrable="false" disabled="false" initiallyDeferred="false" tableName="EMAIL_TEMPLATE"/>
    </changeSet>
    <changeSet author="vmelandri" id="dospp-ephemeral-pssgnew-schema-66">
        <addUniqueConstraint columnNames="TENANT_ID, NAME" constraintName="UK_NAME" deferrable="false" disabled="false" initiallyDeferred="false" tableName="ORGANIZATION"/>
    </changeSet>
    <changeSet author="vmelandri" id="dospp-ephemeral-pssgnew-schema-67">
        <addUniqueConstraint columnNames="TENANT_ID, NAME" constraintName="UK_SETTING_NAME" deferrable="false" disabled="false" initiallyDeferred="false" tableName="SETTING"/>
    </changeSet>
    <changeSet author="vmelandri" id="dospp-ephemeral-pssgnew-schema-68">
        <addUniqueConstraint columnNames="TENANT_ID, TOKEN" constraintName="UK_TOKEN" deferrable="false" disabled="false" initiallyDeferred="false" tableName="USER_REGISTRATION_TOKEN"/>
    </changeSet>
    <changeSet author="vmelandri" id="dospp-ephemeral-pssgnew-schema-69">
        <addUniqueConstraint columnNames="TENANT_ID, NAME" constraintName="UK_USER_ROLE_NAME" deferrable="false" disabled="false" initiallyDeferred="false" tableName="USER_ROLE"/>
    </changeSet>
    <changeSet author="vmelandri" id="dospp-ephemeral-pssgnew-schema-70">
        <addUniqueConstraint columnNames="TENANT_ID, USERNAME" constraintName="UK_USER_USERNAME" deferrable="false" disabled="false" initiallyDeferred="false" tableName="USER"/>
    </changeSet>
    <changeSet author="vmelandri" id="dospp-ephemeral-pssgnew-schema-71">
        <addForeignKeyConstraint baseColumnNames="TENANT_ID, ACCOUNT_PLAN_UUID" baseTableName="ACCOUNT_PLAN_API_XREF" constraintName="FK_ACCOUNT_PLAN_ACCOUNT_PLAN_UUID" deferrable="false" initiallyDeferred="false" onDelete="CASCADE" onUpdate="NO ACTION" referencedColumnNames="TENANT_ID, UUID" referencedTableName="ACCOUNT_PLAN"/>
    </changeSet>
    <changeSet author="vmelandri" id="dospp-ephemeral-pssgnew-schema-72">
        <addForeignKeyConstraint baseColumnNames="TENANT_ID, API_UUID" baseTableName="ACCOUNT_PLAN_API_XREF" constraintName="FK_ACCOUNT_PLAN_API_UUID" deferrable="false" initiallyDeferred="false" onDelete="CASCADE" onUpdate="NO ACTION" referencedColumnNames="TENANT_ID, UUID" referencedTableName="API"/>
    </changeSet>
    <changeSet author="vmelandri" id="dospp-ephemeral-pssgnew-schema-73">
        <addForeignKeyConstraint baseColumnNames="TENANT_ID, API_UUID" baseTableName="APPLICATION_API_XREF" constraintName="FK_API_API_UUID" deferrable="false" initiallyDeferred="false" onDelete="NO ACTION" onUpdate="NO ACTION" referencedColumnNames="TENANT_ID, UUID" referencedTableName="API"/>
    </changeSet>
    <changeSet author="vmelandri" id="dospp-ephemeral-pssgnew-schema-74">
        <addForeignKeyConstraint baseColumnNames="TENANT_ID, API_EULA_UUID" baseTableName="API" constraintName="FK_API_EULA_API_EULA_UUID" deferrable="false" initiallyDeferred="false" onDelete="NO ACTION" onUpdate="NO ACTION" referencedColumnNames="TENANT_ID, UUID" referencedTableName="API_EULA"/>
    </changeSet>
    <changeSet author="vmelandri" id="dospp-ephemeral-pssgnew-schema-75">
        <addForeignKeyConstraint baseColumnNames="TENANT_ID, API_UUID" baseTableName="API_POLICY_TEMPLATE_XREF" constraintName="FK_API_POLICY_TEMPLATE_XREF_API_API_UUID" deferrable="false" initiallyDeferred="false" onDelete="CASCADE" onUpdate="NO ACTION" referencedColumnNames="TENANT_ID, UUID" referencedTableName="API"/>
    </changeSet>
    <changeSet author="vmelandri" id="dospp-ephemeral-pssgnew-schema-76">
        <addForeignKeyConstraint baseColumnNames="TENANT_ID, API_UUID" baseTableName="API_TENANT_GATEWAY" constraintName="FK_API_UUID" deferrable="false" initiallyDeferred="false" onDelete="CASCADE" onUpdate="NO ACTION" referencedColumnNames="TENANT_ID, UUID" referencedTableName="API"/>
    </changeSet>
    <changeSet author="vmelandri" id="dospp-ephemeral-pssgnew-schema-77">
        <addForeignKeyConstraint baseColumnNames="TENANT_ID, APPLICATION_UUID" baseTableName="APPLICATION_API_XREF" constraintName="FK_APPLICATION_APP_UUID" deferrable="false" initiallyDeferred="false" onDelete="CASCADE" onUpdate="NO ACTION" referencedColumnNames="TENANT_ID, UUID" referencedTableName="APPLICATION"/>
    </changeSet>
    <changeSet author="vmelandri" id="dospp-ephemeral-pssgnew-schema-78">
        <addForeignKeyConstraint baseColumnNames="TENANT_ID, TENANT_GATEWAY_UUID" baseTableName="APPLICATION_TENANT_GATEWAY" constraintName="FK_APP_TENANT_GATEWAY_UUID" deferrable="false" initiallyDeferred="false" onDelete="CASCADE" onUpdate="NO ACTION" referencedColumnNames="TENANT_ID, UUID" referencedTableName="TENANT_GATEWAY"/>
    </changeSet>
    <changeSet author="vmelandri" id="dospp-ephemeral-pssgnew-schema-79">
        <addForeignKeyConstraint baseColumnNames="TENANT_ID, CUSTOM_FIELD_UUID" baseTableName="CUSTOM_FIELD_VALUE" constraintName="FK_CUSTOM_FIELD_UUID" deferrable="false" initiallyDeferred="false" onDelete="CASCADE" onUpdate="NO ACTION" referencedColumnNames="TENANT_ID, UUID" referencedTableName="CUSTOM_FIELD"/>
    </changeSet>
    <changeSet author="vmelandri" id="dospp-ephemeral-pssgnew-schema-80">
        <addForeignKeyConstraint baseColumnNames="TENANT_ID, UUID" baseTableName="FRAGMENT_ENTITY_DETAILS" constraintName="FK_FRAGMENT_ENTITY_DETAILS_UUID" deferrable="false" initiallyDeferred="false" onDelete="CASCADE" onUpdate="NO ACTION" referencedColumnNames="TENANT_ID, UUID" referencedTableName="FRAGMENT_ENTITY"/>
    </changeSet>
    <changeSet author="vmelandri" id="dospp-ephemeral-pssgnew-schema-81">
        <addForeignKeyConstraint baseColumnNames="TENANT_ID, ORGANIZATION_UUID" baseTableName="APPLICATION" constraintName="FK_ORGANIZATION_ORGANIZATION_UUID" deferrable="false" initiallyDeferred="false" onDelete="NO ACTION" onUpdate="NO ACTION" referencedColumnNames="TENANT_ID, UUID" referencedTableName="ORGANIZATION"/>
    </changeSet>
    <changeSet author="vmelandri" id="dospp-ephemeral-pssgnew-schema-82">
        <addForeignKeyConstraint baseColumnNames="TENANT_ID, ORGANIZATION_UUID" baseTableName="REQUEST" constraintName="FK_ORGANIZATION_UUID_FROM_REQUEST" deferrable="false" initiallyDeferred="false" onDelete="CASCADE" onUpdate="NO ACTION" referencedColumnNames="TENANT_ID, UUID" referencedTableName="ORGANIZATION"/>
    </changeSet>
    <changeSet author="vmelandri" id="dospp-ephemeral-pssgnew-schema-83">
        <addForeignKeyConstraint baseColumnNames="TENANT_ID, ORGANIZATION_UUID" baseTableName="USER" constraintName="FK_ORGANIZATION_UUID_FROM_USER" deferrable="false" initiallyDeferred="false" onDelete="NO ACTION" onUpdate="NO ACTION" referencedColumnNames="TENANT_ID, UUID" referencedTableName="ORGANIZATION"/>
    </changeSet>
    <changeSet author="vmelandri" id="dospp-ephemeral-pssgnew-schema-84">
        <addForeignKeyConstraint baseColumnNames="TENANT_ID, ACCOUNT_PLAN_UUID" baseTableName="ORGANIZATION" constraintName="FK_ORG_ACCOUNT_PLAN_UUID" deferrable="false" initiallyDeferred="false" onDelete="NO ACTION" onUpdate="NO ACTION" referencedColumnNames="TENANT_ID, UUID" referencedTableName="ACCOUNT_PLAN"/>
    </changeSet>
    <changeSet author="vmelandri" id="dospp-ephemeral-pssgnew-schema-85">
        <addForeignKeyConstraint baseColumnNames="TENANT_ID, TENANT_GATEWAY_UUID" baseTableName="API_TENANT_GATEWAY" constraintName="FK_TENANT_GATEWAY_UUID" deferrable="false" initiallyDeferred="false" onDelete="CASCADE" onUpdate="NO ACTION" referencedColumnNames="TENANT_ID, UUID" referencedTableName="TENANT_GATEWAY"/>
    </changeSet>
    <changeSet author="vmelandri" id="dospp-ephemeral-pssgnew-schema-86">
        <addForeignKeyConstraint baseColumnNames="TENANT_ID, USER_UUID" baseTableName="PASSWORD_RESET_TOKEN" constraintName="FK_USER_UUID_FROM_PASSWORD_RESET_TOKEN" deferrable="false" initiallyDeferred="false" onDelete="CASCADE" onUpdate="NO ACTION" referencedColumnNames="TENANT_ID, UUID" referencedTableName="USER"/>
    </changeSet>
    <changeSet author="vmelandri" id="dospp-ephemeral-pssgnew-schema-87">
        <addForeignKeyConstraint baseColumnNames="TENANT_ID, USER_UUID" baseTableName="USER_REGISTRATION_TOKEN" constraintName="FK_USER_UUID_FROM_USER_REGISTRATION_TOKEN" deferrable="false" initiallyDeferred="false" onDelete="CASCADE" onUpdate="NO ACTION" referencedColumnNames="TENANT_ID, UUID" referencedTableName="USER"/>
    </changeSet>
    <changeSet author="vmelandri" id="dospp-ephemeral-pssgnew-schema-88">
        <addForeignKeyConstraint baseColumnNames="TENANT_ID, USER_UUID" baseTableName="USER_ROLE_XREF" constraintName="USER_ROLE_XREF_ibfk_1" deferrable="false" initiallyDeferred="false" onDelete="NO ACTION" onUpdate="NO ACTION" referencedColumnNames="TENANT_ID, UUID" referencedTableName="USER"/>
    </changeSet>
    <changeSet author="vmelandri" id="dospp-ephemeral-pssgnew-schema-89">
        <addForeignKeyConstraint baseColumnNames="TENANT_ID, ROLE_UUID" baseTableName="USER_ROLE_XREF" constraintName="USER_ROLE_XREF_ibfk_2" deferrable="false" initiallyDeferred="false" onDelete="NO ACTION" onUpdate="NO ACTION" referencedColumnNames="TENANT_ID, UUID" referencedTableName="USER_ROLE"/>
    </changeSet>
    <changeSet author="vmelandri" id="dospp-ephemeral-pssgnew-schema-90">
        <createIndex indexName="FK_APPLICATION_UUID" tableName="APPLICATION_TENANT_GATEWAY" unique="false">
            <column name="TENANT_ID"/>
            <column name="APPLICATION_UUID"/>
        </createIndex>
    </changeSet>
    <changeSet author="vmelandri" id="dospp-ephemeral-pssgnew-schema-91">
        <createIndex indexName="IX_API_MODIFY_TS" tableName="API" unique="false">
            <column name="TENANT_ID"/>
            <column name="MODIFY_TS"/>
        </createIndex>
    </changeSet>
    <changeSet author="vmelandri" id="dospp-ephemeral-pssgnew-schema-92">
        <createIndex indexName="IX_NAME" tableName="API" unique="false">
            <column name="TENANT_ID"/>
            <column name="NAME"/>
        </createIndex>
    </changeSet>
    <changeSet author="vmelandri" id="dospp-ephemeral-pssgnew-schema-93">
        <createIndex indexName="IX_PORTAL_STATUS" tableName="API" unique="false">
            <column name="TENANT_ID"/>
            <column name="PORTAL_STATUS"/>
        </createIndex>
    </changeSet>
    <changeSet author="vmelandri" id="dospp-ephemeral-pssgnew-schema-94">
        <createIndex indexName="IX_TOKEN" tableName="TOKEN" unique="false">
            <column name="TOKEN"/>
        </createIndex>
    </changeSet>
    <changeSet author="vmelandri" id="dospp-ephemeral-pssgnew-schema-95">
        <createIndex indexName="IX_TOKEN_EXPIRY" tableName="TOKEN" unique="false">
            <column name="TOKEN_EXPIRY"/>
        </createIndex>
    </changeSet>
    <changeSet author="vmelandri" id="dospp-ephemeral-pssgnew-schema-96">
        <createIndex indexName="LANGUAGE" tableName="EMAIL_TEMPLATE" unique="false">
            <column name="TENANT_ID"/>
            <column name="LANGUAGE"/>
        </createIndex>
    </changeSet>
    <changeSet author="vmelandri" id="dospp-ephemeral-pssgnew-schema-97">
        <createIndex indexName="TYPE" tableName="EMAIL_TEMPLATE" unique="false">
            <column name="TENANT_ID"/>
            <column name="TYPE"/>
        </createIndex>
    </changeSet>
    <changeSet author="vmelandri" id="dospp-ephemeral-pssgnew-schema-98">
        <createIndex indexName="UK_TOKEN" tableName="PASSWORD_RESET_TOKEN" unique="true">
            <column name="TENANT_ID"/>
            <column name="TOKEN"/>
        </createIndex>
    </changeSet>
    <changeSet author="vmelandri" id="dospp-ephemeral-pssgnew-schema-99">
        <createIndex indexName="USER_X_TENANT" tableName="TOKEN" unique="true">
            <column name="TENANT_ID"/>
            <column name="USERNAME"/>
            <column name="TOKEN_EXPIRY"/>
        </createIndex>
    </changeSet>
    <changeSet author="vmelandri" id="dospp-ephemeral-pssgnew-schema-100">
        <createIndex indexName="TOKEN_X_TENANT" tableName="TOKEN" unique="true">
            <column name="TENANT_ID"/>
            <column name="TOKEN"/>
            <column name="TOKEN_EXPIRY"/>
        </createIndex>
    </changeSet>

<!--
    <changeSet author="vmelandri" id="dospp-ephemeral-pssgnew-schema-99">
        <createView viewName="ACCOUNT_PLAN_API_XREF_VIEW">select `API`.`TENANT_ID` AS `TENANT_ID`,`ACCOUNT_PLAN_API_XREF`.`UUID` AS `UUID`,`ACCOUNT_PLAN_API_XREF`.`ACCOUNT_PLAN_UUID` AS `ACCOUNT_PLAN_UUID`,`ACCOUNT_PLAN_API_XREF`.`API_UUID` AS `API_UUID`,`API`.`NAME` AS `NAME`,`API`.`DESCRIPTION` AS `DESCRIPTION`,`API`.`PORTAL_STATUS` AS `PORTAL_STATUS`,`API`.`SSG_URL` AS `SSG_URL` from (`ACCOUNT_PLAN_API_XREF` left join `API` on(((`ACCOUNT_PLAN_API_XREF`.`API_UUID` = `API`.`UUID`) and (`ACCOUNT_PLAN_API_XREF`.`TENANT_ID` = `ACCOUNT_PLAN_API_XREF`.`TENANT_ID`))))</createView>
    </changeSet>
    <changeSet author="vmelandri" id="dospp-ephemeral-pssgnew-schema-100">
        <createView viewName="ACCOUNT_PLAN_VIEW">select `ACCOUNT_PLAN`.`TENANT_ID` AS `TENANT_ID`,`ACCOUNT_PLAN`.`UUID` AS `UUID`,`ACCOUNT_PLAN`.`NAME` AS `NAME`,`ACCOUNT_PLAN`.`DESCRIPTION` AS `DESCRIPTION`,`ACCOUNT_PLAN`.`QUOTA` AS `QUOTA`,`ACCOUNT_PLAN`.`QUOTA_INTERVAL` AS `QUOTA_INTERVAL`,`ACCOUNT_PLAN`.`RATE_LIMIT` AS `RATE_LIMIT`,`ACCOUNT_PLAN`.`DEFAULT_PLAN` AS `DEFAULT_PLAN`,`ACCOUNT_PLAN`.`TRANSACTION_PHASE` AS `TRANSACTION_PHASE`,`ACCOUNT_PLAN`.`CREATE_TS` AS `CREATE_TS`,`ACCOUNT_PLAN`.`MODIFY_TS` AS `MODIFY_TS`,`ACCOUNT_PLAN`.`CREATED_BY` AS `CREATED_BY`,`ACCOUNT_PLAN`.`MODIFIED_BY` AS `MODIFIED_BY`,count(distinct `ORGANIZATION`.`UUID`) AS `ORGANIZATION_USAGE` from (`ACCOUNT_PLAN` left join `ORGANIZATION` on(((`ACCOUNT_PLAN`.`TENANT_ID` = `ORGANIZATION`.`TENANT_ID`) and (`ACCOUNT_PLAN`.`UUID` = `ORGANIZATION`.`ACCOUNT_PLAN_UUID`) and (`ORGANIZATION`.`STATUS` = 'ENABLED')))) group by `ACCOUNT_PLAN`.`TENANT_ID`,`ACCOUNT_PLAN`.`UUID`</createView>
    </changeSet>
    <changeSet author="vmelandri" id="dospp-ephemeral-pssgnew-schema-101">
        <createView viewName="API_CATALOG_VIEW">select `API`.`TENANT_ID` AS `TENANT_ID`,`API`.`UUID` AS `UUID`,`API`.`NAME` AS `NAME`,`API`.`DESCRIPTION` AS `DESCRIPTION`,`API`.`ACCESS_STATUS` AS `ACCESS_STATUS`,`API`.`API_EULA_UUID` AS `API_EULA_UUID`,`API`.`PORTAL_STATUS` AS `PORTAL_STATUS`,`API`.`SPEC_FILENAME` AS `SPEC_FILENAME`,`API`.`SPEC_FILESIZE` AS `SPEC_FILESIZE`,`API`.`SSG_URL` AS `SSG_URL`,`API`.`VERSION` AS `VERSION`,((unix_timestamp() * 1000) - `API`.`MODIFY_VERSION_TS`) AS `MS_SINCE_VERSIONED`,((unix_timestamp() * 1000) - `API`.`PUBLISHED_TS`) AS `MS_SINCE_PUBLISHED`,`API`.`AUTHENTICATION_TYPE` AS `AUTHENTICATION_TYPE`,`API`.`AUTHENTICATION_PARAMETERS` AS `AUTHENTICATION_PARAMETERS`,`ORGANIZATION`.`UUID` AS `ORGANIZATION_UUID`,(select count(`APPLICATION`.`UUID`) from (`APPLICATION_API_XREF` join `APPLICATION` on((`APPLICATION_API_XREF`.`TENANT_ID` = `APPLICATION`.`TENANT_ID`))) where ((`APPLICATION_API_XREF`.`API_UUID` = `API`.`UUID`) and (`APPLICATION_API_XREF`.`APPLICATION_UUID` = `APPLICATION`.`UUID`) and (`APPLICATION`.`STATUS` in ('ENABLED','DISABLED','EDIT_APPLICATION_PENDING_APPROVAL')))) AS `APPLICATION_USAGE` from ((`API` join `ACCOUNT_PLAN_API_XREF` on(((`API`.`UUID` = `ACCOUNT_PLAN_API_XREF`.`API_UUID`) and (`API`.`TENANT_ID` = `ACCOUNT_PLAN_API_XREF`.`TENANT_ID`)))) join `ORGANIZATION` on(((`ACCOUNT_PLAN_API_XREF`.`ACCOUNT_PLAN_UUID` = `ORGANIZATION`.`ACCOUNT_PLAN_UUID`) and (`ACCOUNT_PLAN_API_XREF`.`TENANT_ID` = `ORGANIZATION`.`TENANT_ID`)))) group by `API`.`UUID`,`ORGANIZATION`.`UUID` union select `API`.`TENANT_ID` AS `TENANT_ID`,`API`.`UUID` AS `UUID`,`API`.`NAME` AS `NAME`,`API`.`DESCRIPTION` AS `DESCRIPTION`,`API`.`ACCESS_STATUS` AS `ACCESS_STATUS`,`API`.`API_EULA_UUID` AS `API_EULA_UUID`,`API`.`PORTAL_STATUS` AS `PORTAL_STATUS`,`API`.`SPEC_FILENAME` AS `SPEC_FILENAME`,`API`.`SPEC_FILESIZE` AS `SPEC_FILESIZE`,`API`.`SSG_URL` AS `SSG_URL`,`API`.`VERSION` AS `VERSION`,((unix_timestamp() * 1000) - `API`.`MODIFY_VERSION_TS`) AS `MS_SINCE_VERSIONED`,((unix_timestamp() * 1000) - `API`.`PUBLISHED_TS`) AS `MS_SINCE_PUBLISHED`,`API`.`AUTHENTICATION_TYPE` AS `AUTHENTICATION_TYPE`,`API`.`AUTHENTICATION_PARAMETERS` AS `AUTHENTICATION_PARAMETERS`,'' AS `ORGANIZATION_UUID`,(select count(`APPLICATION`.`UUID`) from (`APPLICATION_API_XREF` join `APPLICATION` on((`APPLICATION_API_XREF`.`TENANT_ID` = `APPLICATION`.`TENANT_ID`))) where ((`APPLICATION_API_XREF`.`API_UUID` = `API`.`UUID`) and (`APPLICATION_API_XREF`.`APPLICATION_UUID` = `APPLICATION`.`UUID`) and (`APPLICATION`.`STATUS` in ('ENABLED','DISABLED','EDIT_APPLICATION_PENDING_APPROVAL')))) AS `APPLICATION_USAGE` from `API` group by `API`.`TENANT_ID`,`API`.`UUID`</createView>
    </changeSet>
    <changeSet author="vmelandri" id="dospp-ephemeral-pssgnew-schema-102">
        <createView viewName="API_EULA_VIEW">select `API_EULA`.`TENANT_ID` AS `TENANT_ID`,`API_EULA`.`UUID` AS `UUID`,`API_EULA`.`NAME` AS `NAME`,`API_EULA`.`CONTENT` AS `CONTENT`,`API_EULA`.`CREATE_TS` AS `CREATE_TS`,`API_EULA`.`MODIFY_TS` AS `MODIFY_TS`,`API_EULA`.`CREATED_BY` AS `CREATED_BY`,`API_EULA`.`MODIFIED_BY` AS `MODIFIED_BY`,count(distinct `API`.`UUID`) AS `API_USAGE`,count(distinct `APPLICATION_API_XREF`.`APPLICATION_UUID`) AS `APPLICATION_USAGE` from ((`API_EULA` left join `API` on(((`API_EULA`.`UUID` = `API`.`API_EULA_UUID`) and (`API_EULA`.`TENANT_ID` = `API`.`TENANT_ID`)))) left join `APPLICATION_API_XREF` on(((`API`.`UUID` = `APPLICATION_API_XREF`.`API_UUID`) and (`API`.`TENANT_ID` = `APPLICATION_API_XREF`.`TENANT_ID`)))) group by `API_EULA`.`TENANT_ID`,`API_EULA`.`UUID`</createView>
    </changeSet>
    <changeSet author="vmelandri" id="dospp-ephemeral-pssgnew-schema-103">
        <createView viewName="API_EXTENDED_VIEW">select `AV`.`TENANT_ID` AS `TENANT_ID`,`AV`.`UUID` AS `UUID`,`AV`.`NAME` AS `NAME`,`AV`.`DESCRIPTION` AS `DESCRIPTION`,`AV`.`PRIVATE_DESCRIPTION` AS `PRIVATE_DESCRIPTION`,`AV`.`PORTAL_STATUS` AS `PORTAL_STATUS`,`AV`.`ACCESS_STATUS` AS `ACCESS_STATUS`,`AV`.`PUBLISHED_BY_PORTAL` AS `PUBLISHED_BY_PORTAL`,`AV`.`API_EULA_UUID` AS `API_EULA_UUID`,`AV`.`VERSION` AS `VERSION`,`AV`.`SSG_SERVICE_TYPE` AS `SSG_SERVICE_TYPE`,`AV`.`SSG_URL` AS `SSG_URL`,`AV`.`POLICY_TEMPLATE_UUID` AS `POLICY_TEMPLATE_UUID`,`AV`.`SPEC_FILENAME` AS `SPEC_FILENAME`,`AV`.`SPEC_FILESIZE` AS `SPEC_FILESIZE`,`AV`.`TRANSACTION_PHASE` AS `TRANSACTION_PHASE`,`AV`.`CREATE_TS` AS `CREATE_TS`,`AV`.`MODIFY_TS` AS `MODIFY_TS`,`AV`.`CREATED_BY` AS `CREATED_BY`,`AV`.`MODIFIED_BY` AS `MODIFIED_BY`,`AV`.`PUBLISHED_TS` AS `PUBLISHED_TS`,`AV`.`APPLICATION_USAGE` AS `APPLICATION_USAGE`,`AV`.`ORGANIZATION_USAGE` AS `ORGANIZATION_USAGE`,`AV`.`AUTHENTICATION_TYPE` AS `AUTHENTICATION_TYPE`,`AV`.`AUTHENTICATION_PARAMETERS` AS `AUTHENTICATION_PARAMETERS`,`APSV`.`PENDING` AS `PENDING`,`APSV`.`SERVICE_DISRUPTION` AS `SERVICE_DISRUPTION`,`APSV`.`IN_SYNC` AS `IN_SYNC` from (`API_VIEW` `AV` join `API_PROXY_STATE_VIEW` `APSV` on(((`AV`.`UUID` = `APSV`.`UUID`) and (`AV`.`TENANT_ID` = `APSV`.`TENANT_ID`))))</createView>
    </changeSet>
    <changeSet author="vmelandri" id="dospp-ephemeral-pssgnew-schema-104">
        <createView viewName="API_PROXY_STATE_VIEW">select `A`.`TENANT_ID` AS `TENANT_ID`,`A`.`UUID` AS `UUID`,`A`.`NAME` AS `NAME`,(((select count(1) from `TENANT_GATEWAY`) - (select count(1) from `API_TENANT_GATEWAY` `ATG` where (`ATG`.`API_UUID` = `A`.`UUID`))) + (select count(1) from (`API` left join `API_TENANT_GATEWAY` `ATG` on(((`API`.`TENANT_ID` = `ATG`.`TENANT_ID`) and (`API`.`UUID` = `ATG`.`API_UUID`)))) where ((`API`.`UUID` = `A`.`UUID`) and ((`ATG`.`SYNC_TIME` = 0) or (`API`.`MODIFY_TS` &gt; `ATG`.`SYNC_TIME`))))) AS `PENDING`,(select count(1) from (`API` left join `API_TENANT_GATEWAY` `TG` on(((`API`.`TENANT_ID` = `TG`.`TENANT_ID`) and (`API`.`UUID` = `TG`.`API_UUID`)))) where ((`API`.`UUID` = `A`.`UUID`) and (`TG`.`SYNC_TIME` &gt; 0) and (`API`.`MODIFY_TS` &lt;= `TG`.`SYNC_TIME`) and ((`TG`.`SYNC_LOG` is not null) or (`TG`.`SSG_STATUS` = 'DELETED') or ((`API`.`PORTAL_STATUS` &lt;&gt; 'DISABLED') and (`TG`.`SSG_STATUS` &lt;&gt; 'ENABLED'))))) AS `SERVICE_DISRUPTION`,(select count(1) from (`API` left join `API_TENANT_GATEWAY` `TG` on(((`API`.`TENANT_ID` = `TG`.`TENANT_ID`) and (`API`.`UUID` = `TG`.`API_UUID`)))) where ((`API`.`UUID` = `A`.`UUID`) and (`TG`.`SYNC_TIME` &gt; 0) and (`API`.`MODIFY_TS` &lt;= `TG`.`SYNC_TIME`) and isnull(`TG`.`SYNC_LOG`) and ((`API`.`PORTAL_STATUS` = `TG`.`SSG_STATUS`) or ((`API`.`PORTAL_STATUS` &lt;&gt; 'DISABLED') and (`TG`.`SSG_STATUS` = 'ENABLED'))))) AS `IN_SYNC` from `API` `A`</createView>
    </changeSet>
    <changeSet author="vmelandri" id="dospp-ephemeral-pssgnew-schema-105">
        <createView viewName="API_SPEC_VIEW">select `API`.`TENANT_ID` AS `TENANT_ID`,`API`.`UUID` AS `UUID`,`API`.`NAME` AS `NAME`,`API`.`SPEC_FILENAME` AS `SPEC_FILENAME`,`API`.`SPEC_FILESIZE` AS `SPEC_FILESIZE`,`API`.`SPEC_CONTENT` AS `SPEC_CONTENT` from `API`</createView>
    </changeSet>
    <changeSet author="vmelandri" id="dospp-ephemeral-pssgnew-schema-106">
        <createView viewName="API_VIEW">select `API`.`TENANT_ID` AS `TENANT_ID`,`API`.`UUID` AS `UUID`,`API`.`NAME` AS `NAME`,`API`.`DESCRIPTION` AS `DESCRIPTION`,`API`.`PRIVATE_DESCRIPTION` AS `PRIVATE_DESCRIPTION`,`API`.`PORTAL_STATUS` AS `PORTAL_STATUS`,`API`.`ACCESS_STATUS` AS `ACCESS_STATUS`,`API`.`PUBLISHED_BY_PORTAL` AS `PUBLISHED_BY_PORTAL`,`API`.`API_EULA_UUID` AS `API_EULA_UUID`,`API`.`VERSION` AS `VERSION`,`API_TENANT_GATEWAY`.`SSG_SERVICE_TYPE` AS `SSG_SERVICE_TYPE`,`API`.`SSG_URL` AS `SSG_URL`,`API`.`POLICY_TEMPLATE_UUID` AS `POLICY_TEMPLATE_UUID`,`API`.`SPEC_FILENAME` AS `SPEC_FILENAME`,`API`.`SPEC_FILESIZE` AS `SPEC_FILESIZE`,`API`.`TRANSACTION_PHASE` AS `TRANSACTION_PHASE`,`API`.`CREATE_TS` AS `CREATE_TS`,`API`.`MODIFY_TS` AS `MODIFY_TS`,`API`.`CREATED_BY` AS `CREATED_BY`,`API`.`MODIFIED_BY` AS `MODIFIED_BY`,`API`.`PUBLISHED_TS` AS `PUBLISHED_TS`,count(distinct `APPLICATION`.`UUID`) AS `APPLICATION_USAGE`,count(distinct `APPLICATION`.`ORGANIZATION_UUID`) AS `ORGANIZATION_USAGE`,`API`.`AUTHENTICATION_TYPE` AS `AUTHENTICATION_TYPE`,`API`.`AUTHENTICATION_PARAMETERS` AS `AUTHENTICATION_PARAMETERS` from (((`API` left join `API_TENANT_GATEWAY` on(((`API`.`UUID` = `API_TENANT_GATEWAY`.`API_UUID`) and (`API`.`TENANT_ID` = `API_TENANT_GATEWAY`.`TENANT_ID`)))) left join `APPLICATION_API_XREF` on(((`API`.`UUID` = `APPLICATION_API_XREF`.`API_UUID`) and (`API`.`TENANT_ID` = `APPLICATION_API_XREF`.`TENANT_ID`)))) left join `APPLICATION` on(((`APPLICATION_API_XREF`.`TENANT_ID` = `APPLICATION`.`TENANT_ID`) and (`APPLICATION_API_XREF`.`APPLICATION_UUID` = `APPLICATION`.`UUID`) and (`APPLICATION`.`STATUS` in ('ENABLED','DISABLED','EDIT_APPLICATION_PENDING_APPROVAL'))))) group by `API`.`TENANT_ID`,`API`.`UUID`</createView>
    </changeSet>
    <changeSet author="vmelandri" id="dospp-ephemeral-pssgnew-schema-107">
        <createView viewName="APPLICATION_API_XREF_VIEW">select `APPLICATION_API_XREF`.`TENANT_ID` AS `TENANT_ID`,`APPLICATION_API_XREF`.`UUID` AS `UUID`,`APPLICATION_API_XREF`.`APPLICATION_UUID` AS `APPLICATION_UUID`,`APPLICATION_API_XREF`.`API_UUID` AS `API_UUID`,`API`.`NAME` AS `NAME`,`API`.`DESCRIPTION` AS `DESCRIPTION`,`API`.`PORTAL_STATUS` AS `PORTAL_STATUS`,`API`.`SSG_URL` AS `SSG_URL`,`API`.`VERSION` AS `VERSION` from (`APPLICATION_API_XREF` left join `API` on(((`APPLICATION_API_XREF`.`TENANT_ID` = `API`.`TENANT_ID`) and (`APPLICATION_API_XREF`.`API_UUID` = `API`.`UUID`))))</createView>
    </changeSet>
    <changeSet author="vmelandri" id="dospp-ephemeral-pssgnew-schema-108">
        <createView viewName="APPLICATION_BY_API_VIEW">select `APPLICATION`.`TENANT_ID` AS `TENANT_ID`,`APPLICATION`.`UUID` AS `UUID`,`APPLICATION`.`NAME` AS `NAME`,`APPLICATION`.`API_KEY` AS `API_KEY`,`APPLICATION`.`KEY_SECRET` AS `KEY_SECRET`,`APPLICATION`.`DESCRIPTION` AS `DESCRIPTION`,`APPLICATION`.`STATUS` AS `STATUS`,`APPLICATION`.`ORGANIZATION_UUID` AS `ORGANIZATION_UUID`,`APPLICATION`.`OAUTH_CALLBACK_URL` AS `OAUTH_CALLBACK_URL`,`APPLICATION`.`OAUTH_SCOPE` AS `OAUTH_SCOPE`,`APPLICATION`.`OAUTH_TYPE` AS `OAUTH_TYPE`,`APPLICATION`.`DISABLED_BY_TYPE` AS `DISABLED_BY_TYPE`,`APPLICATION`.`TRANSACTION_PHASE` AS `TRANSACTION_PHASE`,`APPLICATION`.`CREATE_TS` AS `CREATE_TS`,`APPLICATION`.`MODIFY_TS` AS `MODIFY_TS`,`APPLICATION`.`CREATED_BY` AS `CREATED_BY`,`APPLICATION`.`MODIFIED_BY` AS `MODIFIED_BY`,`ORGANIZATION`.`NAME` AS `ORGANIZATION_NAME`,`APPLICATION_API_XREF`.`API_UUID` AS `API_UUID`,`API`.`ACCESS_STATUS` AS `ACCESS_STATUS` from (((`APPLICATION` left join `ORGANIZATION` on(((`APPLICATION`.`TENANT_ID` = `ORGANIZATION`.`TENANT_ID`) and (`APPLICATION`.`ORGANIZATION_UUID` = `ORGANIZATION`.`UUID`)))) left join `APPLICATION_API_XREF` on(((`APPLICATION_API_XREF`.`TENANT_ID` = `APPLICATION`.`TENANT_ID`) and (`APPLICATION_API_XREF`.`APPLICATION_UUID` = `APPLICATION`.`UUID`)))) left join `API` on(((`APPLICATION_API_XREF`.`TENANT_ID` = `API`.`TENANT_ID`) and (`APPLICATION_API_XREF`.`API_UUID` = `API`.`UUID`)))) where (`APPLICATION`.`TRANSACTION_PHASE` in ('COMMIT_ADD','COMMIT_EDIT'))</createView>
    </changeSet>
    <changeSet author="vmelandri" id="dospp-ephemeral-pssgnew-schema-109">
        <createView viewName="APPLICATION_VIEW">select `APPLICATION`.`TENANT_ID` AS `TENANT_ID`,`APPLICATION`.`UUID` AS `UUID`,`APPLICATION`.`NAME` AS `NAME`,`APPLICATION`.`API_KEY` AS `API_KEY`,`APPLICATION`.`KEY_SECRET` AS `KEY_SECRET`,`APPLICATION`.`DESCRIPTION` AS `DESCRIPTION`,`APPLICATION`.`STATUS` AS `STATUS`,`APPLICATION`.`ORGANIZATION_UUID` AS `ORGANIZATION_UUID`,`APPLICATION`.`OAUTH_CALLBACK_URL` AS `OAUTH_CALLBACK_URL`,`APPLICATION`.`OAUTH_SCOPE` AS `OAUTH_SCOPE`,`APPLICATION`.`OAUTH_TYPE` AS `OAUTH_TYPE`,`APPLICATION`.`DISABLED_BY_TYPE` AS `DISABLED_BY_TYPE`,`APPLICATION`.`TRANSACTION_PHASE` AS `TRANSACTION_PHASE`,`APPLICATION`.`CREATE_TS` AS `CREATE_TS`,`APPLICATION`.`MODIFY_TS` AS `MODIFY_TS`,`APPLICATION`.`CREATED_BY` AS `CREATED_BY`,`APPLICATION`.`MODIFIED_BY` AS `MODIFIED_BY`,`APPLICATION`.`MAG_MASTER_KEY` AS `MAG_MASTER_KEY`,`APPLICATION`.`MAG_SCOPE` AS `MAG_SCOPE`,`ORGANIZATION`.`NAME` AS `ORGANIZATION_NAME` from (`APPLICATION` left join `ORGANIZATION` on(((`APPLICATION`.`TENANT_ID` = `ORGANIZATION`.`TENANT_ID`) and (`APPLICATION`.`ORGANIZATION_UUID` = `ORGANIZATION`.`UUID`)))) where (`APPLICATION`.`TRANSACTION_PHASE` in ('COMMIT_ADD','COMMIT_EDIT','COMMIT_GATEWAY_EDIT'))</createView>
    </changeSet>
    <changeSet author="vmelandri" id="dospp-ephemeral-pssgnew-schema-110">
        <createView viewName="CUSTOM_FIELD_VALUE_VIEW">select `APP`.`TENANT_ID` AS `TENANT_ID`,coalesce(`CFV`.`UUID`,0) AS `UUID`,`CF`.`UUID` AS `CUSTOM_FIELD_UUID`,`APP`.`UUID` AS `ENTITY_UUID`,`CFV`.`VALUE` AS `VALUE`,`CF`.`NAME` AS `NAME`,`CF`.`STATUS` AS `STATUS`,`CF`.`REQUIRED` AS `REQUIRED`,`CF`.`TYPE` AS `TYPE`,`CF`.`OPTIONS` AS `OPTIONS`,`CF`.`MODIFIED_BY` AS `MODIFIED_BY` from ((`APPLICATION` `APP` join `CUSTOM_FIELD` `CF` on(((`APP`.`TENANT_ID` = `CF`.`TENANT_ID`) and (`CF`.`ENTITY_TYPE` = 'APPLICATION')))) left join `CUSTOM_FIELD_VALUE` `CFV` on(((`APP`.`TENANT_ID` = `CFV`.`TENANT_ID`) and (`CFV`.`ENTITY_UUID` = `APP`.`UUID`) and (`CFV`.`CUSTOM_FIELD_UUID` = `CF`.`UUID`)))) union select `API`.`TENANT_ID` AS `TENANT_ID`,coalesce(`CFV`.`UUID`,0) AS `UUID`,`CF`.`UUID` AS `CUSTOM_FIELD_UUID`,`API`.`UUID` AS `ENTITY_UUID`,`CFV`.`VALUE` AS `VALUE`,`CF`.`NAME` AS `NAME`,`CF`.`STATUS` AS `STATUS`,`CF`.`REQUIRED` AS `REQUIRED`,`CF`.`TYPE` AS `TYPE`,`CF`.`OPTIONS` AS `OPTIONS`,`CF`.`MODIFIED_BY` AS `MODIFIED_BY` from ((`API` join `CUSTOM_FIELD` `CF` on(((`API`.`TENANT_ID` = `CF`.`TENANT_ID`) and (`CF`.`ENTITY_TYPE` = 'API')))) left join `CUSTOM_FIELD_VALUE` `CFV` on(((`API`.`TENANT_ID` = `CFV`.`TENANT_ID`) and (`CFV`.`ENTITY_UUID` = `API`.`UUID`) and (`CFV`.`CUSTOM_FIELD_UUID` = `CF`.`UUID`))))</createView>
    </changeSet>
    <changeSet author="vmelandri" id="dospp-ephemeral-pssgnew-schema-111">
        <createView viewName="ORGANIZATION_API_VIEW">select `API`.`TENANT_ID` AS `TENANT_ID`,`API`.`UUID` AS `UUID`,`API`.`NAME` AS `NAME`,`API`.`DESCRIPTION` AS `DESCRIPTION`,`API`.`ACCESS_STATUS` AS `ACCESS_STATUS`,`API`.`API_EULA_UUID` AS `API_EULA_UUID`,`API`.`PORTAL_STATUS` AS `PORTAL_STATUS`,`API`.`SPEC_FILENAME` AS `SPEC_FILENAME`,`API`.`SPEC_FILESIZE` AS `SPEC_FILESIZE`,`API`.`SSG_URL` AS `SSG_URL`,`ORGANIZATION`.`UUID` AS `ORGANIZATION_UUID` from ((`API` join `ACCOUNT_PLAN_API_XREF` on(((`API`.`TENANT_ID` = `ACCOUNT_PLAN_API_XREF`.`TENANT_ID`) and (`API`.`UUID` = `ACCOUNT_PLAN_API_XREF`.`API_UUID`)))) join `ORGANIZATION` on(((`ACCOUNT_PLAN_API_XREF`.`TENANT_ID` = `ORGANIZATION`.`TENANT_ID`) and (`ACCOUNT_PLAN_API_XREF`.`ACCOUNT_PLAN_UUID` = `ORGANIZATION`.`ACCOUNT_PLAN_UUID`)))) where ((`API`.`PORTAL_STATUS` = 'ENABLED') and (`API`.`ACCESS_STATUS` = 'PRIVATE')) group by `API`.`TENANT_ID`,`API`.`UUID`,`ORGANIZATION`.`UUID` union select `API`.`TENANT_ID` AS `TENANT_ID`,`API`.`UUID` AS `UUID`,`API`.`NAME` AS `NAME`,`API`.`DESCRIPTION` AS `DESCRIPTION`,`API`.`ACCESS_STATUS` AS `ACCESS_STATUS`,`API`.`API_EULA_UUID` AS `API_EULA_UUID`,`API`.`PORTAL_STATUS` AS `PORTAL_STATUS`,`API`.`SPEC_FILENAME` AS `SPEC_FILENAME`,`API`.`SPEC_FILESIZE` AS `SPEC_FILESIZE`,`API`.`SSG_URL` AS `SSG_URL`,'' AS `ORGANIZATION_UUID` from `API` where ((`API`.`PORTAL_STATUS` = 'ENABLED') and (`API`.`ACCESS_STATUS` = 'PUBLIC')) group by `API`.`TENANT_ID`,`API`.`UUID`</createView>
    </changeSet>
    <changeSet author="vmelandri" id="dospp-ephemeral-pssgnew-schema-112">
        <createView viewName="ORGANIZATION_VIEW">select `ORGANIZATION`.`TENANT_ID` AS `TENANT_ID`,`ORGANIZATION`.`UUID` AS `UUID`,`ORGANIZATION`.`NAME` AS `NAME`,`ORGANIZATION`.`DESCRIPTION` AS `DESCRIPTION`,`ORGANIZATION`.`STATUS` AS `STATUS`,`ORGANIZATION`.`ACCOUNT_PLAN_UUID` AS `ACCOUNT_PLAN_UUID`,`ORGANIZATION`.`CREATE_TS` AS `CREATE_TS`,`ORGANIZATION`.`MODIFY_TS` AS `MODIFY_TS`,`ORGANIZATION`.`CREATED_BY` AS `CREATED_BY`,`ORGANIZATION`.`MODIFIED_BY` AS `MODIFIED_BY`,`ACCOUNT_PLAN`.`NAME` AS `ACCOUNT_PLAN_NAME`,count(distinct `USER`.`UUID`) AS `USER_USAGE`,count(distinct `APPLICATION`.`UUID`) AS `APPLICATION_USAGE`,count(distinct `ACCOUNT_PLAN_API_XREF`.`API_UUID`) AS `PRIVATE_API_USAGE`,count(distinct `APP_API_PRIVATE`.`UUID`) AS `PRIVATE_APP_USAGE` from (((((((`ORGANIZATION` left join `ACCOUNT_PLAN` on(((`ORGANIZATION`.`TENANT_ID` = `ACCOUNT_PLAN`.`TENANT_ID`) and (`ORGANIZATION`.`ACCOUNT_PLAN_UUID` = `ACCOUNT_PLAN`.`UUID`)))) left join `ACCOUNT_PLAN_API_XREF` on(((`ACCOUNT_PLAN`.`TENANT_ID` = `ACCOUNT_PLAN_API_XREF`.`TENANT_ID`) and (`ACCOUNT_PLAN`.`UUID` = `ACCOUNT_PLAN_API_XREF`.`ACCOUNT_PLAN_UUID`)))) left join `USER` on(((`ORGANIZATION`.`TENANT_ID` = `USER`.`TENANT_ID`) and (`ORGANIZATION`.`UUID` = `USER`.`ORGANIZATION_UUID`)))) left join `APPLICATION` on(((`ORGANIZATION`.`TENANT_ID` = `APPLICATION`.`TENANT_ID`) and (`ORGANIZATION`.`UUID` = `APPLICATION`.`ORGANIZATION_UUID`)))) left join `APPLICATION` `APP_PRIVATE` on(((`ORGANIZATION`.`TENANT_ID` = `APP_PRIVATE`.`TENANT_ID`) and (`ORGANIZATION`.`UUID` = `APP_PRIVATE`.`ORGANIZATION_UUID`)))) left join `APPLICATION_API_XREF` on(((`APP_PRIVATE`.`TENANT_ID` = `APPLICATION_API_XREF`.`TENANT_ID`) and (`APP_PRIVATE`.`UUID` = `APPLICATION_API_XREF`.`APPLICATION_UUID`)))) left join `API` `APP_API_PRIVATE` on(((`APP_API_PRIVATE`.`TENANT_ID` = `APPLICATION_API_XREF`.`TENANT_ID`) and (`APP_API_PRIVATE`.`UUID` = `APPLICATION_API_XREF`.`API_UUID`) and (`APP_API_PRIVATE`.`ACCESS_STATUS` = 'PRIVATE')))) group by `ORGANIZATION`.`TENANT_ID`,`ORGANIZATION`.`UUID`</createView>
    </changeSet>
    <changeSet author="vmelandri" id="dospp-ephemeral-pssgnew-schema-113">
        <createView viewName="REGISTRATION_REQUEST_VIEW">select `REQUEST`.`TENANT_ID` AS `TENANT_ID`,`REQUEST`.`UUID` AS `UUID`,`USER`.`EMAIL` AS `EMAIL`,`REQUEST`.`CREATE_TS` AS `CREATE_TS`,`ORGANIZATION`.`NAME` AS `ORGANIZATION_NAME`,`ORGANIZATION`.`DESCRIPTION` AS `ORGANIZATION_DESCRIPTION`,`ACCOUNT_PLAN`.`NAME` AS `ACCOUNT_PLAN_NAME` from (((`REQUEST` left join `USER` on(((`REQUEST`.`TENANT_ID` = `USER`.`TENANT_ID`) and (`REQUEST`.`ENTITY_UUID` = `USER`.`UUID`)))) left join `ORGANIZATION` on(((`USER`.`TENANT_ID` = `ORGANIZATION`.`TENANT_ID`) and (`USER`.`ORGANIZATION_UUID` = `ORGANIZATION`.`UUID`)))) left join `ACCOUNT_PLAN` on(((`ORGANIZATION`.`TENANT_ID` = `ACCOUNT_PLAN`.`TENANT_ID`) and (`ORGANIZATION`.`ACCOUNT_PLAN_UUID` = `ACCOUNT_PLAN`.`UUID`))))</createView>
    </changeSet>
    <changeSet author="vmelandri" id="dospp-ephemeral-pssgnew-schema-114">
        <createView viewName="REQUEST_VIEW">select `REQUEST`.`TENANT_ID` AS `TENANT_ID`,`REQUEST`.`UUID` AS `UUID`,`REQUEST`.`REQUEST_TYPE` AS `REQUEST_TYPE`,`REQUEST`.`ENTITY_UUID` AS `ENTITY_UUID`,`REQUEST`.`ORGANIZATION_UUID` AS `ORGANIZATION_UUID`,`REQUEST`.`CREATE_TS` AS `CREATE_TS`,`REQUEST`.`MODIFY_TS` AS `MODIFY_TS`,`REQUEST`.`CREATED_BY` AS `CREATED_BY`,`REQUEST`.`MODIFIED_BY` AS `MODIFIED_BY`,`REQUEST`.`REQUEST_STATUS` AS `REQUEST_STATUS`,`REQUEST`.`REASON` AS `REASON`,`REQUEST`.`USER_UUID` AS `USER_UUID`,`REQUEST`.`PAYLOAD` AS `PAYLOAD`,`REQUEST`.`PREVIOUS_STATE` AS `PREVIOUS_STATE`,`ORGANIZATION`.`NAME` AS `ORGANIZATION_NAME` from (`REQUEST` left join `ORGANIZATION` on(((`REQUEST`.`TENANT_ID` = `ORGANIZATION`.`TENANT_ID`) and (`REQUEST`.`ORGANIZATION_UUID` = `ORGANIZATION`.`UUID`))))</createView>
    </changeSet>
    <changeSet author="vmelandri" id="dospp-ephemeral-pssgnew-schema-115">
        <createView viewName="SOLR_API_VIEW">select `API`.`TENANT_ID` AS `TENANT_ID`,`API`.`UUID` AS `UUID`,`API`.`NAME` AS `NAME`,`API`.`DESCRIPTION` AS `DESCRIPTION`,`API`.`ACCESS_STATUS` AS `ACCESS_STATUS`,(select group_concat(`SOLR_API_VIEW_API_WITH_ORGS`.`ORGS` separator ',') from `SOLR_API_VIEW_API_WITH_ORGS` where ((`API`.`TENANT_ID` = `SOLR_API_VIEW_API_WITH_ORGS`.`TENANT_ID`) and (`API`.`UUID` = `SOLR_API_VIEW_API_WITH_ORGS`.`API_UUID`))) AS `ORGS`,'API' AS `TYPE`,(case when (`API`.`MODIFY_TS` = 0) then `API`.`CREATE_TS` else `API`.`MODIFY_TS` end) AS `MODIFY_TS` from `API` where (`API`.`PORTAL_STATUS` &lt;&gt; 'NEW')</createView>
    </changeSet>
    <changeSet author="vmelandri" id="dospp-ephemeral-pssgnew-schema-116">
        <createView viewName="SOLR_API_VIEW_API_WITH_ORGS">select `ACCOUNT_PLAN_API_XREF`.`TENANT_ID` AS `TENANT_ID`,`ACCOUNT_PLAN_API_XREF`.`API_UUID` AS `UUID`,`ACCOUNT_PLAN_API_XREF`.`API_UUID` AS `API_UUID`,`ORGS_GROUPED`.`ORGS` AS `ORGS` from (`ACCOUNT_PLAN_API_XREF` left join `SOLR_API_VIEW_ORGS_BY_ACCOUNTPLAN` `ORGS_GROUPED` on(((`ORGS_GROUPED`.`TENANT_ID` = `ACCOUNT_PLAN_API_XREF`.`TENANT_ID`) and (`ORGS_GROUPED`.`ACCOUNT_PLAN_UUID` = `ACCOUNT_PLAN_API_XREF`.`ACCOUNT_PLAN_UUID`))))</createView>
    </changeSet>
    <changeSet author="vmelandri" id="dospp-ephemeral-pssgnew-schema-117">
        <createView viewName="SOLR_API_VIEW_ORGS_BY_ACCOUNTPLAN">select `ORG`.`TENANT_ID` AS `TENANT_ID`,`ORG`.`ACCOUNT_PLAN_UUID` AS `UUID`,`ORG`.`ACCOUNT_PLAN_UUID` AS `ACCOUNT_PLAN_UUID`,group_concat(`ORG`.`UUID` separator ',') AS `ORGS` from `ORGANIZATION` `ORG` group by `ORG`.`TENANT_ID`,`ORG`.`ACCOUNT_PLAN_UUID`</createView>
    </changeSet>
    <changeSet author="vmelandri" id="dospp-ephemeral-pssgnew-schema-118">
        <createView viewName="USER_ROLE_VIEW">select `USER_ROLE`.`TENANT_ID` AS `TENANT_ID`,`USER_ROLE`.`UUID` AS `UUID`,`USER_ROLE`.`NAME` AS `NAME`,`USER_ROLE`.`DESCRIPTION` AS `DESCRIPTION`,`USER_ROLE`.`TYPE` AS `TYPE`,`USER_ROLE`.`ACTIVE` AS `ACTIVE`,`USER_ROLE`.`CREATE_TS` AS `CREATE_TS`,`USER_ROLE`.`MODIFY_TS` AS `MODIFY_TS`,`USER_ROLE`.`CREATED_BY` AS `CREATED_BY`,`USER_ROLE`.`MODIFIED_BY` AS `MODIFIED_BY` from `USER_ROLE` where (`USER_ROLE`.`ACTIVE` = 1)</createView>
    </changeSet>
    <changeSet author="vmelandri" id="dospp-ephemeral-pssgnew-schema-119">
        <createView viewName="USER_VIEW">select `USER`.`TENANT_ID` AS `TENANT_ID`,`USER`.`UUID` AS `UUID`,`USER`.`USERNAME` AS `USERNAME`,`USER`.`PASSWORD_SALT` AS `PASSWORD_SALT`,`USER`.`PASSWORD_HASH` AS `PASSWORD_HASH`,`USER`.`LAST_NAME` AS `LAST_NAME`,`USER`.`FIRST_NAME` AS `FIRST_NAME`,`USER`.`EMAIL` AS `EMAIL`,`USER`.`LOCALE` AS `LOCALE`,`USER`.`ORGANIZATION_UUID` AS `ORGANIZATION_UUID`,`USER`.`STATUS` AS `STATUS`,`USER`.`CREATE_TS` AS `CREATE_TS`,`USER`.`MODIFY_TS` AS `MODIFY_TS`,`USER`.`CREATED_BY` AS `CREATED_BY`,`USER`.`MODIFIED_BY` AS `MODIFIED_BY`,`ORGANIZATION`.`NAME` AS `ORGANIZATION_NAME`,concat(`USER`.`LAST_NAME`,', ',`USER`.`FIRST_NAME`) AS `FULL_NAME`,concat(`USER`.`FIRST_NAME`,' ',`USER`.`LAST_NAME`) AS `FULL_NAME_ALT`,`USER_ROLE`.`UUID` AS `ROLE_UUID`,`USER_ROLE`.`NAME` AS `ROLE_NAME`,`USER_ROLE`.`DESCRIPTION` AS `ROLE_DESCRIPTION`,`USER_ROLE`.`TYPE` AS `ROLE_TYPE` from (((`USER` left join `USER_ROLE_XREF` on(((`USER`.`TENANT_ID` = `USER_ROLE_XREF`.`TENANT_ID`) and (`USER`.`UUID` = `USER_ROLE_XREF`.`USER_UUID`)))) left join `USER_ROLE` on(((`USER_ROLE`.`TENANT_ID` = `USER_ROLE_XREF`.`TENANT_ID`) and (`USER_ROLE`.`UUID` = `USER_ROLE_XREF`.`ROLE_UUID`)))) left join `ORGANIZATION` on(((`USER`.`TENANT_ID` = `ORGANIZATION`.`TENANT_ID`) and (`USER`.`ORGANIZATION_UUID` = `ORGANIZATION`.`UUID`)))) where ((`USER_ROLE`.`ACTIVE` = 1) and (not(`USER`.`UUID` in (select `USER_ROLE_XREF`.`USER_UUID` AS `UUID` from (`USER_ROLE_XREF` join `USER_ROLE`) where ((`USER_ROLE_XREF`.`ROLE_UUID` = `USER_ROLE`.`UUID`) and (`USER_ROLE`.`ACTIVE` = 0))))))</createView>
    </changeSet>
    -->

</databaseChangeLog>