<?xml version="1.0" encoding="UTF-8" standalone="no"?>
<databaseChangeLog xmlns="http://www.liquibase.org/xml/ns/dbchangelog" xmlns:ext="http://www.liquibase.org/xml/ns/dbchangelog-ext" xmlns:xsi="http://www.w3.org/2001/XMLSchema-instance" xsi:schemaLocation="http://www.liquibase.org/xml/ns/dbchangelog-ext http://www.liquibase.org/xml/ns/dbchangelog/dbchangelog-ext.xsd http://www.liquibase.org/xml/ns/dbchangelog http://www.liquibase.org/xml/ns/dbchangelog/dbchangelog-3.2.xsd">
    <changeSet author="dieke02" id="1499441763673-1">
        <validCheckSum>7:6d65f56960b4ff42eaf4ef2f706e28dc</validCheckSum>
        <preConditions onFail="MARK_RAN">
            <not>
                <changeSetExecuted id="otk-4.0.00_tag" author="makhtar" changeLogFile="doesntmatter"/>
            </not>
        </preConditions>
        <createTable tableName="oauth_client">
            <column name="client_ident" type="java.sql.Types.VARCHAR(128)">
                <constraints nullable="false"/>
            </column>
            <column name="name" remarks="The associated name of the application using this client_id" type="java.sql.Types.VARCHAR(128)">
                <constraints nullable="false"/>
            </column>
            <column defaultValue="oob" name="type" remarks="used with oauth 2.0" type="java.sql.Types.VARCHAR(128)">
                <constraints nullable="false"/>
            </column>
            <column name="description" type="java.sql.Types.VARCHAR(256)"/>
            <column name="organization" type="java.sql.Types.VARCHAR(128)">
                <constraints nullable="false"/>
            </column>
            <column name="registered_by" type="java.sql.Types.VARCHAR(128)">
                <constraints nullable="false"/>
            </column>
            <column defaultValue="0" name="created" type="java.sql.Types.VARCHAR(32)">
                <constraints nullable="false"/>
            </column>
            <column name="custom" remarks="longtext object containing custom fields" type="TEXT"/>
        </createTable>
    </changeSet>
    <changeSet author="dieke02" id="1499441763673-2">
        <validCheckSum>7:9be1bc8bbeba40063661534a810c5593</validCheckSum>
        <preConditions onFail="MARK_RAN">
            <not>
                <changeSetExecuted id="otk-4.0.00_tag" author="makhtar" changeLogFile="doesntmatter"/>
            </not>
        </preConditions>
        <createTable tableName="oauth_client_key">
            <column name="client_key" remarks="oauth_consumer_key or client_id" type="java.sql.Types.VARCHAR(128)">
                <constraints nullable="false"/>
            </column>
            <column name="secret" remarks="oauth_consumer_key_secret or client_secret" type="java.sql.Types.VARCHAR(128)">
                <constraints nullable="false"/>
            </column>
            <column defaultValue="oob" name="scope" remarks="for oauth2, to be defined by the customer and handled accordingly within the policy" type="java.sql.Types.VARCHAR(512)">
                <constraints nullable="false"/>
            </column>
            <column defaultValue="oob" name="callback" remarks="in oauth2 = redirect_uri, contains one URI" type="java.sql.Types.VARCHAR(2048)">
                <constraints nullable="false"/>
            </column>
            <column defaultValue="ALL" name="environment" remarks="COULD BE SOMETHING LIKE Test, Prod, Integration" type="java.sql.Types.VARCHAR(128)">
                <constraints nullable="false"/>
            </column>
            <column defaultValue="0" name="expiration" remarks="Date until this key is valid" type="java.sql.Types.VARCHAR(32)">
                <constraints nullable="false"/>
            </column>
            <column name="status" remarks="for validation purposes, ENABLED or DISABLED" type="java.sql.Types.VARCHAR(128)">
                <constraints nullable="false"/>
            </column>
            <column defaultValue="0" name="created" type="java.sql.Types.VARCHAR(32)">
                <constraints nullable="false"/>
            </column>
            <column name="created_by" type="java.sql.Types.VARCHAR(128)">
                <constraints nullable="false"/>
            </column>
            <column name="client_ident" remarks="The client that owns this key" type="java.sql.Types.VARCHAR(128)">
                <constraints nullable="false"/>
            </column>
            <column name="client_name" remarks="The name of the client that owns this key. Not normalized for performance." type="java.sql.Types.VARCHAR(128)">
                <constraints nullable="false"/>
            </column>
            <column name="accountplanmappingids" remarks="Account plan associated with the client" type="java.sql.Types.VARCHAR(256)"/>
            <column name="custom" remarks="longtext object containing custom fields" type="TEXT"/>
            <column name="serviceids" remarks="A list of service IDs that the key is authorized for" type="java.sql.Types.VARCHAR(256)"/>
        </createTable>
    </changeSet>
    <changeSet author="dieke02" id="1499441763673-3">
        <validCheckSum>7:1708742b114d17e82e41fc6f36325c42</validCheckSum>
        <preConditions onFail="MARK_RAN">
            <not>
                <changeSetExecuted id="otk-4.0.00_tag" author="makhtar" changeLogFile="doesntmatter"/>
            </not>
        </preConditions>
        <createTable tableName="oauth_id_token">
            <column name="resource_owner" type="java.sql.Types.VARCHAR(128)">
                <constraints nullable="false"/>
            </column>
            <column name="azp" type="java.sql.Types.VARCHAR(128)">
                <constraints nullable="false"/>
            </column>
            <column name="sub" type="java.sql.Types.VARCHAR(128)"/>
            <column name="jwt_id" type="java.sql.Types.VARCHAR(512)"/>
            <column name="jwt" type="TEXT">
                <constraints nullable="false"/>
            </column>
            <column name="salt" type="java.sql.Types.VARCHAR(128)"/>
            <column name="shared_secret" type="java.sql.Types.VARCHAR(128)"/>
            <column name="shared_secret_type" type="java.sql.Types.VARCHAR(128)"/>
            <column name="iss" type="java.sql.Types.VARCHAR(128)">
                <constraints nullable="false"/>
            </column>
            <column name="expiration" remarks="expiration date in seconds" type="java.sql.Types.VARCHAR(32)">
                <constraints nullable="false"/>
            </column>
        </createTable>
    </changeSet>
    <changeSet author="dieke02" id="1499441763673-4">
        <validCheckSum>7:09458782f734261d179c29595afc66d5</validCheckSum>
        <preConditions onFail="MARK_RAN">
            <not>
                <changeSetExecuted id="otk-4.0.00_tag" author="makhtar" changeLogFile="doesntmatter"/>
            </not>
        </preConditions>
        <createTable tableName="oauth_initiate">
            <column name="token" remarks="for oauth 1.0, 2.0" type="java.sql.Types.VARCHAR(128)">
                <constraints nullable="false"/>
            </column>
            <column name="secret" remarks="null for oauth 2.0, it does not provide a secret" type="java.sql.Types.VARCHAR(128)"/>
            <column defaultValue="0" name="expiration" remarks="for oauth 1.0, 2.0, DEFAULT 0 because otherwise timestamp will be set to now() on an update" type="java.sql.Types.VARCHAR(32)">
                <constraints nullable="false"/>
            </column>
            <column name="scope" remarks="for oauth 2.0, the scope granted by the resource owner" type="java.sql.Types.VARCHAR(4096)"/>
            <column name="resource_owner" remarks="the authenticated user that granted the token" type="java.sql.Types.VARCHAR(128)"/>
            <column defaultValue="0" name="created" remarks="the date this token (or these tokens in oauth 2.0) were created" type="java.sql.Types.VARCHAR(32)"/>
            <column name="verifier" remarks="for oauth 1.0" type="java.sql.Types.VARCHAR(128)"/>
            <column name="callback" remarks="for oauth 1.0, 2.0" type="java.sql.Types.VARCHAR(256)"/>
            <column name="client_key" remarks="the client that received this token" type="java.sql.Types.VARCHAR(128)">
                <constraints nullable="false"/>
            </column>
            <column name="client_name" remarks="The name of the client that owns this key. Not normalized for performance." type="java.sql.Types.VARCHAR(128)">
                <constraints nullable="false"/>
            </column>
            <column name="custom" remarks="longtext object containing custom fields" type="TEXT"/>
        </createTable>
    </changeSet>
    <changeSet author="dieke02" id="1499441763673-5">
        <validCheckSum>7:c1f707ec2e63e592e240ba3b9193bea8</validCheckSum>
        <preConditions onFail="MARK_RAN">
            <not>
                <changeSetExecuted id="otk-4.0.00_tag" author="makhtar" changeLogFile="doesntmatter"/>
            </not>
        </preConditions>
        <createTable tableName="oauth_session">
            <column name="session_key" type="java.sql.Types.VARCHAR(128)">
                <constraints nullable="false"/>
            </column>
            <column name="session_group" type="java.sql.Types.VARCHAR(128)">
                <constraints nullable="false"/>
            </column>
            <column name="expiration" type="java.sql.Types.VARCHAR(32)">
                <constraints nullable="false"/>
            </column>
            <column name="value" type="TEXT">
                <constraints nullable="false"/>
            </column>
        </createTable>
    </changeSet>
    <changeSet author="dieke02" id="1499441763673-6">
        <validCheckSum>7:06f6d49ecf6c72ed4bb1b7587d0d38cd</validCheckSum>
        <preConditions onFail="MARK_RAN">
            <not>
                <changeSetExecuted id="otk-4.0.00_tag" author="makhtar" changeLogFile="doesntmatter"/>
            </not>
        </preConditions>
        <createTable tableName="oauth_token">
            <column name="otk_token_id" type="java.sql.Types.VARCHAR(128)">
                <constraints nullable="false"/>
            </column>
            <column name="token" type="java.sql.Types.VARCHAR(128)"/>
            <column name="secret" remarks="null for oauth 2.0, it does not provide a secret" type="java.sql.Types.VARCHAR(128)"/>
            <column name="expiration" type="java.sql.Types.VARCHAR(32)">
                <constraints nullable="false"/>
            </column>
            <column name="scope" remarks="for 0auth 2.0, the scope granted by the resource owner" type="java.sql.Types.VARCHAR(512)"/>
            <column name="resource_owner" remarks="the authenticated user that granted the token" type="java.sql.Types.VARCHAR(128)">
                <constraints nullable="false"/>
            </column>
            <column defaultValue="0" name="created" remarks="the date this token (or these tokens in oauth 2.0) were created" type="java.sql.Types.VARCHAR(32)"/>
            <column name="rtoken" type="java.sql.Types.VARCHAR(128)"/>
            <column defaultValue="0" name="rexpiration" remarks="DEFAULT 0 because otherwise timestamp will be set to now() on an update" type="java.sql.Types.VARCHAR(32)"/>
            <column name="status" remarks="for validation purposes, ENABLED or DISABLED" type="java.sql.Types.VARCHAR(128)">
                <constraints nullable="false"/>
            </column>
            <column name="client_key" remarks="the client_key this token was issued for" type="java.sql.Types.VARCHAR(128)">
                <constraints nullable="false"/>
            </column>
            <column name="client_name" remarks="The name of the client that owns this key. Not normalized for performance." type="java.sql.Types.VARCHAR(128)">
                <constraints nullable="false"/>
            </column>
            <column name="custom" remarks="longtext object containing custom fields" type="TEXT"/>
            <column name="client_ident" type="java.sql.Types.VARCHAR(128)"/>
        </createTable>
    </changeSet>
    <changeSet author="dieke02" id="1499441763673-7">
        <preConditions onFail="MARK_RAN">
            <not>
                <changeSetExecuted id="otk-4.0.00_tag" author="makhtar" changeLogFile="doesntmatter"/>
            </not>
        </preConditions>
        <createTable tableName="otk_version">
            <column name="current_version" type="java.sql.Types.VARCHAR(10)">
                <constraints nullable="false"/>
            </column>
        </createTable>
    </changeSet>
    <changeSet author="dieke02" id="1499441763673-8">
        <validCheckSum>7:48c41471ad43cb039360fbb4d7d6417d</validCheckSum>
        <preConditions onFail="MARK_RAN">
            <not>
                <changeSetExecuted id="otk-4.0.00_tag" author="makhtar" changeLogFile="doesntmatter"/>
            </not>
        </preConditions>
        <createTable tableName="portal_apikey">
            <column name="apikey_pk" remarks="id from JSON Sync message" type="java.sql.Types.VARCHAR(128)">
                <constraints nullable="false"/>
            </column>
            <column name="apikey" remarks="key from JSON Sync message" type="java.sql.Types.VARCHAR(255)">
                <constraints nullable="false"/>
            </column>
            <column name="apikey_secret" remarks="secret from JSON Sync message" type="java.sql.Types.VARCHAR(255)">
                <constraints nullable="false"/>
            </column>
            <column name="status" remarks="status from JSON sync message" type="java.sql.Types.VARCHAR(100)">
                <constraints nullable="false"/>
            </column>
            <column name="organization_id" remarks="organizationId from JSON sync message. Previously this was accountPlanMappingId" type="java.sql.Types.VARCHAR(128)">
                <constraints nullable="false"/>
            </column>
            <column name="organization" remarks="organizationName from JSON sync message" type="java.sql.Types.VARCHAR(255)">
                <constraints nullable="false"/>
            </column>
            <column name="label" remarks="label from JSON sync message" type="java.sql.Types.VARCHAR(255)">
                <constraints nullable="false"/>
            </column>
            <column name="created_by" remarks="createdBy from JSON sync message" type="java.sql.Types.VARCHAR(128)">
                <constraints nullable="false"/>
            </column>
            <column name="modified_by" remarks="modifiedBy from JSON sync message" type="java.sql.Types.VARCHAR(128)">
                <constraints nullable="false"/>
            </column>
            <column name="apis" type="TEXT"/>
            <column name="value_xml" remarks="Contains more or less all values again" type="TEXT">
                <constraints nullable="false"/>
            </column>
            <column name="created" remarks="the date this apikey was created, which is now in the case of it being a new one" type="java.sql.Types.VARCHAR(32)">
                <constraints nullable="false"/>
            </column>
            <column name="updated" remarks="the date this apikey was updated, which is now" type="java.sql.Types.VARCHAR(32)">
                <constraints nullable="false"/>
            </column>
        </createTable>
    </changeSet>
    <changeSet author="dieke02" id="1499441763673-9">
        <preConditions onFail="MARK_RAN">
            <not>
                <changeSetExecuted id="otk-4.0.00_tag" author="makhtar" changeLogFile="doesntmatter"/>
            </not>
        </preConditions>
        <addPrimaryKey columnNames="client_ident" constraintName="pk_oauth_client" tableName="oauth_client"/>
    </changeSet>
    <changeSet author="dieke02" id="1499441763673-10">
        <preConditions onFail="MARK_RAN">
            <not>
                <changeSetExecuted id="otk-4.0.00_tag" author="makhtar" changeLogFile="doesntmatter"/>
            </not>
        </preConditions>
        <addPrimaryKey columnNames="client_key" constraintName="pk_oauth_client_key" tableName="oauth_client_key"/>
    </changeSet>
    <changeSet author="dieke02" id="1499441763673-11">
        <preConditions onFail="MARK_RAN">
            <not>
                <changeSetExecuted id="otk-4.0.00_tag" author="makhtar" changeLogFile="doesntmatter"/>
            </not>
        </preConditions>
        <addPrimaryKey columnNames="resource_owner, azp" constraintName="pk_oauth_id_token" tableName="oauth_id_token"/>
    </changeSet>
    <changeSet author="dieke02" id="1499441763673-12">
        <preConditions onFail="MARK_RAN">
            <not>
                <changeSetExecuted id="otk-4.0.00_tag" author="makhtar" changeLogFile="doesntmatter"/>
            </not>
        </preConditions>
        <addPrimaryKey columnNames="token" constraintName="pk_oauth_initiate" tableName="oauth_initiate"/>
    </changeSet>
    <changeSet author="dieke02" id="1499441763673-13">
        <preConditions onFail="MARK_RAN">
            <not>
                <changeSetExecuted id="otk-4.0.00_tag" author="makhtar" changeLogFile="doesntmatter"/>
            </not>
        </preConditions>
        <addPrimaryKey columnNames="session_key, session_group" constraintName="pk_oauth_session" tableName="oauth_session"/>
    </changeSet>
    <changeSet author="dieke02" id="1499441763673-14">
        <preConditions onFail="MARK_RAN">
            <not>
                <changeSetExecuted id="otk-4.0.00_tag" author="makhtar" changeLogFile="doesntmatter"/>
            </not>
        </preConditions>
        <addPrimaryKey columnNames="otk_token_id" constraintName="pk_oauth_token" tableName="oauth_token"/>
    </changeSet>
    <changeSet author="dieke02" id="1499441763673-15">
        <preConditions onFail="MARK_RAN">
            <not>
                <changeSetExecuted id="otk-4.0.00_tag" author="makhtar" changeLogFile="doesntmatter"/>
            </not>
        </preConditions>
        <addPrimaryKey columnNames="apikey_pk" constraintName="pk_portal_apikey" tableName="portal_apikey"/>
    </changeSet>
    <changeSet author="dieke02" id="1499441763673-16">
        <preConditions onFail="MARK_RAN">
            <not>
                <changeSetExecuted id="otk-4.0.00_tag" author="makhtar" changeLogFile="doesntmatter"/>
            </not>
        </preConditions>
        <addUniqueConstraint columnNames="apikey" constraintName="ux_portal_apikey" deferrable="false" disabled="false" initiallyDeferred="false" tableName="portal_apikey"/>
    </changeSet>
    <changeSet author="dieke02" id="1499441763673-17">
        <preConditions onFail="MARK_RAN">
            <not>
                <changeSetExecuted id="otk-4.0.00_tag" author="makhtar" changeLogFile="doesntmatter"/>
            </not>
        </preConditions>
        <addUniqueConstraint columnNames="rtoken" constraintName="ux_oauth_token_rtoken" deferrable="false" disabled="false" initiallyDeferred="false" tableName="oauth_token"/>
    </changeSet>
    <changeSet author="dieke02" id="1499441763673-18">
        <preConditions onFail="MARK_RAN">
            <not>
                <changeSetExecuted id="otk-4.0.00_tag" author="makhtar" changeLogFile="doesntmatter"/>
            </not>
        </preConditions>
        <addUniqueConstraint columnNames="token" constraintName="ux_oauth_token_token" deferrable="false" disabled="false" initiallyDeferred="false" tableName="oauth_token"/>
    </changeSet>
    <changeSet author="dieke02" id="1499441763673-19">
        <preConditions onFail="MARK_RAN">
            <not>
                <changeSetExecuted id="otk-4.0.00_tag" author="makhtar" changeLogFile="doesntmatter"/>
            </not>
        </preConditions>
        <addUniqueConstraint columnNames="name, organization" constraintName="ux_oauth_client" deferrable="false" disabled="false" initiallyDeferred="false" tableName="oauth_client"/>
    </changeSet>
    <changeSet author="dieke02" id="1499441763673-20">
        <preConditions onFail="MARK_RAN">
            <not>
                <changeSetExecuted id="otk-4.0.00_tag" author="makhtar" changeLogFile="doesntmatter"/>
            </not>
        </preConditions>
        <addForeignKeyConstraint baseColumnNames="client_ident" baseTableName="oauth_client_key" constraintName="ock_fk_clientIdent" deferrable="false" initiallyDeferred="false" onDelete="CASCADE" onUpdate="NO ACTION" referencedColumnNames="client_ident" referencedTableName="oauth_client"/>
    </changeSet>
    <changeSet author="dieke02" id="1499441763673-21">
        <preConditions onFail="MARK_RAN">
            <not>
                <changeSetExecuted id="otk-4.0.00_tag" author="makhtar" changeLogFile="doesntmatter"/>
            </not>
        </preConditions>
        <createIndex indexName="oaidt_idx_azp" tableName="oauth_id_token" unique="false">
            <column name="azp"/>
        </createIndex>
    </changeSet>
    <changeSet author="dieke02" id="1499441763673-22">
        <preConditions onFail="MARK_RAN">
            <not>
                <changeSetExecuted id="otk-4.0.00_tag" author="makhtar" changeLogFile="doesntmatter"/>
            </not>
        </preConditions>
        <createIndex indexName="oaidt_idx_expiration" tableName="oauth_id_token" unique="false">
            <column name="expiration"/>
        </createIndex>
    </changeSet>
    <changeSet author="dieke02" id="1499441763673-23">
        <preConditions onFail="MARK_RAN">
            <not>
                <changeSetExecuted id="otk-4.0.00_tag" author="makhtar" changeLogFile="doesntmatter"/>
            </not>
        </preConditions>
        <createIndex indexName="oat_idx_client" tableName="oauth_token" unique="false">
            <column name="client_key"/>
        </createIndex>
    </changeSet>
    <changeSet author="dieke02" id="1499441763673-24">
        <preConditions onFail="MARK_RAN">
            <not>
                <changeSetExecuted id="otk-4.0.00_tag" author="makhtar" changeLogFile="doesntmatter"/>
            </not>
        </preConditions>
        <createIndex indexName="oat_idx_expiration" tableName="oauth_token" unique="false">
            <column name="expiration"/>
        </createIndex>
    </changeSet>
    <changeSet author="dieke02" id="1499441763673-25">
        <preConditions onFail="MARK_RAN">
            <not>
                <changeSetExecuted id="otk-4.0.00_tag" author="makhtar" changeLogFile="doesntmatter"/>
            </not>
        </preConditions>
        <createIndex indexName="oat_idx_owner_client_ident" tableName="oauth_token" unique="false">
            <column name="resource_owner"/>
            <column name="client_ident"/>
        </createIndex>
    </changeSet>
    <changeSet author="dieke02" id="1499441763673-26">
        <preConditions onFail="MARK_RAN">
            <not>
                <changeSetExecuted id="otk-4.0.00_tag" author="makhtar" changeLogFile="doesntmatter"/>
            </not>
        </preConditions>
        <createIndex indexName="oat_idx_rowner" tableName="oauth_token" unique="false">
            <column name="resource_owner"/>
        </createIndex>
    </changeSet>
    <changeSet author="dieke02" id="1499441763673-27">
        <preConditions onFail="MARK_RAN">
            <not>
                <changeSetExecuted id="otk-4.0.00_tag" author="makhtar" changeLogFile="doesntmatter"/>
            </not>
        </preConditions>
        <createIndex indexName="oat_idx_rowner_client" tableName="oauth_token" unique="false">
            <column name="resource_owner"/>
            <column name="client_key"/>
        </createIndex>
    </changeSet>
    <changeSet author="dieke02" id="1499441763673-28">
        <preConditions onFail="MARK_RAN">
            <not>
                <changeSetExecuted id="otk-4.0.00_tag" author="makhtar" changeLogFile="doesntmatter"/>
            </not>
        </preConditions>
        <createIndex indexName="oc_idx_clientname" tableName="oauth_client" unique="false">
            <column name="name"/>
        </createIndex>
    </changeSet>
    <changeSet author="dieke02" id="1499441787414-1">
        <preConditions onFail="MARK_RAN">
            <not>
                <changeSetExecuted id="otk-4.0.00_tag" author="makhtar" changeLogFile="doesntmatter"/>
            </not>
        </preConditions>
        <insert tableName="oauth_client">
            <column name="client_ident" value="123456800-otk"/>
            <column name="name" value="OpenID Connect Basic Client Profile"/>
            <column name="type" value="confidential"/>
            <column name="description" value="Test for OpenID Connect BCP"/>
            <column name="organization" value="Layer7 Technologies Inc."/>
            <column name="registered_by" value="admin"/>
            <column name="created" valueNumeric="0"/>
            <column name="custom"/>
        </insert>
        <insert tableName="oauth_client">
            <column name="client_ident" value="123456801-otk"/>
            <column name="name" value="OpenID Connect Implicit Client Profile"/>
            <column name="type" value="public"/>
            <column name="description" value="Test for OpenID Connect ICP"/>
            <column name="organization" value="Layer7 Technologies Inc."/>
            <column name="registered_by" value="admin"/>
            <column name="created" valueNumeric="0"/>
            <column name="custom"/>
        </insert>
        <insert tableName="oauth_client">
            <column name="client_ident" value="TestClient1.0"/>
            <column name="name" value="OAuth1Client"/>
            <column name="type" value="oob"/>
            <column name="description" value="OAuth 1.0 test client hosted on the ssg"/>
            <column name="organization" value="Layer7 Technologies Inc."/>
            <column name="registered_by" value="admin"/>
            <column name="created" valueNumeric="0"/>
            <column name="custom"/>
        </insert>
        <insert tableName="oauth_client">
            <column name="client_ident" value="TestClient2.0"/>
            <column name="name" value="OAuth2Client"/>
            <column name="type" value="confidential"/>
            <column name="description" value="OAuth 2.0 test client hosted on the ssg"/>
            <column name="organization" value="Layer7 Technologies Inc."/>
            <column name="registered_by" value="admin"/>
            <column name="created" valueNumeric="0"/>
            <column name="custom"/>
        </insert>
    </changeSet>
    <changeSet author="dieke02" id="1499441787414-2">
        <validCheckSum>7:7316e6f6772a4de245e0d1e74c49ebd4</validCheckSum>
        <preConditions onFail="MARK_RAN">
            <not>
                <changeSetExecuted id="otk-4.0.00_tag" author="makhtar" changeLogFile="doesntmatter"/>
            </not>
        </preConditions>
        <insert tableName="oauth_client_key">
            <column name="client_key" value="54f0c455-4d80-421f-82ca-9194df24859d"/>
            <column name="secret" value="a0f2742f-31c7-436f-9802-b7015b8fd8e6"/>
            <column name="scope" value="oob"/>
            <column name="callback" value="YOUR_SSG/oauth/v2/client/authcode,YOUR_SSG/oauth/v2/client/implicit"/>
            <column name="environment" value="ALL"/>
            <column name="expiration" valueNumeric="0"/>
            <column name="status" value="ENABLED"/>
            <column name="created" valueNumeric="0"/>
            <column name="created_by" value="admin"/>
            <column name="client_ident" value="TestClient2.0"/>
            <column name="client_name" value="OAuth2Client"/>
            <column name="accountplanmappingids"/>
            <column name="custom"/>
            <column name="serviceids"/>
        </insert>
        <insert tableName="oauth_client_key">
            <column name="client_key" value="5edc4a38-75ec-4617-8854-1a71ff1e0a2e"/>
            <column name="secret" value="5005a669-0295-4602-be7d-6a75342db6d8"/>
            <column name="scope" value="openid email profile phone address"/>
            <column name="callback" value="YOUR_SSG/oauth/v2/client/icp?auth=done"/>
            <column name="environment" value="ALL"/>
            <column name="expiration" valueNumeric="0"/>
            <column name="status" value="ENABLED"/>
            <column name="created" valueNumeric="0"/>
            <column name="created_by" value="admin"/>
            <column name="client_ident" value="123456801-otk"/>
            <column name="client_name" value="OpenID Connect Implicit Client Profile"/>
            <column name="accountplanmappingids"/>
            <column name="custom"/>
            <column name="serviceids"/>
        </insert>
        <insert tableName="oauth_client_key">
            <column name="client_key" value="5eed868e-7ad0-4172-88f2-704bcf78b61e"/>
            <column name="secret" value="2054e4d7-77f2-46c9-bc4d-11a47255a6ec"/>
            <column name="scope" value="openid email profile phone address"/>
            <column name="callback" value="YOUR_SSG/oauth/v2/client/bcp?auth=done"/>
            <column name="environment" value="ALL"/>
            <column name="expiration" valueNumeric="0"/>
            <column name="status" value="ENABLED"/>
            <column name="created" valueNumeric="0"/>
            <column name="created_by" value="admin"/>
            <column name="client_ident" value="123456800-otk"/>
            <column name="client_name" value="OpenID Connect Basic Client Profile"/>
            <column name="accountplanmappingids"/>
            <column name="custom"/>
            <column name="serviceids"/>
        </insert>
        <insert tableName="oauth_client_key">
            <column name="client_key" value="acf89db2-994e-427b-ac2c-88e6101f9433"/>
            <column name="secret" value="74d5e0db-cd8b-4d8e-a989-95a0746c3343"/>
            <column name="scope" value="oob"/>
            <column name="callback" value="oob"/>
            <column name="environment" value="ALL"/>
            <column name="expiration" valueNumeric="0"/>
            <column name="status" value="ENABLED"/>
            <column name="created" valueNumeric="0"/>
            <column name="created_by" value="admin"/>
            <column name="client_ident" value="TestClient1.0"/>
            <column name="client_name" value="OAuth1Client"/>
            <column name="accountplanmappingids"/>
            <column name="custom"/>
            <column name="serviceids"/>
        </insert>
    </changeSet>
    <changeSet author="dieke02" id="1499441787414-3">
        <preConditions onFail="MARK_RAN">
            <not>
                <changeSetExecuted id="otk-4.0.00_tag" author="makhtar" changeLogFile="doesntmatter"/>
            </not>
        </preConditions>
        <insert tableName="otk_version">
            <column name="current_version" value="otk4.0.00"/>
        </insert>
    </changeSet>
</databaseChangeLog>
