<?xml version="1.0" encoding="UTF-8"?>
<databaseChangeLog
        xmlns="http://www.liquibase.org/xml/ns/dbchangelog"
        xmlns:xsi="http://www.w3.org/2001/XMLSchema-instance"
        xsi:schemaLocation="http://www.liquibase.org/xml/ns/dbchangelog
                      http://www.liquibase.org/xml/ns/dbchangelog/dbchangelog-3.1.xsd"
        logicalFilePath="doesntmatter">

  <changeSet author="akhmu01" id="portaldb-7_0-sprint1-DDL-tenant-info-multicluster">
    <addColumn tableName="TENANT_INFO">
      <column name="MULTICLUSTER_ENABLED" type="tinyint(1)" defaultValue="1">
        <constraints nullable="false"/>
      </column>
    </addColumn>
    <rollback>
      <dropColumn columnName="MULTICLUSTER_ENABLED" tableName="TENANT_INFO"/>
    </rollback>
  </changeSet>
</databaseChangeLog>