<?xml version="1.0" encoding="UTF-8"?>
<databaseChangeLog
        xmlns="http://www.liquibase.org/xml/ns/dbchangelog"
        xmlns:xsi="http://www.w3.org/2001/XMLSchema-instance"
        xsi:schemaLocation="http://www.liquibase.org/xml/ns/dbchangelog
                      http://www.liquibase.org/xml/ns/dbchangelog/dbchangelog-3.1.xsd"
        logicalFilePath="doesntmatter">

  <changeSet author="makhtar" id="portaldb-7_0-sprint1-DML-update-multicluster-for-saas">
    <comment>Disable Multi-cluster feature bit for SAAS tenants</comment>
    <sql>
      UPDATE TENANT_INFO SET MULTICLUSTER_ENABLED = 0 WHERE TENANT_TYPE = 'SAAS'
    </sql>
    <rollback>
      <sql>
        UPDATE TENANT_INFO SET MULTICLUSTER_ENABLED = 1 WHERE TENANT_TYPE = 'SAAS'
      </sql>
    </rollback>
  </changeSet>
</databaseChangeLog>