<?xml version="1.0" encoding="UTF-8"?> 
<databaseChangeLog
  xmlns="http://www.liquibase.org/xml/ns/dbchangelog"
  xmlns:xsi="http://www.w3.org/2001/XMLSchema-instance"
  xsi:schemaLocation="http://www.liquibase.org/xml/ns/dbchangelog
                      http://www.liquibase.org/xml/ns/dbchangelog/dbchangelog-3.1.xsd"
  logicalFilePath="doesntmatter">
<!--  <changeSet id="portaldb-1_3-sprint05-DML1" author="joe">   
     <insert tableName="AWESOME_TABLE">
      <column name="id" value="id1"/>
      <column name="name" value="joe"/>
    </insert>
     <rollback>
       <delete tableName="AWESOME_TABLE"/>
     </rollback>
     </changeSet>
 -->    
</databaseChangeLog> 
