<?xml version="1.0" encoding="UTF-8"?> 
<databaseChangeLog
  xmlns="http://www.liquibase.org/xml/ns/dbchangelog"
  xmlns:xsi="http://www.w3.org/2001/XMLSchema-instance"
  xsi:schemaLocation="http://www.liquibase.org/xml/ns/dbchangelog
                      http://www.liquibase.org/xml/ns/dbchangelog/dbchangelog-3.1.xsd"
  logicalFilePath="doesntmatter">                      
 <!--  <changeSet id="portaldb-1_3-sprint05-DDL1" author="joe">
     <comment>put lots of comments everywhere, they surely can't hurt</comment>
     <createTable tableName="AWESOME_TABLE">
       <column name="id" type="VARCHAR(25)">
       </column>
        <column name="name" type="VARCHAR(25)">
       </column>
     </createTable>  
     <rollback>
       <dropTable cascadeConstraints="true" tableName="AWESOME_TABLE"/>
     </rollback>
     </changeSet>
  -->    
</databaseChangeLog> 
