<?xml version="1.0" encoding="UTF-8"?>
<databaseChangeLog
        xmlns="http://www.liquibase.org/xml/ns/dbchangelog"
        xmlns:xsi="http://www.w3.org/2001/XMLSchema-instance"
        xsi:schemaLocation="http://www.liquibase.org/xml/ns/dbchangelog
                      http://www.liquibase.org/xml/ns/dbchangelog/dbchangelog-3.1.xsd"
        logicalFilePath="doesntmatter">

  <changeSet author="ilya" id="portaldb-2_1-sprint05_hybrid_sprint1-DDL1">
    <addColumn tableName="TENANT_INFO">
      <column name="HYBRID_STATE" type="tinyint(1)" defaultValue="0">
        <constraints nullable="false"/>
      </column>
    </addColumn>
    <addColumn tableName="TENANT_INFO">
      <column name="SSG_TENANTINFOSVC_URI" type="varchar(255)" defaultValue="null">
        <constraints nullable="true"/>
      </column>
    </addColumn>
    <addColumn tableName="TENANT_INFO">
      <column name="PSSG_PUBLIC_HOST" type="varchar(255)" defaultValue="null">
        <constraints nullable="true"/>
      </column>
    </addColumn>
    <rollback>
      <dropColumn columnName="HYBRID_STATE" tableName="TENANT_INFO"/>
      <dropColumn columnName="SSG_TENANTINFOSVC_URI" tableName="TENANT_INFO"/>
      <dropColumn columnName="PSSG_PUBLIC_HOST" tableName="TENANT_INFO"/>
    </rollback>
  </changeSet>

  <changeSet author="rraquepo" id="1426712141280-1-DDL2">
    <createTable tableName="TENANT_GATEWAY">
      <column name="UUID" type="CHAR(36)">
        <constraints nullable="false"/>
      </column>
      <column name="TENANT_INFO_UUID" type="CHAR(36)">
        <constraints nullable="false"/>
      </column>
      <column name="ENROLLMENT_TOKEN" type="CHAR(36)">
        <constraints nullable="false"/>
      </column>
      <column name="ENROLLMENT_STATUS" type="VARCHAR(80)">
        <constraints nullable="false"/>
      </column>
      <column name="NAME" type="VARCHAR(255)"/>
      <column name="LOGS" type="MEDIUMTEXT"/>
      <column name="CREATE_TS" type="BIGINT(19)">
        <constraints nullable="false"/>
      </column>
      <column defaultValueNumeric="0" name="CHECKPOINT_TS" type="BIGINT(19)">
        <constraints nullable="false"/>
      </column>
      <column defaultValueNumeric="0" name="MODIFY_TS" type="BIGINT(19)">
        <constraints nullable="false"/>
      </column>
      <column name="CREATED_BY" type="VARCHAR(100)"/>
      <column name="MODIFIED_BY" type="VARCHAR(100)"/>
    </createTable>
  </changeSet>

  <changeSet author="rraquepo" id="1426712141280-4-DDL3">
    <addPrimaryKey columnNames="UUID" constraintName="PRIMARY" tableName="TENANT_GATEWAY"/>
  </changeSet>

  <changeSet author="rraquepo" id="1426712759286-8-DDL4">
    <addForeignKeyConstraint baseColumnNames="TENANT_INFO_UUID" baseTableName="TENANT_GATEWAY"
                             constraintName="FK_TENANT_GATEWAY_TENANT_INFO_UUID" deferrable="false"
                             initiallyDeferred="false" onDelete="NO ACTION" onUpdate="NO ACTION"
                             referencedColumnNames="UUID" referencedTableName="TENANT_INFO"/>
  </changeSet>


</databaseChangeLog>

