<?xml version="1.0" encoding="UTF-8"?>
<databaseChangeLog
        xmlns="http://www.liquibase.org/xml/ns/dbchangelog"
        xmlns:xsi="http://www.w3.org/2001/XMLSchema-instance"
        xsi:schemaLocation="http://www.liquibase.org/xml/ns/dbchangelog
                      http://www.liquibase.org/xml/ns/dbchangelog/dbchangelog-3.1.xsd"
        logicalFilePath="doesntmatter">

  <changeSet author="ilya" id="portaldb-2_1-sprint05-DDL1">
    <renameColumn columnDataType="tinyint(1)"
                  newColumnName="BUSINESS_REPORTS_ENABLED"
                  oldColumnName="ANALYTICS_EXT_ENABLED"
                  tableName="TENANT_INFO"/>
    <renameColumn columnDataType="varchar(255)"
                  newColumnName="BUSINESS_REPORTS_PROJECT_ID"
                  oldColumnName="ANALYTICS_EXT_PROJECT_ID"
                  tableName="TENANT_INFO"/>
    <addColumn tableName="TENANT_INFO">
      <column name="BUSINESS_REPORTS_OBJECT_ID" type="varchar(255)" defaultValue="null">
        <constraints nullable="true"/>
      </column>
    </addColumn>
    
    <addUniqueConstraint columnNames="BUSINESS_REPORTS_PROJECT_ID" constraintName="UK_499a46cbdf964e58a8a7211b689" deferrable="false" disabled="false" initiallyDeferred="false" tableName="TENANT_INFO"/>
    
    <rollback>
      <renameColumn columnDataType="tinyint(1)"
                    newColumnName="ANALYTICS_EXT_ENABLED"
                    oldColumnName="BUSINESS_REPORTS_ENABLED"
                    tableName="TENANT_INFO"/>
      <renameColumn columnDataType="varchar(255)"
                    newColumnName="ANALYTICS_EXT_PROJECT_ID"
                    oldColumnName="BUSINESS_REPORTS_PROJECT_ID"
                    tableName="TENANT_INFO"/>

      <dropColumn columnName="BUSINESS_REPORTS_OBJECT_ID" tableName="TENANT_INFO"/>
    </rollback>
    
  </changeSet>
  
  <changeSet author="ilya" id="portaldb-2_1-sprint05-DDL2">
    <dropColumn columnName="BUSINESS_REPORTS_OBJECT_ID" tableName="TENANT_INFO"/>
    <rollback>
      <addColumn tableName="TENANT_INFO">
        <column name="BUSINESS_REPORTS_OBJECT_ID" type="varchar(255)" defaultValue="null">
          <constraints nullable="true"/>
        </column>
      </addColumn>
    </rollback>
  </changeSet>
  

</databaseChangeLog>

