<?xml version="1.0" encoding="UTF-8"?>
<databaseChangeLog
        xmlns="http://www.liquibase.org/xml/ns/dbchangelog"
        xmlns:xsi="http://www.w3.org/2001/XMLSchema-instance"
        xsi:schemaLocation="http://www.liquibase.org/xml/ns/dbchangelog
                      http://www.liquibase.org/xml/ns/dbchangelog/dbchangelog-3.1.xsd"
        logicalFilePath="doesntmatter">

  <changeSet author="behtr01" id="portaldb-9_0-sprint1-DDL-tenant-info-trials">
    <addColumn tableName="TENANT_INFO">
      <column name="CREATED" type="bigint(20)" defaultValue="0">
        <constraints nullable="false"/>
      </column>
      <column name="EXPIRY" type="bigint(20)" defaultValue="0">
        <constraints nullable="false"/>
      </column>
      <column name="STATUS" type="VARCHAR(50)" defaultValue="NULL">
        <constraints nullable="true"/>
      </column>
    </addColumn>
    <rollback>
      <dropColumn columnName="CREATED" tableName="TENANT_INFO"/>
      <dropColumn columnName="EXPIRY" tableName="TENANT_INFO"/>
      <dropColumn columnName="STATUS" tableName="TENANT_INFO"/>
    </rollback>
  </changeSet>
</databaseChangeLog>