<?xml version="1.0" encoding="UTF-8" standalone="no"?>
<databaseChangeLog xmlns="http://www.liquibase.org/xml/ns/dbchangelog"
                   xmlns:xsi="http://www.w3.org/2001/XMLSchema-instance"
                   xsi:schemaLocation="http://www.liquibase.org/xml/ns/dbchangelog http://www.liquibase.org/xml/ns/dbchangelog/dbchangelog-3.2.xsd"
                   logicalFilePath="doesntmatter">
    <changeSet author="makhtar" id="otkdb-4.0.00-DDL1-changelog">
        <modifyDataType columnName="jwt_id" newDataType="VARCHAR(512)" tableName="oauth_id_token"/>
        <rollback>
            <modifyDataType columnName="jwt_id" newDataType="VARCHAR(128)" tableName="oauth_id_token"/>
        </rollback>
        <addColumn tableName="oauth_token">
            <column name="client_ident" type="VARCHAR(128)"/>
        </addColumn>
    </changeSet>
</databaseChangeLog>
