<?xml version="1.0" encoding="UTF-8"?>
<databaseChangeLog
        xmlns="http://www.liquibase.org/xml/ns/dbchangelog"
        xmlns:xsi="http://www.w3.org/2001/XMLSchema-instance"
        xsi:schemaLocation="http://www.liquibase.org/xml/ns/dbchangelog
                      http://www.liquibase.org/xml/ns/dbchangelog/dbchangelog-3.1.xsd"
        logicalFilePath="doesntmatter">
  <include file="sprint04/portaldb-2_1-sprint04-DDL-changelog.xml" relativeToChangelogFile="true"/>
  <include file="sprint04/portaldb-2_1-sprint04-DML-changelog.xml" relativeToChangelogFile="true"/>
  <changeSet author="ilya" id="portaldb-2_1_sprint04_tag">
    <tagDatabase tag="portaldb-version_2.1-sprint04"/>
  </changeSet>
  
  <include file="sprint05/portaldb-2_1-sprint05-DDL-changelog.xml" relativeToChangelogFile="true"/>
  <include file="sprint05/portaldb-2_1-sprint05-DML-changelog.xml" relativeToChangelogFile="true"/>
  <changeSet author="ilya" id="portaldb-2_1_sprint05_tag">
    <tagDatabase tag="portaldb-version_2.1-sprint05"/>
  </changeSet>

  <include file="sprint05/portaldb-2_1-sprint05_hybrid_sprint1-DDL-changelog.xml" relativeToChangelogFile="true"/>
  <include file="sprint05/portaldb-2_1-sprint05_hybrid_sprint1-DML-changelog.xml" relativeToChangelogFile="true"/>
  <changeSet author="rraquepo" id="portaldb-2_1_sprint05_hybrid_sprint1_tag">
    <tagDatabase tag="portaldb-version_2.1-sprint05_hybrid_sprint1_tag"/>
  </changeSet>
  
</databaseChangeLog>
