<?xml version="1.0" encoding="UTF-8"?>
<databaseChangeLog
        xmlns="http://www.liquibase.org/xml/ns/dbchangelog"
        xmlns:xsi="http://www.w3.org/2001/XMLSchema-instance"
        xsi:schemaLocation="http://www.liquibase.org/xml/ns/dbchangelog
                      http://www.liquibase.org/xml/ns/dbchangelog/dbchangelog-3.1.xsd"
        logicalFilePath="doesntmatter">
  <changeSet id="drop-token-user-x-tenant-index" author="chemi11">
    <validCheckSum>7:d913537407ba2984114d10732f51df89</validCheckSum>
    <preConditions onFail="MARK_RAN">
      <not>
        <changeSetExecuted id="drop-token-user-x-tenant-index" author="chemi11" changeLogFile="doesntmatter"/>
      </not>
    </preConditions>
    <dropUniqueConstraint constraintName="USER_X_TENANT" tableName="TOKEN"/>
  </changeSet>
  <changeSet id="create-token-user-x-tenant-index" author="chemi11">
    <preConditions onFail="MARK_RAN">
      <not>
        <changeSetExecuted id="create-token-user-x-tenant-index" author="chemi11" changeLogFile="doesntmatter"/>
      </not>
    </preConditions>
    <createIndex indexName="USER_X_TENANT" tableName="TOKEN">
      <column name="TENANT_ID"/>
      <column name="USERNAME"/>
      <column name="TOKEN_EXPIRY"/>
    </createIndex>
  </changeSet>
</databaseChangeLog>