<?xml version="1.0" encoding="UTF-8"?>
<databaseChangeLog
        xmlns:xsi="http://www.w3.org/2001/XMLSchema-instance"
        xmlns="http://www.liquibase.org/xml/ns/dbchangelog"
        xsi:schemaLocation="http://www.liquibase.org/xml/ns/dbchangelog
                      http://www.liquibase.org/xml/ns/dbchangelog/dbchangelog-3.1.xsd"
        logicalFilePath="doesntmatter">

    <include file="sprint01/tenantdb-8.0-sprint01-DML-fix-dashboard-url-changelog.xml" relativeToChangelogFile="true"/>
    <changeSet author="cwong" id="tenantdb-8_0-sprint01-DML_tag">
        <tagDatabase tag="tenantdb-version_8.0_sprint01_fix-dashboard-url_tag"/>
    </changeSet>
    <include file="sprint03/tenantdb-8.0-sprint03-solr.xml" relativeToChangelogFile="true"/>
    <changeSet author="vmelandri" id="dospp-solr-org-view_tag">
        <tagDatabase tag="tenantdb-version_8.0_sprint03_dospp-solr-org-view_tag"/>
    </changeSet>

    <include file="sprint02/portaldb-8.0-sprint2-DDL-add-cms-saml-url.xml" relativeToChangelogFile="true"/>
    <changeSet author="rchan" id="portaldb-8.0-sprint2-DDL-add-cms-saml-url_tag">
        <tagDatabase tag="portaldb-8.0-sprint2-DDL-add-cms-saml-url_tag"/>
    </changeSet>
</databaseChangeLog>
