<?xml version="1.0" encoding="UTF-8"?>
<databaseChangeLog
        xmlns="http://www.liquibase.org/xml/ns/dbchangelog"
        xmlns:xsi="http://www.w3.org/2001/XMLSchema-instance"
        xsi:schemaLocation="http://www.liquibase.org/xml/ns/dbchangelog
                      http://www.liquibase.org/xml/ns/dbchangelog/dbchangelog-3.1.xsd"
        logicalFilePath="doesntmatter">
  <include file="010-hybrid-sprint04/portaldb-2_2-hybrid_sprint4-DDL-changelog.xml" relativeToChangelogFile="true"/>
  <include file="010-hybrid-sprint04/portaldb-2_2-hybrid_sprint4-DML-changelog.xml" relativeToChangelogFile="true"/>
  <changeSet author="rraquepo" id="portaldb-2_2_hybrid_sprint4_tag">
    <tagDatabase tag="portaldb-version_2.2-hybrid_sprint4_tag"/>
  </changeSet>

  <include file="011-hybrid-sprint1.4/portaldb-2_2-hybrid_sprint1.4-DDL-changelog.xml" relativeToChangelogFile="true"/>
  <changeSet author="acheuk" id="portaldb-2_2_hybrid_sprint1.4_tag">
    <tagDatabase tag="portaldb-version_2.2-hybrid_sprint1.4_tag"/>
  </changeSet>
</databaseChangeLog>
