<?xml version="1.0" encoding="UTF-8"?>
<databaseChangeLog
        xmlns="http://www.liquibase.org/xml/ns/dbchangelog"
        xmlns:xsi="http://www.w3.org/2001/XMLSchema-instance"
        xsi:schemaLocation="http://www.liquibase.org/xml/ns/dbchangelog
                      http://www.liquibase.org/xml/ns/dbchangelog/dbchangelog-3.1.xsd"
        logicalFilePath="doesntmatter">
  <changeSet id="createTable-API_POLICY_ENTITY_XREF" author="chemi11">
    <createTable tableName="API_POLICY_ENTITY_XREF">
      <column name="UUID" type="CHAR(36)">
        <constraints primaryKey="true" nullable="false"/>
      </column>
      <column name="TENANT_ID" type="VARCHAR(45)">
        <constraints primaryKey="true" nullable="false"/>
      </column>
      <column name="API_UUID" type="CHAR(36)">
        <constraints nullable="false"/>
      </column>
      <column name="ORDINAL" type="INT(10)">
        <constraints nullable="false"/>
      </column>
      <column name="POLICY_ENTITY_UUID" type="CHAR(36)">
        <constraints nullable="false"/>
      </column>
      <column name="TYPE" type="VARCHAR(255)">
        <constraints nullable="false"/>
      </column>
    </createTable>
    <addColumn tableName="API_POLICY_TEMPLATE_XREF">
      <column name="API_POLICY_ENTITY_XREF_UUID" type="CHAR(36)"/>
    </addColumn>
    <sql>
      INSERT INTO API_POLICY_ENTITY_XREF (
      UUID, API_UUID, TENANT_ID, POLICY_ENTITY_UUID, ORDINAL, TYPE
      ) SELECT UUID(), UUID, TENANT_ID, POLICY_TEMPLATE_UUID, 1, "FRAGMENT_ENTITY" FROM API WHERE PUBLISHED_BY_PORTAL
      = 1;
    </sql>
    <sql>
      UPDATE API_POLICY_TEMPLATE_XREF t
        JOIN API_POLICY_ENTITY_XREF e on t.API_UUID = e.API_UUID
          SET API_POLICY_ENTITY_XREF_UUID = e.UUID
    </sql>
    <rollback>
      <dropTable cascadeConstraints="true" tableName="API_POLICY_ENTITY_XREF"/>
      <dropColumn columnName="API_POLICY_ENTITY_XREF_UUID" tableName="API_POLICY_TEMPLATE_XREF"/>
    </rollback>
  </changeSet>
  <changeSet id="createView-API_POLICY_ENTITY_XREF_COUNT" author="chemi11">
    <createView replaceIfExists="true" viewName="API_VIEW">
      select
      API.TENANT_ID AS TENANT_ID,
      API.UUID AS UUID,
      API.NAME AS NAME,
      API.DESCRIPTION AS DESCRIPTION,
      API.PRIVATE_DESCRIPTION AS PRIVATE_DESCRIPTION,
      API.PORTAL_STATUS AS PORTAL_STATUS,
      API.ACCESS_STATUS AS ACCESS_STATUS,
      API.PUBLISHED_BY_PORTAL AS PUBLISHED_BY_PORTAL,
      API.API_EULA_UUID AS API_EULA_UUID,
      API.VERSION AS VERSION,
      API_TENANT_GATEWAY.SSG_SERVICE_TYPE AS SSG_SERVICE_TYPE,
      API.SSG_URL AS SSG_URL,
      API.POLICY_TEMPLATE_UUID AS POLICY_TEMPLATE_UUID,
      API.SPEC_FILENAME AS SPEC_FILENAME,
      API.SPEC_FILESIZE AS SPEC_FILESIZE,
      API.TRANSACTION_PHASE AS TRANSACTION_PHASE,
      API.CREATE_TS AS CREATE_TS,
      API.MODIFY_TS AS MODIFY_TS,
      API.CREATED_BY AS CREATED_BY,
      API.MODIFIED_BY AS MODIFIED_BY,
      API.PUBLISHED_TS AS PUBLISHED_TS,
      count(distinct APPLICATION.UUID) AS APPLICATION_USAGE,
      count(distinct APPLICATION.ORGANIZATION_UUID) AS ORGANIZATION_USAGE,
      count(distinct API_POLICY_ENTITY_XREF.UUID) AS ENTITIES_COUNT,
      API.AUTHENTICATION_TYPE AS AUTHENTICATION_TYPE,
      API.AUTHENTICATION_PARAMETERS AS AUTHENTICATION_PARAMETERS,
      group_concat(ORGANIZATION.UUID separator ',') AS ORGANIZATIONS
      from API
      left join API_TENANT_GATEWAY
      on API.UUID = API_TENANT_GATEWAY.API_UUID and API.TENANT_ID = API_TENANT_GATEWAY.TENANT_ID
      left join APPLICATION_API_XREF
      on  API.UUID = APPLICATION_API_XREF.API_UUID and API.TENANT_ID = APPLICATION_API_XREF.TENANT_ID
      left join APPLICATION
      on APPLICATION_API_XREF.TENANT_ID = APPLICATION.TENANT_ID
      and APPLICATION_API_XREF.APPLICATION_UUID = APPLICATION.UUID
      and APPLICATION.STATUS in ('ENABLED', 'DISABLED', 'EDIT_APPLICATION_PENDING_APPROVAL')
      left join ACCOUNT_PLAN_API_XREF on API.UUID=ACCOUNT_PLAN_API_XREF.API_UUID
      left join ORGANIZATION on ORGANIZATION.ACCOUNT_PLAN_UUID=ACCOUNT_PLAN_API_XREF.ACCOUNT_PLAN_UUID
      left join API_POLICY_ENTITY_XREF ON API_POLICY_ENTITY_XREF.API_UUID=API.UUID
      group by API.TENANT_ID,API.UUID
    </createView>
    <rollback>
      <createView replaceIfExists="true" viewName="API_VIEW">
        select
        API.TENANT_ID AS TENANT_ID,
        API.UUID AS UUID,
        API.NAME AS NAME,
        API.DESCRIPTION AS DESCRIPTION,
        API.PRIVATE_DESCRIPTION AS PRIVATE_DESCRIPTION,
        API.PORTAL_STATUS AS PORTAL_STATUS,
        API.ACCESS_STATUS AS ACCESS_STATUS,
        API.PUBLISHED_BY_PORTAL AS PUBLISHED_BY_PORTAL,
        API.API_EULA_UUID AS API_EULA_UUID,
        API.VERSION AS VERSION,
        API_TENANT_GATEWAY.SSG_SERVICE_TYPE AS SSG_SERVICE_TYPE,
        API.SSG_URL AS SSG_URL,
        API.POLICY_TEMPLATE_UUID AS POLICY_TEMPLATE_UUID,
        API.SPEC_FILENAME AS SPEC_FILENAME,
        API.SPEC_FILESIZE AS SPEC_FILESIZE,
        API.TRANSACTION_PHASE AS TRANSACTION_PHASE,
        API.CREATE_TS AS CREATE_TS,
        API.MODIFY_TS AS MODIFY_TS,
        API.CREATED_BY AS CREATED_BY,
        API.MODIFIED_BY AS MODIFIED_BY,
        API.PUBLISHED_TS AS PUBLISHED_TS,
        count(distinct APPLICATION.UUID) AS APPLICATION_USAGE,
        count(distinct APPLICATION.ORGANIZATION_UUID) AS ORGANIZATION_USAGE,
        API.AUTHENTICATION_TYPE AS AUTHENTICATION_TYPE,
        API.AUTHENTICATION_PARAMETERS AS AUTHENTICATION_PARAMETERS,
        group_concat(ORGANIZATION.UUID separator ',') AS ORGANIZATIONS
        from API
        left join API_TENANT_GATEWAY
        on API.UUID = API_TENANT_GATEWAY.API_UUID and API.TENANT_ID = API_TENANT_GATEWAY.TENANT_ID
        left join APPLICATION_API_XREF
        on  API.UUID = APPLICATION_API_XREF.API_UUID and API.TENANT_ID = APPLICATION_API_XREF.TENANT_ID
        left join APPLICATION
        on APPLICATION_API_XREF.TENANT_ID = APPLICATION.TENANT_ID
        and APPLICATION_API_XREF.APPLICATION_UUID = APPLICATION.UUID
        and APPLICATION.STATUS in ('ENABLED', 'DISABLED', 'EDIT_APPLICATION_PENDING_APPROVAL')
        left join ACCOUNT_PLAN_API_XREF on API.UUID=ACCOUNT_PLAN_API_XREF.API_UUID
        left join ORGANIZATION on ORGANIZATION.ACCOUNT_PLAN_UUID=ACCOUNT_PLAN_API_XREF.ACCOUNT_PLAN_UUID
        group by API.TENANT_ID,API.UUID
      </createView>
    </rollback>
  </changeSet>
</databaseChangeLog>
