<?xml version="1.0" encoding="UTF-8"?>
<databaseChangeLog
        xmlns="http://www.liquibase.org/xml/ns/dbchangelog"
        xmlns:xsi="http://www.w3.org/2001/XMLSchema-instance"
        xsi:schemaLocation="http://www.liquibase.org/xml/ns/dbchangelog
                      http://www.liquibase.org/xml/ns/dbchangelog/dbchangelog-3.1.xsd"
        logicalFilePath="doesntmatter">
  <changeSet author="mchen2" id="modifyTable-API_POLICY_TEMPLATE_XREF">

    <dropForeignKeyConstraint baseTableName="API_POLICY_TEMPLATE_XREF"
                              constraintName="FK_API_POLICY_TEMPLATE_XREF_API_API_UUID"/>

    <dropUniqueConstraint tableName="API_POLICY_TEMPLATE_XREF"
                          constraintName="UK_API_UUID_TEMPLATE_UUID_PARAM_NAME"/>

    <addForeignKeyConstraint baseColumnNames="TENANT_ID, API_UUID" baseTableName="API_POLICY_TEMPLATE_XREF"
                             constraintName="FK_API_POLICY_TEMPLATE_XREF_API_API_UUID" deferrable="false" initiallyDeferred="false"
                             onDelete="CASCADE" onUpdate="NO ACTION" referencedColumnNames="TENANT_ID, UUID" referencedTableName="API"/>

    <addUniqueConstraint columnNames="TENANT_ID, API_UUID, API_POLICY_ENTITY_XREF_UUID, NAME"
                         constraintName="UK_API_UUID_ENTITY_UUID_PARAM_NAME" deferrable="false"
                         disabled="false" initiallyDeferred="false" tableName="API_POLICY_TEMPLATE_XREF"/>

    <rollback>
      <dropForeignKeyConstraint baseTableName="API_POLICY_TEMPLATE_XREF"
                                constraintName="FK_API_POLICY_TEMPLATE_XREF_API_API_UUID"/>

      <dropUniqueConstraint tableName="API_POLICY_TEMPLATE_XREF"
                            constraintName="API_POLICY_ENTITY_XREF_UUID"/>


      <addForeignKeyConstraint baseColumnNames="TENANT_ID, API_UUID" baseTableName="API_POLICY_TEMPLATE_XREF"
                               constraintName="FK_API_POLICY_TEMPLATE_XREF_API_API_UUID" deferrable="false" initiallyDeferred="false"
                               onDelete="CASCADE" onUpdate="NO ACTION" referencedColumnNames="TENANT_ID, UUID" referencedTableName="API"/>

      <addUniqueConstraint columnNames="TENANT_ID, API_UUID, POLICY_TEMPLATE_UUID, NAME" constraintName="UK_API_UUID_TEMPLATE_UUID_PARAM_NAME" deferrable="false" disabled="false" initiallyDeferred="false" tableName="API_POLICY_TEMPLATE_XREF"/>
    </rollback>

  </changeSet>
</databaseChangeLog>