<?xml version="1.0" encoding="UTF-8"?>
<databaseChangeLog
        xmlns="http://www.liquibase.org/xml/ns/dbchangelog"
        xmlns:xsi="http://www.w3.org/2001/XMLSchema-instance"
        xsi:schemaLocation="http://www.liquibase.org/xml/ns/dbchangelog
                      http://www.liquibase.org/xml/ns/dbchangelog/dbchangelog-3.1.xsd"
        logicalFilePath="doesntmatter">
  <include file="otkdb-3.4.00-DDL1-changelog.xml" relativeToChangelogFile="true"/>
  <include file="otkdb-3.4.00-DML1-changelog.xml" relativeToChangelogFile="true"/>
  <changeSet author="rchan" id="otk-3.4.00_tag">
        <tagDatabase tag="otk-3.4.00_tag"/>
  </changeSet>
  <include file="otkdb-3.4.00-DDL2-changelog.xml" relativeToChangelogFile="true"/>
  <changeSet author="wlui" id="otk-3.4.00_tag">
    <tagDatabase tag="otk-3.4.00_tag"/>
  </changeSet>

  <include file="otkdb-3.4.00-DDL3-changelog.xml" relativeToChangelogFile="true"/>
  <changeSet author="acheuk" id="otk-3.4.00_tag">
    <tagDatabase tag="otk-3.4.00_tag"/>
  </changeSet>
</databaseChangeLog>
