<?xml version="1.0" encoding="UTF-8" standalone="no"?>
<databaseChangeLog xmlns="http://www.liquibase.org/xml/ns/dbchangelog"
                   xmlns:ext="http://www.liquibase.org/xml/ns/dbchangelog-ext"
                   xmlns:xsi="http://www.w3.org/2001/XMLSchema-instance"
                   xsi:schemaLocation="http://www.liquibase.org/xml/ns/dbchangelog http://www.liquibase.org/xml/ns/dbchangelog/dbchangelog-3.2.xsd http://www.liquibase.org/xml/ns/dbchangelog-ext http://www.liquibase.org/xml/ns/dbchangelog/dbchangelog-ext.xsd"
				   logicalFilePath="doesntmatter">
  <changeSet author="wlui" id="otkdb-3.4.00-DDL2" >
    <addColumn tableName="portal_apikey">
      <column name="created" remarks="the date this apikey was created, which is now in the case of it being a new one" type="BIGINT(20)">
        <constraints nullable="false"/>
      </column>
    </addColumn>
    <addColumn tableName="portal_apikey">
      <column name="updated" remarks="the date this apikey was updated, which is now" type="BIGINT(20)">
        <constraints nullable="false"/>
      </column>
    </addColumn>
  </changeSet>

</databaseChangeLog>
