<?xml version="1.0" encoding="UTF-8" standalone="no"?>
<databaseChangeLog xmlns="http://www.liquibase.org/xml/ns/dbchangelog"
                   xmlns:ext="http://www.liquibase.org/xml/ns/dbchangelog-ext"
                   xmlns:xsi="http://www.w3.org/2001/XMLSchema-instance"
                   xsi:schemaLocation="http://www.liquibase.org/xml/ns/dbchangelog http://www.liquibase.org/xml/ns/dbchangelog/dbchangelog-3.2.xsd http://www.liquibase.org/xml/ns/dbchangelog-ext http://www.liquibase.org/xml/ns/dbchangelog/dbchangelog-ext.xsd"
				   logicalFilePath="doesntmatter">
  <changeSet author="rchan" id="otkdb-3.4.00-DDL1" >
          <addColumn tableName="oauth_client_key">
              <column name="accountPlanMappingIds" remarks="Account plan associated with the client" type="VARCHAR(256)"/>
          </addColumn>

          <addColumn tableName="oauth_client">
              <column name="custom" remarks="longtext object containing custom fields" type="LONGTEXT(2147483647)"/>
          </addColumn>

          <addColumn tableName="oauth_client_key">
              <column name="custom" remarks="longtext object containing custom fields" type="LONGTEXT(2147483647)"/>
          </addColumn>

          <addColumn tableName="oauth_initiate">
              <column name="custom" remarks="longtext object containing custom fields" type="LONGTEXT(2147483647)"/>
          </addColumn>

          <addColumn tableName="oauth_token">
              <column name="custom" remarks="longtext object containing custom fields" type="LONGTEXT(2147483647)"/>
          </addColumn>

          <addColumn tableName="oauth_client_key">
              <column name="serviceIds" remarks="A list of service IDs that the key is authorized for" type="VARCHAR(256)"/>
          </addColumn>

          <createIndex indexName="oaidt_idx_azp" tableName="oauth_id_token" unique="false">
              <column name="azp"/>
          </createIndex>

          <createIndex indexName="ock_idx_clientident" tableName="oauth_client_key" unique="false">
              <column name="client_ident"/>
          </createIndex>


          <createIndex indexName="oaidt_idx_expiration" tableName="oauth_id_token" unique="false">
              <column name="expiration"/>
          </createIndex>


          <createIndex indexName="oat_idx_client" tableName="oauth_token" unique="false">
              <column name="client_key"/>
          </createIndex>


          <createIndex indexName="oat_idx_rowner" tableName="oauth_token" unique="false">
              <column name="resource_owner"/>
          </createIndex>

          <createTable tableName="portal_apikey">
              <column name="apikey_pk" remarks="id from JSON Sync message" type="VARCHAR(128)">
                  <constraints nullable="false"/>
              </column>
              <column name="apikey" remarks="key from JSON Sync message" type="VARCHAR(255)">
                  <constraints nullable="false"/>
              </column>
              <column name="apikey_secret" remarks="secret from JSON Sync message" type="VARCHAR(255)">
                  <constraints nullable="false"/>
              </column>
              <column name="status" remarks="status from JSON sync message" type="VARCHAR(100)">
                  <constraints nullable="false"/>
              </column>
              <column name="organization_id" remarks="organizationId from JSON sync message. Previously this was accountPlanMappingId" type="VARCHAR(128)">
                  <constraints nullable="false"/>
              </column>
              <column name="organization" remarks="organizationName from JSON sync message" type="VARCHAR(255)">
                  <constraints nullable="false"/>
              </column>
              <column name="label" remarks="label from JSON sync message" type="VARCHAR(255)">
                  <constraints nullable="false"/>
              </column>
              <column name="created_by" remarks="createdBy from JSON sync message" type="VARCHAR(128)">
                  <constraints nullable="false"/>
              </column>
              <column name="modified_by" remarks="modifiedBy from JSON sync message" type="VARCHAR(128)">
                  <constraints nullable="false"/>
              </column>
              <column name="apis" remarks="apis from JSON sync message" type="VARCHAR(255)"/>
              <column name="value_xml" remarks="Contains more or less all values again" type="LONGTEXT">
                  <constraints nullable="false"/>
              </column>
          </createTable>

          <addPrimaryKey columnNames="apikey_pk" constraintName="PRIMARY" tableName="portal_apikey"/>

          <addUniqueConstraint columnNames="apikey" constraintName="apikey" deferrable="false" disabled="false" initiallyDeferred="false" tableName="portal_apikey"/>

  </changeSet>

</databaseChangeLog>
