<?xml version="1.0" encoding="UTF-8"?>
<databaseChangeLog
        xmlns="http://www.liquibase.org/xml/ns/dbchangelog"
        xmlns:xsi="http://www.w3.org/2001/XMLSchema-instance"
        xsi:schemaLocation="http://www.liquibase.org/xml/ns/dbchangelog
                      http://www.liquibase.org/xml/ns/dbchangelog/dbchangelog-3.1.xsd"
        logicalFilePath="doesntmatter">

    <changeSet author="acheuk" id="portaldb-3_1-sprint2-DDL1">
        <dropTable cascadeConstraints="true" tableName="TENANT_GATEWAY"/>
        <rollback>
            <createTable tableName="TENANT_GATEWAY">
                <column name="UUID" type="CHAR(36)">
                    <constraints nullable="false"/>
                </column>
                <column name="TENANT_INFO_UUID" type="CHAR(36)">
                    <constraints nullable="false"/>
                </column>
                <column name="ENROLLMENT_TOKEN" type="CHAR(36)">
                    <constraints nullable="false"/>
                </column>
                <column name="ENROLLMENT_STATUS" type="VARCHAR(80)">
                    <constraints nullable="false"/>
                </column>
                <column name="NAME" type="VARCHAR(255)"/>
                <column name="LOGS" type="MEDIUMTEXT"/>
                <column name="CREATE_TS" type="BIGINT(19)">
                    <constraints nullable="false"/>
                </column>
                <column defaultValueNumeric="0" name="CHECKPOINT_TS" type="BIGINT(19)">
                    <constraints nullable="false"/>
                </column>
                <column defaultValueNumeric="0" name="MODIFY_TS" type="BIGINT(19)">
                    <constraints nullable="false"/>
                </column>
                <column name="CREATED_BY" type="VARCHAR(100)"/>
                <column name="MODIFIED_BY" type="VARCHAR(100)"/>
                <column name="KEY_CERT_HASH" type="varchar(80)" defaultValue="null">
                    <constraints nullable="true"/>
                </column>
                <column defaultValueNumeric="0" name="API_SYNC_TIME" type="BIGINT(19)">
                    <constraints nullable="false"/>
                </column>
                <column name="API_SYNC_LOG" type="MEDIUMTEXT"/>
                <column defaultValueNumeric="0" name="APP_SYNC_TIME" type="BIGINT(19)">
                    <constraints nullable="false"/>
                </column>
                <column name="APP_SYNC_LOG" type="MEDIUMTEXT"/>
                <column defaultValueNumeric="0" name="ACCOUNT_PLAN_SYNC_TIME" type="BIGINT(19)">
                    <constraints nullable="false"/>
                </column>
                <column name="ACCOUNT_PLAN_SYNC_LOG" type="MEDIUMTEXT"/>
                <column name="SSO_SYNC_TIME" type="BIGINT(19)" defaultValueNumeric="0">
                    <constraints nullable="false"/>
                </column>
                <column name="SSO_SYNC_LOG" type="MEDIUMTEXT"/>
            </createTable>
            <addPrimaryKey columnNames="UUID" constraintName="PRIMARY" tableName="TENANT_GATEWAY"/>
            <addForeignKeyConstraint baseColumnNames="TENANT_INFO_UUID" baseTableName="TENANT_GATEWAY"
                                     constraintName="FK_TENANT_GATEWAY_TENANT_INFO_UUID" deferrable="false"
                                     initiallyDeferred="false" onDelete="NO ACTION" onUpdate="NO ACTION"
                                     referencedColumnNames="UUID" referencedTableName="TENANT_INFO"/>
        </rollback>
    </changeSet>

</databaseChangeLog>

