<?xml version="1.0" encoding="UTF-8" standalone="no"?>
<databaseChangeLog xmlns="http://www.liquibase.org/xml/ns/dbchangelog"
                   xmlns:ext="http://www.liquibase.org/xml/ns/dbchangelog-ext"
                   xmlns:xsi="http://www.w3.org/2001/XMLSchema-instance"
                   xsi:schemaLocation="http://www.liquibase.org/xml/ns/dbchangelog http://www.liquibase.org/xml/ns/dbchangelog/dbchangelog-3.2.xsd http://www.liquibase.org/xml/ns/dbchangelog-ext http://www.liquibase.org/xml/ns/dbchangelog/dbchangelog-ext.xsd"
				   logicalFilePath="doesntmatter">
  <changeSet author="acheuk" id="otkdb-3.6.00-DML1" >
        <update tableName="otk_version">
            <column name="current_version" value="otk3.6.00"/>
        </update>
        <rollback>
            <update tableName="otk_version">
                <column name="current_version" value="otk3.5.01"/>
            </update>
        </rollback>
    </changeSet>

</databaseChangeLog>
