<?xml version="1.0" encoding="UTF-8"?>
<databaseChangeLog
        xmlns="http://www.liquibase.org/xml/ns/dbchangelog"
        xmlns:xsi="http://www.w3.org/2001/XMLSchema-instance"
        xsi:schemaLocation="http://www.liquibase.org/xml/ns/dbchangelog
                      http://www.liquibase.org/xml/ns/dbchangelog/dbchangelog-3.1.xsd"
        logicalFilePath="doesntmatter">

  <changeSet author="rraquepo" id="portaldb-2_2_hybrid_sprint4-DDL1">
    <addColumn tableName="TENANT_GATEWAY">
      <column name="KEY_CERT_HASH" type="varchar(80)" defaultValue="null">
        <constraints nullable="true"/>
      </column>
    </addColumn>
    <rollback>
      <dropColumn columnName="KEY_CERT_HASH" tableName="TENANT_GATEWAY"/>
    </rollback>
  </changeSet>

</databaseChangeLog>

