<?xml version="1.0" encoding="UTF-8"?> 
<databaseChangeLog
  xmlns="http://www.liquibase.org/xml/ns/dbchangelog"
  xmlns:xsi="http://www.w3.org/2001/XMLSchema-instance"
  xsi:schemaLocation="http://www.liquibase.org/xml/ns/dbchangelog
                      http://www.liquibase.org/xml/ns/dbchangelog/dbchangelog-3.1.xsd"
  logicalFilePath="doesntmatter">

  <include file="sprint00-04/portaldb-1_3-sprint00-04-DDL-changelog.xml" relativeToChangelogFile="true"/>
  <include file="sprint00-04/portaldb-1_3-sprint00-04-DML-changelog.xml" relativeToChangelogFile="true"/>
  <changeSet author="joe" id="portaldb-1_3_sprint00-04_tag">
      <tagDatabase tag="portaldb-version_1.3-sprint00-04" />
    </changeSet>
 <!-- <include file="sprint05/portaldb-1_3-sprint05-DDL-changelog.xml" relativeToChangelogFile="true"/>
  <include file="sprint05/portaldb-1_3-sprint05-DML-changelog.xml" relativeToChangelogFile="true"/>
  <changeSet author="joe" id="portaldb-1_3_sprint05_tag">
      <tagDatabase tag="portaldb-version_1.3-sprint05" />
    </changeSet>
    -->   
	
  <include file="sprint08/portaldb-1_3-sprint08-DDL-changelog.xml" relativeToChangelogFile="true"/>
  <include file="sprint08/portaldb-1_3-sprint08-DDL-changelog.xml" relativeToChangelogFile="true"/>
  <changeSet author="ilya" id="portaldb-1_3_sprint08_tag">
    <tagDatabase tag="portaldb-version_1.3-sprint08"/>
  </changeSet>
</databaseChangeLog> 
