<?xml version="1.0" encoding="UTF-8"?>
<databaseChangeLog
        xmlns:xsi="http://www.w3.org/2001/XMLSchema-instance"
        xmlns="http://www.liquibase.org/xml/ns/dbchangelog"
        xsi:schemaLocation="http://www.liquibase.org/xml/ns/dbchangelog
                      http://www.liquibase.org/xml/ns/dbchangelog/dbchangelog-3.1.xsd"
        logicalFilePath="doesntmatter">

    <changeSet author="cwong" id="tenantdb-7_0-sprint03-new-dashboard-DML1">
        <update tableName="SETTING">
            <column name="VALUE" value="/admin/app/dashboard.html"/>
            <column name="MODIFY_TS" valueComputed="UNIX_TIMESTAMP() * 1000"/>
            <where>NAME = 'EXT_USER_DASHBOARD_URI'</where>
        </update>
    <rollback>
        <update tableName="SETTING">
            <column name="VALUE" value="/app/dashboard.html"/>
            <column name="MODIFY_TS" value="0"/>
            <where>NAME = 'EXT_USER_DASHBOARD_URI'</where>
        </update>
    </rollback>
    </changeSet>
</databaseChangeLog>
