<?xml version="1.0" encoding="UTF-8"?>
<exp:Export Version="3.0"
    xmlns:L7p="http://www.layer7tech.com/ws/policy"
    xmlns:exp="http://www.layer7tech.com/ws/policy/export" xmlns:wsp="http://schemas.xmlsoap.org/ws/2002/12/policy">
    <exp:References/>
    <wsp:Policy xmlns:L7p="http://www.layer7tech.com/ws/policy" xmlns:wsp="http://schemas.xmlsoap.org/ws/2002/12/policy">
        <wsp:All wsp:Usage="Required">
            <L7p:AuditDetailAssertion>
                <L7p:Detail stringValue="Policy Fragment: Account Plans Fragment"/>
                <L7p:LoggingOnly booleanValue="true"/>
            </L7p:AuditDetailAssertion>
            <L7p:CommentAssertion>
                <L7p:Comment stringValue="// This fragment is auto generated by the gateway. DO NOT MODIFY"/>
            </L7p:CommentAssertion>
            <L7p:SetVariable>
                <L7p:Base64Expression stringValue="JHthcGlLZXl9"/>
                <L7p:VariableToSet stringValue="apiKey"/>
            </L7p:SetVariable>
            <L7p:SetVariable>
                <L7p:Base64Expression stringValue="JHthY2NvdW50UGxhbk1hcHBpbmdJZH0="/>
                <L7p:VariableToSet stringValue="accountPlanMappingId"/>
            </L7p:SetVariable>
            <L7p:SetVariable>
                <L7p:Base64Expression stringValue="ZmFsc2U="/>
                <L7p:VariableToSet stringValue="apiAuthz"/>
            </L7p:SetVariable>
            <L7p:SetVariable>
                <L7p:Base64Expression stringValue="Tm90IFNldA=="/>
                <L7p:VariableToSet stringValue="apiAuthzDetails"/>
            </L7p:SetVariable>
            <wsp:OneOrMore wsp:Usage="Required">
                <wsp:All wsp:Usage="Required">
                    <L7p:ComparisonAssertion>
                        <L7p:CaseSensitive booleanValue="false"/>
                        <L7p:Expression1 stringValue="${accountPlanMappingId}"/>
                        <L7p:Operator operatorNull="null"/>
                        <L7p:Predicates predicates="included">
                            <L7p:item dataType="included">
                                <L7p:Type variableDataType="string"/>
                            </L7p:item>
                            <L7p:item binary="included">
                                <L7p:CaseSensitive booleanValue="false"/>
                                <L7p:Negated booleanValue="true"/>
                                <L7p:Operator operator="EMPTY"/>
                                <L7p:RightValue stringValue=""/>
                            </L7p:item>
                        </L7p:Predicates>
                    </L7p:ComparisonAssertion>
                    <L7p:ComparisonAssertion>
                        <L7p:CaseSensitive booleanValue="false"/>
                        <L7p:Expression1 stringValue="${apiAuthzDetails}"/>
                        <L7p:Operator operatorNull="null"/>
                        <L7p:Predicates predicates="included">
                            <L7p:item dataType="included">
                                <L7p:Type variableDataType="string"/>
                            </L7p:item>
                            <L7p:item binary="included">
                                <L7p:RightValue stringValue="Not Set"/>
                            </L7p:item>
                        </L7p:Predicates>
                    </L7p:ComparisonAssertion>
                    <wsp:OneOrMore wsp:Usage="Required">
                        <wsp:All wsp:Usage="Required">
                            <L7p:SetVariable>
                                <L7p:Base64Expression stringValue="Zjk3ZWJkZTAtZWEyMS00NTY0LWEwYzMtM2E3OWQ0N2FlZTdh"/>
                                <L7p:VariableToSet stringValue="orgIds"/>
                            </L7p:SetVariable>
                            <L7p:Split>
                                <L7p:IgnoreEmptyValues booleanValue="true"/>
                                <L7p:InputVariable stringValue="orgIds"/>
                                <L7p:OutputVariable stringValue="orgIdsSplit"/>
                            </L7p:Split>
                            <L7p:IndexLookupByItem>
                                <L7p:MultivaluedVariableName stringValue="orgIdsSplit"/>
                                <L7p:OutputVariableName stringValue="matchIndex"/>
                                <L7p:ValueToSearchForVariableName stringValue="accountPlanMappingId"/>
                            </L7p:IndexLookupByItem>
                        </wsp:All>
                    </wsp:OneOrMore>
                    <L7p:SetVariable>
                        <L7p:Base64Expression stringValue="NzFlYzhhMzctOTM2Mi0xMWUzLWI3NDItMDAwYzI5MTFhNGRi"/>
                        <L7p:VariableToSet stringValue="accountPlanId"/>
                    </L7p:SetVariable>
                    <L7p:SetVariable>
                        <L7p:Base64Expression stringValue="SW50ZXJuYWwgUGxhbg=="/>
                        <L7p:VariableToSet stringValue="accountPlanName"/>
                    </L7p:SetVariable>
                    <wsp:OneOrMore wsp:Usage="Required">
                        <wsp:All wsp:Usage="Required">
                            <L7p:SetVariable>
                                <L7p:Base64Expression stringValue="JHthcGlBdXRoekRldGFpbHN9fCR7YXBpS2V5fXwke2FjY291bnRQbGFuTWFwcGluZ0lkfXxxdW90YT8="/>
                                <L7p:VariableToSet stringValue="apiAuthzDetails"/>
                            </L7p:SetVariable>
                            <L7p:SetVariable>
                                <L7p:Base64Expression stringValue="MA=="/>
                                <L7p:VariableToSet stringValue="quota"/>
                            </L7p:SetVariable>
                            <L7p:SetVariable>
                                <L7p:Base64Expression stringValue=""/>
                                <L7p:VariableToSet stringValue="timeUnit"/>
                            </L7p:SetVariable>
                            <L7p:ThroughputQuota>
                                <L7p:CounterName stringValue="${accountPlanMappingId}"/>
                                <L7p:CounterStrategy intValue="0"/>
                                <L7p:Enabled booleanValue="false"/>
                                <L7p:Global booleanValue="true"/>
                                <L7p:Quota stringValue="${quota}"/>
                                <L7p:ReadSynchronous booleanValue="false"/>
                                <L7p:Synchronous booleanValue="false"/>
                                <L7p:TimeUnit intValue="4"/>
                            </L7p:ThroughputQuota>
                            <L7p:RateLimit>
                                <L7p:CounterName stringValue="${accountPlanMappingId}"/>
                                <L7p:Enabled booleanValue="false"/>
                                <L7p:WindowSizeInSeconds stringValue="0"/>
                            </L7p:RateLimit>
                            <L7p:SetVariable>
                                <L7p:Base64Expression stringValue="JHthcGlBdXRoekRldGFpbHN9b2t8cmF0ZT8="/>
                                <L7p:VariableToSet stringValue="apiAuthzDetails"/>
                            </L7p:SetVariable>
                            <L7p:SetVariable>
                                <L7p:Base64Expression stringValue="dHJ1ZQ=="/>
                                <L7p:VariableToSet stringValue="apiAuthz"/>
                            </L7p:SetVariable>
                        </wsp:All>
                        <wsp:All wsp:Usage="Required">
                            <L7p:SetVariable>
                                <L7p:Base64Expression stringValue="JHthcGlBdXRoekRldGFpbHN9ZmFpbGVk"/>
                                <L7p:VariableToSet stringValue="apiAuthzDetails"/>
                            </L7p:SetVariable>
                        </wsp:All>
                    </wsp:OneOrMore>
                    <L7p:assertionComment>
                        <L7p:Properties mapValue="included">
                            <L7p:entry>
                                <L7p:key stringValue="RIGHT.COMMENT"/>
                                <L7p:value stringValue="Internal Plan:71ec8a37-9362-11e3-b742-000c2911a4db"/>
                            </L7p:entry>
                        </L7p:Properties>
                    </L7p:assertionComment>
                </wsp:All>
                <wsp:All wsp:Usage="Required">
                    <L7p:ComparisonAssertion>
                        <L7p:CaseSensitive booleanValue="false"/>
                        <L7p:Expression1 stringValue="${accountPlanMappingId}"/>
                        <L7p:Operator operatorNull="null"/>
                        <L7p:Predicates predicates="included">
                            <L7p:item dataType="included">
                                <L7p:Type variableDataType="string"/>
                            </L7p:item>
                            <L7p:item binary="included">
                                <L7p:CaseSensitive booleanValue="false"/>
                                <L7p:Negated booleanValue="true"/>
                                <L7p:Operator operator="EMPTY"/>
                                <L7p:RightValue stringValue=""/>
                            </L7p:item>
                        </L7p:Predicates>
                    </L7p:ComparisonAssertion>
                    <L7p:ComparisonAssertion>
                        <L7p:CaseSensitive booleanValue="false"/>
                        <L7p:Expression1 stringValue="${apiAuthzDetails}"/>
                        <L7p:Operator operatorNull="null"/>
                        <L7p:Predicates predicates="included">
                            <L7p:item dataType="included">
                                <L7p:Type variableDataType="string"/>
                            </L7p:item>
                            <L7p:item binary="included">
                                <L7p:RightValue stringValue="Not Set"/>
                            </L7p:item>
                        </L7p:Predicates>
                    </L7p:ComparisonAssertion>
                    <wsp:OneOrMore wsp:Usage="Required">
                        <L7p:TrueAssertion/>
                    </wsp:OneOrMore>
                    <L7p:SetVariable>
                        <L7p:Base64Expression stringValue="NWQzOWI4Y2UtZWY2Yy00ZGNjLWIwZjktZmJlMDkzYTY5Njkw"/>
                        <L7p:VariableToSet stringValue="accountPlanId"/>
                    </L7p:SetVariable>
                    <L7p:SetVariable>
                        <L7p:Base64Expression stringValue="QnJvbnplIEFjY291bnQgUGxhbg=="/>
                        <L7p:VariableToSet stringValue="accountPlanName"/>
                    </L7p:SetVariable>
                    <wsp:OneOrMore wsp:Usage="Required">
                        <wsp:All wsp:Usage="Required">
                            <L7p:SetVariable>
                                <L7p:Base64Expression stringValue="JHthcGlBdXRoekRldGFpbHN9fCR7YXBpS2V5fXwke2FjY291bnRQbGFuTWFwcGluZ0lkfXxxdW90YT8="/>
                                <L7p:VariableToSet stringValue="apiAuthzDetails"/>
                            </L7p:SetVariable>
                            <L7p:SetVariable>
                                <L7p:Base64Expression stringValue="MTAw"/>
                                <L7p:VariableToSet stringValue="quota"/>
                            </L7p:SetVariable>
                            <L7p:SetVariable>
                                <L7p:Base64Expression stringValue="NA=="/>
                                <L7p:VariableToSet stringValue="timeUnit"/>
                            </L7p:SetVariable>
                            <L7p:ThroughputQuota>
                                <L7p:CounterName stringValue="${accountPlanMappingId}"/>
                                <L7p:Global booleanValue="true"/>
                                <L7p:Quota stringValue="${quota}"/>
                                <L7p:ReadSynchronous booleanValue="false"/>
                                <L7p:Synchronous booleanValue="false"/>
                                <L7p:TimeUnit intValue="4"/>
                            </L7p:ThroughputQuota>
                            <L7p:RateLimit>
                                <L7p:CounterName stringValue="${accountPlanMappingId}"/>
                                <L7p:HardLimit booleanValue="true"/>
                                <L7p:MaxRequestsPerSecond stringValue="1"/>
                                <L7p:WindowSizeInSeconds stringValue="60"/>
                            </L7p:RateLimit>
                            <L7p:SetVariable>
                                <L7p:Base64Expression stringValue="JHthcGlBdXRoekRldGFpbHN9b2t8cmF0ZT8="/>
                                <L7p:VariableToSet stringValue="apiAuthzDetails"/>
                            </L7p:SetVariable>
                            <L7p:SetVariable>
                                <L7p:Base64Expression stringValue="dHJ1ZQ=="/>
                                <L7p:VariableToSet stringValue="apiAuthz"/>
                            </L7p:SetVariable>
                        </wsp:All>
                        <wsp:All wsp:Usage="Required">
                            <L7p:SetVariable>
                                <L7p:Base64Expression stringValue="JHthcGlBdXRoekRldGFpbHN9ZmFpbGVk"/>
                                <L7p:VariableToSet stringValue="apiAuthzDetails"/>
                            </L7p:SetVariable>
                        </wsp:All>
                    </wsp:OneOrMore>
                    <L7p:assertionComment>
                        <L7p:Properties mapValue="included">
                            <L7p:entry>
                                <L7p:key stringValue="RIGHT.COMMENT"/>
                                <L7p:value stringValue="Bronze Account Plan:5d39b8ce-ef6c-4dcc-b0f9-fbe093a69690(Default)"/>
                            </L7p:entry>
                        </L7p:Properties>
                    </L7p:assertionComment>
                </wsp:All>
                <wsp:All wsp:Usage="Required">
                    <L7p:ComparisonAssertion>
                        <L7p:CaseSensitive booleanValue="false"/>
                        <L7p:Expression1 stringValue="${apiAuthzDetails}"/>
                        <L7p:Operator operatorNull="null"/>
                        <L7p:Predicates predicates="included">
                            <L7p:item dataType="included">
                                <L7p:Type variableDataType="string"/>
                            </L7p:item>
                            <L7p:item binary="included">
                                <L7p:RightValue stringValue="Not Set"/>
                            </L7p:item>
                        </L7p:Predicates>
                    </L7p:ComparisonAssertion>
                    <L7p:SetVariable>
                        <L7p:Base64Expression stringValue="ZmFsc2U="/>
                        <L7p:VariableToSet stringValue="apiAuthz"/>
                    </L7p:SetVariable>
                    <L7p:SetVariable>
                        <L7p:Base64Expression stringValue="JHthcGlLZXl9fCR7YWNjb3VudFBsYW5NYXBwaW5nSWR9IEFjY291bnRQbGFuTWFwcGluZ0lkIG5vdCBmb3VuZA=="/>
                        <L7p:VariableToSet stringValue="apiAuthzDetails"/>
                    </L7p:SetVariable>
                    <L7p:assertionComment>
                        <L7p:Properties mapValue="included">
                            <L7p:entry>
                                <L7p:key stringValue="RIGHT.COMMENT"/>
                                <L7p:value stringValue="//accountPlanMappingId not found"/>
                            </L7p:entry>
                        </L7p:Properties>
                    </L7p:assertionComment>
                </wsp:All>
            </wsp:OneOrMore>
            <L7p:CommentAssertion>
                <L7p:Comment stringValue="Updated on Sat Dec 22 12:00:00 UTC 2018"/>
            </L7p:CommentAssertion>
            <L7p:ExportVariables>
                <L7p:ExportedVars stringArrayValue="included">
                    <L7p:item stringValue="apiAuthz"/>
                    <L7p:item stringValue="apiAuthzDetails"/>
                    <L7p:item stringValue="accountPlanId"/>
                    <L7p:item stringValue="accountPlanName"/>
                    <L7p:item stringValue="quota"/>
                    <L7p:item stringValue="timeUnit"/>
                </L7p:ExportedVars>
            </L7p:ExportVariables>
        </wsp:All>
    </wsp:Policy>
</exp:Export>
