<?xml version="1.0" encoding="UTF-8"?>
<exp:Export Version="3.0"
    xmlns:L7p="http://www.layer7tech.com/ws/policy"
    xmlns:exp="http://www.layer7tech.com/ws/policy/export" xmlns:wsp="http://schemas.xmlsoap.org/ws/2002/12/policy">
    <exp:References>
        <EncapsulatedAssertionReference RefType="com.l7tech.console.policy.exporter.EncapsulatedAssertionReference">
            <Name>SPAY Error Message</Name>
            <Guid>1409a84b-fc4d-44bb-ab68-09828d556bad</Guid>
        </EncapsulatedAssertionReference>
    </exp:References>
    <wsp:Policy xmlns:L7p="http://www.layer7tech.com/ws/policy" xmlns:wsp="http://schemas.xmlsoap.org/ws/2002/12/policy">
        <wsp:All wsp:Usage="Required">
            <L7p:SetVariable>
                <L7p:Base64Expression stringValue="dHJ1ZQ=="/>
                <L7p:VariableToSet stringValue="trafficlogger.select"/>
            </L7p:SetVariable>
            <L7p:SetVariable>
                <L7p:Base64Expression stringValue="YXBwbGljYXRpb24vanNvbjsgY2hhcnNldD1VVEYtOA=="/>
                <L7p:VariableToSet stringValue="content-type"/>
            </L7p:SetVariable>
            <L7p:ExportVariables>
                <L7p:ExportedVars stringArrayValue="included">
                    <L7p:item stringValue="content-type"/>
                    <L7p:item stringValue="error.code"/>
                    <L7p:item stringValue="error.msg"/>
                    <L7p:item stringValue="status"/>
                </L7p:ExportedVars>
            </L7p:ExportVariables>
            <L7p:CustomizeErrorResponse>
                <L7p:Content stringValue="${request.shared.error.msg}"/>
                <L7p:ContentType stringValue="${request.shared.content-type}"/>
                <L7p:ExtraHeaders nameValuePairArray="included">
                    <L7p:item nameValuePair="included">
                        <L7p:Key stringValue="Cache-Control"/>
                        <L7p:Value stringValue="no-store"/>
                    </L7p:item>
                    <L7p:item nameValuePair="included">
                        <L7p:Key stringValue="Pragma"/>
                        <L7p:Value stringValue="no-cache"/>
                    </L7p:item>
                </L7p:ExtraHeaders>
                <L7p:HttpStatus stringValue="${request.shared.status}"/>
            </L7p:CustomizeErrorResponse>
            <wsp:OneOrMore wsp:Usage="Required">
                <wsp:OneOrMore wsp:Usage="Required">
                    <L7p:ComparisonAssertion>
                        <L7p:Expression1 stringValue="${service.property.internal.portalAPIEnabled}"/>
                        <L7p:Expression2 stringValue=""/>
                        <L7p:ExpressionIsVariable booleanValue="false"/>
                        <L7p:Operator operator="EMPTY"/>
                        <L7p:Predicates predicates="included">
                            <L7p:item binary="included">
                                <L7p:Operator operator="EMPTY"/>
                                <L7p:RightValue stringValue=""/>
                            </L7p:item>
                        </L7p:Predicates>
                    </L7p:ComparisonAssertion>
                    <L7p:ComparisonAssertion>
                        <L7p:CaseSensitive booleanValue="false"/>
                        <L7p:Expression1 stringValue="${service.property.internal.portalAPIEnabled}"/>
                        <L7p:Expression2 stringValue="true"/>
                        <L7p:Predicates predicates="included">
                            <L7p:item binary="included">
                                <L7p:CaseSensitive booleanValue="false"/>
                                <L7p:RightValue stringValue="true"/>
                            </L7p:item>
                        </L7p:Predicates>
                    </L7p:ComparisonAssertion>
                </wsp:OneOrMore>
                <wsp:All wsp:Usage="Required">
                    <L7p:Encapsulated>
                        <L7p:EncapsulatedAssertionConfigGuid stringValue="1409a84b-fc4d-44bb-ab68-09828d556bad"/>
                        <L7p:EncapsulatedAssertionConfigName stringValue="SPAY Error Message"/>
                        <L7p:Parameters mapValue="included">
                            <L7p:entry>
                                <L7p:key stringValue="errorDetails"/>
                                <L7p:value stringValue=""/>
                            </L7p:entry>
                            <L7p:entry>
                                <L7p:key stringValue="errorLogs"/>
                                <L7p:value stringValue="Disabled by Portal"/>
                            </L7p:entry>
                            <L7p:entry>
                                <L7p:key stringValue="givenErrorCode"/>
                                <L7p:value stringValue="404"/>
                            </L7p:entry>
                            <L7p:entry>
                                <L7p:key stringValue="givenStatus"/>
                                <L7p:value stringValue=""/>
                            </L7p:entry>
                            <L7p:entry>
                                <L7p:key stringValue="prefix"/>
                                <L7p:value stringValue="GW"/>
                            </L7p:entry>
                        </L7p:Parameters>
                    </L7p:Encapsulated>
                    <L7p:FalseAssertion/>
                </wsp:All>
                <L7p:assertionComment>
                    <L7p:Properties mapValue="included">
                        <L7p:entry>
                            <L7p:key stringValue="LEFT.COMMENT"/>
                            <L7p:value stringValue="check portal state"/>
                        </L7p:entry>
                    </L7p:Properties>
                </L7p:assertionComment>
            </wsp:OneOrMore>
            <wsp:OneOrMore wsp:Usage="Required">
                <wsp:All wsp:Usage="Required">
                    <L7p:ComparisonAssertion>
                        <L7p:CaseSensitive booleanValue="false"/>
                        <L7p:Expression1 stringValue="https://${request.http.header.host}"/>
                        <L7p:ExpressionIsVariable booleanValue="false"/>
                        <L7p:Operator operatorNull="null"/>
                        <L7p:Predicates predicates="included">
                            <L7p:item dataType="included">
                                <L7p:Type variableDataType="string"/>
                            </L7p:item>
                            <L7p:item binary="included">
                                <L7p:RightValue stringValue="${request.http.header.origin}"/>
                            </L7p:item>
                        </L7p:Predicates>
                    </L7p:ComparisonAssertion>
                    <L7p:CORS>
                        <L7p:AcceptedMethods stringListValue="included">
                            <L7p:item stringValue="GET"/>
                            <L7p:item stringValue="PUT"/>
                            <L7p:item stringValue="POST"/>
                            <L7p:item stringValue="HEAD"/>
                            <L7p:item stringValue="DELETE"/>
                            <L7p:item stringValue="PATCH"/>
                            <L7p:item stringValue="OPTIONS"/>
                        </L7p:AcceptedMethods>
                        <L7p:AllowNonStandardMethods booleanValue="true"/>
                        <L7p:RequireCors booleanValue="false"/>
                    </L7p:CORS>
                </wsp:All>
                <L7p:CORS>
                    <L7p:AcceptedMethods stringListValue="included">
                        <L7p:item stringValue="GET"/>
                        <L7p:item stringValue="PUT"/>
                        <L7p:item stringValue="POST"/>
                        <L7p:item stringValue="HEAD"/>
                        <L7p:item stringValue="DELETE"/>
                        <L7p:item stringValue="PATCH"/>
                        <L7p:item stringValue="OPTIONS"/>
                    </L7p:AcceptedMethods>
                    <L7p:AcceptedOrigins stringListValue="included">
                        <L7p:item stringValue="http://sapipt.ssgpay.com"/>
                        <L7p:item stringValue="https://sapipt.ssgpay.com"/>
                    </L7p:AcceptedOrigins>
                    <L7p:AllowNonStandardMethods booleanValue="true"/>
                    <L7p:AssertionComment assertionComment="included">
                        <L7p:Properties mapValue="included">
                            <L7p:entry>
                                <L7p:key stringValue="RIGHT.COMMENT"/>
                                <L7p:value stringValue="// 허용 도메인"/>
                            </L7p:entry>
                        </L7p:Properties>
                    </L7p:AssertionComment>
                    <L7p:RequireCors booleanValue="false"/>
                </L7p:CORS>
                <L7p:CORS>
                    <L7p:AcceptedMethods stringListValue="included">
                        <L7p:item stringValue="GET"/>
                        <L7p:item stringValue="PUT"/>
                        <L7p:item stringValue="POST"/>
                        <L7p:item stringValue="HEAD"/>
                        <L7p:item stringValue="DELETE"/>
                        <L7p:item stringValue="PATCH"/>
                        <L7p:item stringValue="OPTIONS"/>
                    </L7p:AcceptedMethods>
                    <L7p:AllowNonStandardMethods booleanValue="true"/>
                    <L7p:AssertionComment assertionComment="included">
                        <L7p:Properties mapValue="included">
                            <L7p:entry>
                                <L7p:key stringValue="RIGHT.COMMENT"/>
                                <L7p:value stringValue="// 허용 도메인"/>
                            </L7p:entry>
                        </L7p:Properties>
                    </L7p:AssertionComment>
                    <L7p:Enabled booleanValue="false"/>
                    <L7p:RequireCors booleanValue="false"/>
                </L7p:CORS>
                <L7p:assertionComment>
                    <L7p:Properties mapValue="included">
                        <L7p:entry>
                            <L7p:key stringValue="LEFT.COMMENT"/>
                            <L7p:value stringValue="CORS"/>
                        </L7p:entry>
                    </L7p:Properties>
                </L7p:assertionComment>
            </wsp:OneOrMore>
            <L7p:AuditDetailAssertion>
                <L7p:Detail stringValueReference="inline"><![CDATA[[DEBUG] CORS=${cors.isCORS},Preflight=${cors.isPreflight}
${response.http.allheadervalues}]]></L7p:Detail>
            </L7p:AuditDetailAssertion>
            <L7p:ExportVariables>
                <L7p:ExportedVars stringArrayValue="included">
                    <L7p:item stringValue="content-type"/>
                    <L7p:item stringValue="cors.isCORS"/>
                    <L7p:item stringValue="cors.isPreflight"/>
                    <L7p:item stringValue="error.code"/>
                    <L7p:item stringValue="error.msg"/>
                    <L7p:item stringValue="status"/>
                </L7p:ExportedVars>
            </L7p:ExportVariables>
            <wsp:OneOrMore wsp:Usage="Required">
                <wsp:OneOrMore wsp:Usage="Required">
                    <L7p:ComparisonAssertion>
                        <L7p:CaseSensitive booleanValue="false"/>
                        <L7p:Expression1 stringValue="${cors.isCORS}"/>
                        <L7p:Operator operatorNull="null"/>
                        <L7p:Predicates predicates="included">
                            <L7p:item dataType="included">
                                <L7p:Type variableDataType="boolean"/>
                            </L7p:item>
                            <L7p:item binary="included">
                                <L7p:CaseSensitive booleanValue="false"/>
                                <L7p:RightValue stringValue="false"/>
                            </L7p:item>
                        </L7p:Predicates>
                    </L7p:ComparisonAssertion>
                    <L7p:ComparisonAssertion>
                        <L7p:CaseSensitive booleanValue="false"/>
                        <L7p:Expression1 stringValue="${cors.isPreflight}"/>
                        <L7p:Operator operatorNull="null"/>
                        <L7p:Predicates predicates="included">
                            <L7p:item dataType="included">
                                <L7p:Type variableDataType="boolean"/>
                            </L7p:item>
                            <L7p:item binary="included">
                                <L7p:CaseSensitive booleanValue="false"/>
                                <L7p:RightValue stringValue="false"/>
                            </L7p:item>
                        </L7p:Predicates>
                    </L7p:ComparisonAssertion>
                </wsp:OneOrMore>
                <wsp:All wsp:Usage="Required">
                    <L7p:SetVariable>
                        <L7p:AssertionComment assertionComment="included">
                            <L7p:Properties mapValue="included">
                                <L7p:entry>
                                    <L7p:key stringValue="RIGHT.COMMENT"/>
                                    <L7p:value stringValue="// OPTION 호출시 traffic logging 을 안함"/>
                                </L7p:entry>
                            </L7p:Properties>
                        </L7p:AssertionComment>
                        <L7p:Base64Expression stringValue="ZmFsc2U="/>
                        <L7p:VariableToSet stringValue="trafficlogger.select"/>
                    </L7p:SetVariable>
                    <L7p:CustomizeErrorResponse>
                        <L7p:AssertionComment assertionComment="included">
                            <L7p:Properties mapValue="included">
                                <L7p:entry>
                                    <L7p:key stringValue="RIGHT.COMMENT"/>
                                    <L7p:value stringValue="// return immediately with a 200 response"/>
                                </L7p:entry>
                            </L7p:Properties>
                        </L7p:AssertionComment>
                        <L7p:Content stringValue=""/>
                        <L7p:Enabled booleanValue="false"/>
                        <L7p:ExtraHeaders nameValuePairArray="included"/>
                        <L7p:HttpStatus stringValue="200"/>
                    </L7p:CustomizeErrorResponse>
                    <L7p:HardcodedResponse>
                        <L7p:ResponseContentType stringValue="text/plain; charset=UTF-8"/>
                    </L7p:HardcodedResponse>
                    <L7p:FalseAssertion>
                        <L7p:Enabled booleanValue="false"/>
                    </L7p:FalseAssertion>
                    <L7p:assertionComment>
                        <L7p:Properties mapValue="included">
                            <L7p:entry>
                                <L7p:key stringValue="RIGHT.COMMENT"/>
                                <L7p:value stringValue="// is cors preflight request"/>
                            </L7p:entry>
                        </L7p:Properties>
                    </L7p:assertionComment>
                </wsp:All>
                <L7p:assertionComment>
                    <L7p:Properties mapValue="included">
                        <L7p:entry>
                            <L7p:key stringValue="RIGHT.COMMENT"/>
                            <L7p:value stringValue="//process cors result if any"/>
                        </L7p:entry>
                    </L7p:Properties>
                </L7p:assertionComment>
            </wsp:OneOrMore>
        </wsp:All>
    </wsp:Policy>
</exp:Export>
