<?xml version="1.0" encoding="UTF-8" standalone="no"?>
<databaseChangeLog
        xmlns:xsi="http://www.w3.org/2001/XMLSchema-instance"
        xmlns="http://www.liquibase.org/xml/ns/dbchangelog"
        xsi:schemaLocation="http://www.liquibase.org/xml/ns/dbchangelog
                      http://www.liquibase.org/xml/ns/dbchangelog/dbchangelog-3.1.xsd"
        logicalFilePath="doesntmatter">
  <changeSet author="chemi11" id="api-table-add-columns-from-api-tenant-gateway">
    <addColumn tableName="API">
      <column name="API_LOCATION_URL" type="java.sql.Types.VARCHAR(255)"/>
    </addColumn>
    <addColumn tableName="API">
      <column name="SSG_SERVICE_TYPE" type="java.sql.Types.VARCHAR(20)"/>
    </addColumn>
    <rollback>
      <dropColumn tableName="API" columnName="API_LOCATION_URL"/>
      <dropColumn tableName="API" columnName="SSG_SERVICE_TYPE"/>
    </rollback>
  </changeSet>
  <!-- Only run this on mysql, as postgres has not been officially launched,
  so there is expected to be no existing data to migrate -->
  <changeSet author="chemi11" id="api-table-populate-ssg-service-type-api-location-url-column" dbms="mysql">
    <sql>
      UPDATE API api
      LEFT JOIN API_TENANT_GATEWAY atg on
          api.UUID = atg.API_UUID
      SET
          api.API_LOCATION_URL = atg.API_LOCATION_URL,
          api.SSG_SERVICE_TYPE = atg.SSG_SERVICE_TYPE
    </sql>
  </changeSet>
</databaseChangeLog>
